#      energy (eV)      DOS (tetra.)      DOS (gauss.)
    -13.6058030250      0.0000000000      0.0000000000
    -13.5949183826      0.0000000000      0.0000000000
    -13.5840337402      0.0000000000      0.0000000000
    -13.5731490977      0.0000000000      0.0000000000
    -13.5622644553      0.0000000000      0.0000000000
    -13.5513798129      0.0000000000      0.0000000000
    -13.5404951705      0.0000000000      0.0000000000
    -13.5296105281      0.0000000000      0.0000000000
    -13.5187258856      0.0000000000      0.0000000000
    -13.5078412432      0.0000000000      0.0000000000
    -13.4969566008      0.0000000000      0.0000000000
    -13.4860719584      0.0000000000      0.0000000000
    -13.4751873160      0.0000000000      0.0000000000
    -13.4643026735      0.0000000000      0.0000000000
    -13.4534180311      0.0000000000      0.0000000000
    -13.4425333887      0.0000000000      0.0000000000
    -13.4316487463      0.0000000000      0.0000000000
    -13.4207641039      0.0000000000      0.0000000000
    -13.4098794614      0.0000000000      0.0000000000
    -13.3989948190      0.0000000000      0.0000000000
    -13.3881101766      0.0000000000      0.0000000000
    -13.3772255342      0.0000000000      0.0000000000
    -13.3663408918      0.0000000000      0.0000000000
    -13.3554562493      0.0000000000      0.0000000000
    -13.3445716069      0.0000000000      0.0000000000
    -13.3336869645      0.0000000000      0.0000000000
    -13.3228023221      0.0000000000      0.0000000000
    -13.3119176797      0.0000000000      0.0000000000
    -13.3010330372      0.0000000000      0.0000000000
    -13.2901483948      0.0000000000      0.0000000000
    -13.2792637524      0.0000000000      0.0000000000
    -13.2683791100      0.0000000000      0.0000000000
    -13.2574944676      0.0000000000      0.0000000000
    -13.2466098251      0.0000000000      0.0000000000
    -13.2357251827      0.0000000000      0.0000000000
    -13.2248405403      0.0000000000      0.0000000000
    -13.2139558979      0.0000000000      0.0000000000
    -13.2030712555      0.0000000000      0.0000000000
    -13.1921866130      0.0000000000      0.0000000000
    -13.1813019706      0.0000000000      0.0000000000
    -13.1704173282      0.0000000000      0.0000000000
    -13.1595326858      0.0000000000      0.0000000000
    -13.1486480434      0.0000000000      0.0000000000
    -13.1377634009      0.0000000000      0.0000000000
    -13.1268787585      0.0000000000      0.0000000000
    -13.1159941161      0.0000000000      0.0000000000
    -13.1051094737      0.0000000000      0.0000000000
    -13.0942248313      0.0000000000      0.0000000000
    -13.0833401888      0.0000000000      0.0000000000
    -13.0724555464      0.0000000000      0.0000000000
    -13.0615709040      0.0000000000      0.0000000000
    -13.0506862616      0.0000000000      0.0000000000
    -13.0398016192      0.0000000000      0.0000000000
    -13.0289169767      0.0000000000      0.0000000000
    -13.0180323343      0.0000000000      0.0000000000
    -13.0071476919      0.0000000000      0.0000000000
    -12.9962630495      0.0000000000      0.0000000000
    -12.9853784071      0.0000000000      0.0000000000
    -12.9744937646      0.0000000000      0.0000000000
    -12.9636091222      0.0000000000      0.0000000000
    -12.9527244798      0.0000000000      0.0000000000
    -12.9418398374      0.0000000000      0.0000000000
    -12.9309551950      0.0000000000      0.0000000000
    -12.9200705525      0.0000000000      0.0000000000
    -12.9091859101      0.0000000000      0.0000000000
    -12.8983012677      0.0000000000      0.0000000000
    -12.8874166253      0.0000000000      0.0000000000
    -12.8765319829      0.0000000000      0.0000000000
    -12.8656473404      0.0000000000      0.0000000000
    -12.8547626980      0.0000000000      0.0000000000
    -12.8438780556      0.0000000000      0.0000000000
    -12.8329934132      0.0000000000      0.0000000000
    -12.8221087708      0.0000000000      0.0000000000
    -12.8112241283      0.0000000000      0.0000000000
    -12.8003394859      0.0000000000      0.0000000000
    -12.7894548435      0.0000000000      0.0000000000
    -12.7785702011      0.0000000000      0.0000000000
    -12.7676855587      0.0000000000      0.0000000000
    -12.7568009162      0.0000000000      0.0000000000
    -12.7459162738      0.0000000000      0.0000000000
    -12.7350316314      0.0000000000      0.0000000000
    -12.7241469890      0.0000000000      0.0000000000
    -12.7132623466      0.0000000000      0.0000000000
    -12.7023777041      0.0000000000      0.0000000000
    -12.6914930617      0.0000000000      0.0000000000
    -12.6806084193      0.0000000000      0.0000000000
    -12.6697237769      0.0000000000      0.0000000000
    -12.6588391345      0.0000000000      0.0000000000
    -12.6479544920      0.0000000000      0.0000000000
    -12.6370698496      0.0000000000      0.0000000000
    -12.6261852072      0.0000000000      0.0000000000
    -12.6153005648      0.0000000000      0.0000000000
    -12.6044159224      0.0000000000      0.0000000000
    -12.5935312799      0.0000000000      0.0000000000
    -12.5826466375      0.0000000000      0.0000000000
    -12.5717619951      0.0000000000      0.0000000000
    -12.5608773527      0.0000000000      0.0000000000
    -12.5499927103      0.0000000000      0.0000000000
    -12.5391080678      0.0000000000      0.0000000000
    -12.5282234254      0.0000000000      0.0000000000
    -12.5173387830      0.0000000000      0.0000000000
    -12.5064541406      0.0000000000      0.0000000000
    -12.4955694982      0.0000000000      0.0000000000
    -12.4846848557      0.0000000000      0.0000000000
    -12.4738002133      0.0000000000      0.0000000000
    -12.4629155709      0.0000000000      0.0000000000
    -12.4520309285      0.0000000000      0.0000000000
    -12.4411462861      0.0000000000      0.0000000000
    -12.4302616436      0.0000000000      0.0000000000
    -12.4193770012      0.0000000000      0.0000000000
    -12.4084923588      0.0000000000      0.0000000000
    -12.3976077164      0.0000000000      0.0000000000
    -12.3867230740      0.0000000000      0.0000000000
    -12.3758384315      0.0000000000      0.0000000000
    -12.3649537891      0.0000000000      0.0000000000
    -12.3540691467      0.0000000000      0.0000000000
    -12.3431845043      0.0000000000      0.0000000000
    -12.3322998619      0.0000000000      0.0000000000
    -12.3214152194      0.0000000000      0.0000000000
    -12.3105305770      0.0000000000      0.0000000000
    -12.2996459346      0.0000000000      0.0000000000
    -12.2887612922      0.0000000000      0.0000000000
    -12.2778766498      0.0000000000      0.0000000000
    -12.2669920073      0.0000000000      0.0000000000
    -12.2561073649      0.0000000000      0.0000000000
    -12.2452227225      0.0000000000      0.0000000000
    -12.2343380801      0.0000000000      0.0000000000
    -12.2234534377      0.0000000000      0.0000000000
    -12.2125687952      0.0000000000      0.0000000000
    -12.2016841528      0.0000000000      0.0000000000
    -12.1907995104      0.0000000000      0.0000000000
    -12.1799148680      0.0000000000      0.0000000000
    -12.1690302256      0.0000000000      0.0000000000
    -12.1581455831      0.0000000000      0.0000000000
    -12.1472609407      0.0000000000      0.0000000000
    -12.1363762983      0.0000000000      0.0000000000
    -12.1254916559      0.0000000000      0.0000000000
    -12.1146070135      0.0000000000      0.0000000000
    -12.1037223710      0.0000000000      0.0000000000
    -12.0928377286      0.0000000000      0.0000000000
    -12.0819530862      0.0000000000      0.0000000000
    -12.0710684438      0.0000000000      0.0000000000
    -12.0601838014      0.0000000000      0.0000000000
    -12.0492991589      0.0000000000      0.0000000000
    -12.0384145165      0.0000000000      0.0000000000
    -12.0275298741      0.0000000000      0.0000000000
    -12.0166452317      0.0000000000      0.0000000000
    -12.0057605893      0.0000000000      0.0000000000
    -11.9948759468      0.0000000000      0.0000000000
    -11.9839913044      0.0000000000      0.0000000000
    -11.9731066620      0.0000000000      0.0000000000
    -11.9622220196      0.0000000000      0.0000000000
    -11.9513373772      0.0000000000      0.0000000000
    -11.9404527347      0.0000000000      0.0000000000
    -11.9295680923      0.0000000000      0.0000000000
    -11.9186834499      0.0000000000      0.0000000000
    -11.9077988075      0.0000000000      0.0000000000
    -11.8969141651      0.0000000000      0.0000000000
    -11.8860295226      0.0000000000      0.0000000000
    -11.8751448802      0.0000000000      0.0000000000
    -11.8642602378      0.0000000000      0.0000000000
    -11.8533755954      0.0000000000      0.0000000000
    -11.8424909530      0.0000000000      0.0000000000
    -11.8316063105      0.0000000000      0.0000000000
    -11.8207216681      0.0000000000      0.0000000000
    -11.8098370257      0.0000000000      0.0000000000
    -11.7989523833      0.0000000000      0.0000000000
    -11.7880677409      0.0000000000      0.0000000000
    -11.7771830984      0.0000000000      0.0000000000
    -11.7662984560      0.0000000000      0.0000000000
    -11.7554138136      0.0000000000      0.0000000000
    -11.7445291712      0.0000000000      0.0000000000
    -11.7336445288      0.0000000000      0.0000000000
    -11.7227598863      0.0000000000      0.0000000000
    -11.7118752439      0.0000000000      0.0000000000
    -11.7009906015      0.0000000000      0.0000000000
    -11.6901059591      0.0000000000      0.0000000000
    -11.6792213167      0.0000000000      0.0000000000
    -11.6683366742      0.0000000000      0.0000000000
    -11.6574520318      0.0000000000      0.0000000000
    -11.6465673894      0.0000000000      0.0000000000
    -11.6356827470      0.0000000000      0.0000000000
    -11.6247981046      0.0000000000      0.0000000000
    -11.6139134621      0.0000000000      0.0000000000
    -11.6030288197      0.0000000000      0.0000000000
    -11.5921441773      0.0000000000      0.0000000000
    -11.5812595349      0.0000000000      0.0000000000
    -11.5703748925      0.0000000000      0.0000000000
    -11.5594902500      0.0000000000      0.0000000000
    -11.5486056076      0.0000000000      0.0000000000
    -11.5377209652      0.0000000000      0.0000000000
    -11.5268363228      0.0000000000      0.0000000000
    -11.5159516804      0.0000000000      0.0000000000
    -11.5050670379      0.0000000000      0.0000000000
    -11.4941823955      0.0000000000      0.0000000000
    -11.4832977531      0.0000000000      0.0000000000
    -11.4724131107      0.0000000000      0.0000000000
    -11.4615284683      0.0000000000      0.0000000000
    -11.4506438258      0.0000000000      0.0000000000
    -11.4397591834      0.0000000000      0.0000000000
    -11.4288745410      0.0000000000      0.0000000000
    -11.4179898986      0.0000000000      0.0000000000
    -11.4071052562      0.0000000000      0.0000000000
    -11.3962206137      0.0000000000      0.0000000000
    -11.3853359713      0.0000000000      0.0000000000
    -11.3744513289      0.0000000000      0.0000000000
    -11.3635666865      0.0000000000      0.0000000000
    -11.3526820441      0.0000000000      0.0000000000
    -11.3417974016      0.0000000000      0.0000000000
    -11.3309127592      0.0000000000      0.0000000000
    -11.3200281168      0.0000000000      0.0000000000
    -11.3091434744      0.0000000000      0.0000000000
    -11.2982588320      0.0000000000      0.0000000000
    -11.2873741895      0.0000000000      0.0000000000
    -11.2764895471      0.0000000000      0.0000000000
    -11.2656049047      0.0000000000      0.0000000000
    -11.2547202623      0.0000000000      0.0000000000
    -11.2438356199      0.0000000000      0.0000000000
    -11.2329509774      0.0000000000      0.0000000000
    -11.2220663350      0.0000000000      0.0000000000
    -11.2111816926      0.0000000000      0.0000000000
    -11.2002970502      0.0000000000      0.0000000000
    -11.1894124078      0.0000000000      0.0000000000
    -11.1785277653      0.0000000000      0.0000000000
    -11.1676431229      0.0000000000      0.0000000000
    -11.1567584805      0.0000000000      0.0000000000
    -11.1458738381      0.0000000000      0.0000000000
    -11.1349891957      0.0000000000      0.0000000000
    -11.1241045532      0.0000000000      0.0000000000
    -11.1132199108      0.0000000000      0.0000000000
    -11.1023352684      0.0000000000      0.0000000000
    -11.0914506260      0.0000000000      0.0000000000
    -11.0805659836      0.0000000000      0.0000000000
    -11.0696813411      0.0000000000      0.0000000000
    -11.0587966987      0.0000000000      0.0000000000
    -11.0479120563      0.0000000000      0.0000000000
    -11.0370274139      0.0000000000      0.0000000000
    -11.0261427715      0.0000000000      0.0000000000
    -11.0152581290      0.0000000000      0.0000000000
    -11.0043734866      0.0000000000      0.0000000000
    -10.9934888442      0.0000000000      0.0000000000
    -10.9826042018      0.0000000000      0.0000000000
    -10.9717195594      0.0000000000      0.0000000000
    -10.9608349169      0.0000000000      0.0000000000
    -10.9499502745      0.0000000000      0.0000000000
    -10.9390656321      0.0000000000      0.0000000000
    -10.9281809897      0.0000000000      0.0000000000
    -10.9172963473      0.0000000000      0.0000000000
    -10.9064117048      0.0000000000      0.0000000000
    -10.8955270624      0.0000000000      0.0000000000
    -10.8846424200      0.0000000000      0.0000000000
    -10.8737577776      0.0000000000      0.0000000000
    -10.8628731352      0.0000000000      0.0000000000
    -10.8519884927      0.0000000000      0.0000000000
    -10.8411038503      0.0000000000      0.0000000000
    -10.8302192079      0.0000000000      0.0000000000
    -10.8193345655      0.0000000000      0.0000000000
    -10.8084499231      0.0000000000      0.0000000000
    -10.7975652806      0.0000000000      0.0000000000
    -10.7866806382      0.0000000000      0.0000000000
    -10.7757959958      0.0000000000      0.0000000000
    -10.7649113534      0.0000000000      0.0000000000
    -10.7540267110      0.0000000000      0.0000000000
    -10.7431420685      0.0000000000      0.0000000000
    -10.7322574261      0.0000000000      0.0000000000
    -10.7213727837      0.0000000000      0.0000000000
    -10.7104881413      0.0000000000      0.0000000000
    -10.6996034989      0.0000000000      0.0000000000
    -10.6887188564      0.0000000000      0.0000000000
    -10.6778342140      0.0000000000      0.0000000000
    -10.6669495716      0.0000000000      0.0000000000
    -10.6560649292      0.0000000000      0.0000000000
    -10.6451802868      0.0000000000      0.0000000000
    -10.6342956443      0.0000000000      0.0000000000
    -10.6234110019      0.0000000000      0.0000000000
    -10.6125263595      0.0000000000      0.0000000000
    -10.6016417171      0.0000000000      0.0000000000
    -10.5907570747      0.0000000000      0.0000000000
    -10.5798724322      0.0000000000      0.0000000000
    -10.5689877898      0.0000000000      0.0000000000
    -10.5581031474      0.0000000000      0.0000000000
    -10.5472185050      0.0000000000      0.0000000000
    -10.5363338626      0.0000000000      0.0000000000
    -10.5254492201      0.0000000000      0.0000000000
    -10.5145645777      0.0000000000      0.0000000000
    -10.5036799353      0.0000000000      0.0000000000
    -10.4927952929      0.0000000000      0.0000000000
    -10.4819106505      0.0000000000      0.0000000000
    -10.4710260080      0.0000000000      0.0000000000
    -10.4601413656      0.0000000000      0.0000000000
    -10.4492567232      0.0000000000      0.0000000000
    -10.4383720808      0.0000000000      0.0000000000
    -10.4274874384      0.0000000000      0.0000000000
    -10.4166027959      0.0000000000      0.0000000000
    -10.4057181535      0.0000000000      0.0000000000
    -10.3948335111      0.0000000000      0.0000000000
    -10.3839488687      0.0000000000      0.0000000000
    -10.3730642263      0.0000000000      0.0000000000
    -10.3621795838      0.0000000000      0.0000000000
    -10.3512949414      0.0000000000      0.0000000000
    -10.3404102990      0.0000000000      0.0000000000
    -10.3295256566      0.0000000000      0.0000000000
    -10.3186410142      0.0000000000      0.0000000000
    -10.3077563717      0.0000000000      0.0000000000
    -10.2968717293      0.0000000000      0.0000000000
    -10.2859870869      0.0000000000      0.0000000000
    -10.2751024445      0.0000000000      0.0000000000
    -10.2642178021      0.0000000000      0.0000000000
    -10.2533331596      0.0000000000      0.0000000000
    -10.2424485172      0.0000000000      0.0000000000
    -10.2315638748      0.0000000000      0.0000000000
    -10.2206792324      0.0000000000      0.0000000000
    -10.2097945900      0.0000000000      0.0000000000
    -10.1989099475      0.0000000000      0.0000000000
    -10.1880253051      0.0000000000      0.0000000000
    -10.1771406627      0.0000000000      0.0000000000
    -10.1662560203      0.0000000000      0.0000000000
    -10.1553713779      0.0000000000      0.0000000000
    -10.1444867354      0.0000000000      0.0000000000
    -10.1336020930      0.0000000000      0.0000000000
    -10.1227174506      0.0000000000      0.0000000000
    -10.1118328082      0.0000000000      0.0000000000
    -10.1009481658      0.0000000000      0.0000000000
    -10.0900635233      0.0000000000      0.0000000000
    -10.0791788809      0.0000000000      0.0000000000
    -10.0682942385      0.0000000000      0.0000000000
    -10.0574095961      0.0000000000      0.0000000000
    -10.0465249537      0.0000000000      0.0000000000
    -10.0356403112      0.0000000000      0.0000000000
    -10.0247556688      0.0000000000      0.0000000000
    -10.0138710264      0.0000000000      0.0000000000
    -10.0029863840      0.0000000000      0.0000000000
     -9.9921017416      0.0000000000      0.0000000000
     -9.9812170991      0.0000000000      0.0000000000
     -9.9703324567      0.0000000000      0.0000000000
     -9.9594478143      0.0000000000      0.0000000000
     -9.9485631719      0.0000000000      0.0000000000
     -9.9376785295      0.0000000000      0.0000000000
     -9.9267938870      0.0000000000      0.0000000000
     -9.9159092446      0.0000000000      0.0000000000
     -9.9050246022      0.0000000000      0.0000000000
     -9.8941399598      0.0000000000      0.0000000000
     -9.8832553174      0.0000000000      0.0000000000
     -9.8723706749      0.0000000000      0.0000000000
     -9.8614860325      0.0000000000      0.0000000000
     -9.8506013901      0.0000000000      0.0000000000
     -9.8397167477      0.0000000000      0.0000000000
     -9.8288321053      0.0000000000      0.0000000000
     -9.8179474628      0.0000000000      0.0000000000
     -9.8070628204      0.0000000000      0.0000000000
     -9.7961781780      0.0000000000      0.0000000000
     -9.7852935356      0.0000000000      0.0000000000
     -9.7744088932      0.0000000000      0.0000000000
     -9.7635242507      0.0000000000      0.0000000000
     -9.7526396083      0.0000000000      0.0000000000
     -9.7417549659      0.0000000000      0.0000000000
     -9.7308703235      0.0000000000      0.0000000000
     -9.7199856811      0.0000000000      0.0000000000
     -9.7091010386      0.0000000000      0.0000000000
     -9.6982163962      0.0000000000      0.0000000000
     -9.6873317538      0.0000000000      0.0000000000
     -9.6764471114      0.0000000000      0.0000000000
     -9.6655624690      0.0000000000      0.0000000000
     -9.6546778265      0.0000000000      0.0000000000
     -9.6437931841      0.0000000000      0.0000000000
     -9.6329085417      0.0000000000      0.0000000000
     -9.6220238993      0.0000000000      0.0000000000
     -9.6111392569      0.0000000000      0.0000000000
     -9.6002546144      0.0000000000      0.0000000000
     -9.5893699720      0.0000000000      0.0000000000
     -9.5784853296      0.0000000000      0.0000000000
     -9.5676006872      0.0000000000      0.0000000000
     -9.5567160448      0.0000000000      0.0000000000
     -9.5458314023      0.0000000000      0.0000000000
     -9.5349467599      0.0000000000      0.0000000000
     -9.5240621175      0.0000000000      0.0000000000
     -9.5131774751      0.0000000000      0.0000000000
     -9.5022928327      0.0000000000      0.0000000000
     -9.4914081902      0.0000000000      0.0000000000
     -9.4805235478      0.0000000000      0.0000000000
     -9.4696389054      0.0000000000      0.0000000000
     -9.4587542630      0.0000000000      0.0000000000
     -9.4478696206      0.0000000000      0.0000000000
     -9.4369849781      0.0000000000      0.0000000000
     -9.4261003357      0.0000000000      0.0000000000
     -9.4152156933      0.0000000000      0.0000000000
     -9.4043310509      0.0000000000      0.0000000000
     -9.3934464085      0.0000000000      0.0000000000
     -9.3825617660      0.0000000000      0.0000000000
     -9.3716771236      0.0000000000      0.0000000000
     -9.3607924812      0.0000000000      0.0000000000
     -9.3499078388      0.0000000000      0.0000000000
     -9.3390231964      0.0000000000      0.0000000000
     -9.3281385539      0.0000000000      0.0000000000
     -9.3172539115      0.0000000000      0.0000000000
     -9.3063692691      0.0000000000      0.0000000000
     -9.2954846267      0.0000000000      0.0000000000
     -9.2845999843      0.0000000000      0.0000000000
     -9.2737153418      0.0000000000      0.0000000000
     -9.2628306994      0.0000000000      0.0000000000
     -9.2519460570      0.0000000000      0.0000000000
     -9.2410614146      0.0000000000      0.0000000000
     -9.2301767722      0.0000000000      0.0000000000
     -9.2192921297      0.0000000000      0.0000000000
     -9.2084074873      0.0000000000      0.0000000000
     -9.1975228449      0.0000000000      0.0000000000
     -9.1866382025      0.0000000000      0.0000000000
     -9.1757535601      0.0000000000      0.0000000000
     -9.1648689176      0.0000000000      0.0000000000
     -9.1539842752      0.0000000000      0.0000000000
     -9.1430996328      0.0000000000      0.0000000000
     -9.1322149904      0.0000000000      0.0000000000
     -9.1213303480      0.0000000000      0.0000000000
     -9.1104457055      0.0000000000      0.0000000000
     -9.0995610631      0.0000000000      0.0000000000
     -9.0886764207      0.0000000000      0.0000000000
     -9.0777917783      0.0000000000      0.0000000000
     -9.0669071359      0.0000000000      0.0000000000
     -9.0560224934      0.0000000000      0.0000000000
     -9.0451378510      0.0000000000      0.0000000000
     -9.0342532086      0.0000000000      0.0000000000
     -9.0233685662      0.0000000000      0.0000000000
     -9.0124839238      0.0000000000      0.0000000000
     -9.0015992813      0.0000000000      0.0000000000
     -8.9907146389      0.0000000000      0.0000000000
     -8.9798299965      0.0000000000      0.0000000000
     -8.9689453541      0.0000000000      0.0000000000
     -8.9580607117      0.0000000000      0.0000000000
     -8.9471760692      0.0000000000      0.0000000000
     -8.9362914268      0.0000000000      0.0000000000
     -8.9254067844      0.0000000000      0.0000000000
     -8.9145221420      0.0000000000      0.0000000000
     -8.9036374996      0.0000000000      0.0000000000
     -8.8927528571      0.0000000000      0.0000000001
     -8.8818682147      0.0000000000      0.0000000001
     -8.8709835723      0.0000000000      0.0000000001
     -8.8600989299      0.0000000000      0.0000000002
     -8.8492142875      0.0000000000      0.0000000002
     -8.8383296450      0.0000000000      0.0000000003
     -8.8274450026      0.0000000000      0.0000000004
     -8.8165603602      0.0000000000      0.0000000006
     -8.8056757178      0.0000000000      0.0000000008
     -8.7947910754      0.0000000000      0.0000000010
     -8.7839064329      0.0000000000      0.0000000014
     -8.7730217905      0.0000000000      0.0000000019
     -8.7621371481      0.0000000000      0.0000000025
     -8.7512525057      0.0000000000      0.0000000033
     -8.7403678633      0.0000000000      0.0000000044
     -8.7294832208      0.0000000000      0.0000000059
     -8.7185985784      0.0000000000      0.0000000078
     -8.7077139360      0.0000000000      0.0000000102
     -8.6968292936      0.0000000000      0.0000000135
     -8.6859446512      0.0000000000      0.0000000176
     -8.6750600087      0.0000000000      0.0000000231
     -8.6641753663      0.0000000000      0.0000000301
     -8.6532907239      0.0000000000      0.0000000391
     -8.6424060815      0.0000000000      0.0000000506
     -8.6315214391      0.0000000000      0.0000000653
     -8.6206367966      0.0000000000      0.0000000841
     -8.6097521542      0.0000000000      0.0000001079
     -8.5988675118      0.0000000000      0.0000001381
     -8.5879828694      0.0000000000      0.0000001762
     -8.5770982270      0.0000000000      0.0000002241
     -8.5662135845      0.0000000000      0.0000002841
     -8.5553289421      0.0000000000      0.0000003592
     -8.5444442997      0.0000000000      0.0000004527
     -8.5335596573      0.0000000000      0.0000005689
     -8.5226750149      0.0000000000      0.0000007127
     -8.5117903724      0.0000000000      0.0000008904
     -8.5009057300      0.0000000000      0.0000011090
     -8.4900210876      0.0000000000      0.0000013772
     -8.4791364452      0.0000000000      0.0000017053
     -8.4682518028      0.0000000000      0.0000021055
     -8.4573671603      0.0000000000      0.0000025920
     -8.4464825179      0.0000000000      0.0000031817
     -8.4355978755      0.0000000000      0.0000038944
     -8.4247132331      0.0000000000      0.0000047531
     -8.4138285907      0.0000000000      0.0000057848
     -8.4029439482      0.0000000000      0.0000070205
     -8.3920593058      0.0000000000      0.0000084962
     -8.3811746634      0.0000000000      0.0000102536
     -8.3702900210      0.0000000000      0.0000123401
     -8.3594053786      0.0000000000      0.0000148104
     -8.3485207361      0.0000000000      0.0000177266
     -8.3376360937      0.0000000000      0.0000211594
     -8.3267514513      0.0000000000      0.0000251890
     -8.3158668089      0.0000000000      0.0000299058
     -8.3049821665      0.0000000000      0.0000354116
     -8.2940975240      0.0000000000      0.0000418207
     -8.2832128816      0.0000000000      0.0000492607
     -8.2723282392      0.0000000000      0.0000578741
     -8.2614435968      0.0000000000      0.0000678191
     -8.2505589544      0.0000000000      0.0000792706
     -8.2396743119      0.0000000000      0.0000924220
     -8.2287896695      0.0000000000      0.0001074860
     -8.2179050271      0.0000000000      0.0001246958
     -8.2070203847      0.0000000000      0.0001443060
     -8.1961357423      0.0000000000      0.0001665944
     -8.1852510998      0.0000000000      0.0001918625
     -8.1743664574      0.0000000000      0.0002204364
     -8.1634818150      0.0000000000      0.0002526682
     -8.1525971726      0.0000000000      0.0002889361
     -8.1417125302      0.0000000000      0.0003296454
     -8.1308278877      0.0000000000      0.0003752290
     -8.1199432453      0.0000000000      0.0004261474
     -8.1090586029      0.0000000000      0.0004828887
     -8.0981739605      0.0000000000      0.0005459686
     -8.0872893181      0.0000000000      0.0006159298
     -8.0764046756      0.0000000000      0.0006933411
     -8.0655200332      0.0000000000      0.0007787965
     -8.0546353908      0.0000000000      0.0008729136
     -8.0437507484      0.0000000000      0.0009763318
     -8.0328661060      0.0000000000      0.0010897100
     -8.0219814635      0.0000000000      0.0012137242
     -8.0110968211      0.0000000000      0.0013490640
     -8.0002121787      0.0000000000      0.0014964295
     -7.9893275363      0.0000000000      0.0016565273
     -7.9784428939      0.0000000000      0.0018300657
     -7.9675582514      0.0000000000      0.0020177504
     -7.9566736090      0.0000000000      0.0022202786
     -7.9457889666      0.0000000000      0.0024383340
     -7.9349043242      0.0000000000      0.0026725799
     -7.9240196818      0.0000000000      0.0029236532
     -7.9131350393      0.0000000000      0.0031921573
     -7.9022503969      0.0000000000      0.0034786552
     -7.8913657545      0.0000000000      0.0037836620
     -7.8804811121      0.0000000000      0.0041076371
     -7.8695964697      0.0000000000      0.0044509772
     -7.8587118272      0.0000000000      0.0048140078
     -7.8478271848      0.0000000000      0.0051969760
     -7.8369425424      0.0000000000      0.0056000430
     -7.8260579000      0.0000000000      0.0060232766
     -7.8151732576      0.0000000000      0.0064666445
     -7.8042886151      0.0000000000      0.0069300074
     -7.7934039727      0.0000000000      0.0074131132
     -7.7825193303      0.0000000000      0.0079155915
     -7.7716346879      0.0000091076      0.0084369492
     -7.7607500455      0.0000925595      0.0089765663
     -7.7498654030      0.0002632080      0.0095336935
     -7.7389807606      0.0005210531      0.0101074501
     -7.7280961182      0.0008660948      0.0106968232
     -7.7172114758      0.0012983331      0.0113006687
     -7.7063268334      0.0018177680      0.0119177132
     -7.6954421909      0.0024243996      0.0125465568
     -7.6845575485      0.0031182277      0.0131856786
     -7.6736729061      0.0038992524      0.0138334425
     -7.6627882637      0.0047674738      0.0144881054
     -7.6519036213      0.0057228918      0.0151478268
     -7.6410189788      0.0067655064      0.0158106795
     -7.6301343364      0.0078953176      0.0164746628
     -7.6192496940      0.0091123254      0.0171377164
     -7.6083650516      0.0104165298      0.0177977366
     -7.5974804092      0.0118079308      0.0184525934
     -7.5865957667      0.0132714068      0.0191001492
     -7.5757111243      0.0146777835      0.0197382784
     -7.5648264819      0.0159984675      0.0203648886
     -7.5539418395      0.0172334585      0.0209779426
     -7.5430571971      0.0183827568      0.0215754803
     -7.5321725546      0.0194463622      0.0221556422
     -7.5212879122      0.0204242748      0.0227166924
     -7.5104032698      0.0213164945      0.0232570417
     -7.4995186274      0.0221230214      0.0237752704
     -7.4886339850      0.0228438554      0.0242701503
     -7.4777493425      0.0234789967      0.0247406661
     -7.4668647001      0.0240284450      0.0251860349
     -7.4559800577      0.0244922006      0.0256057247
     -7.4450954153      0.0248702633      0.0259994708
     -7.4342107729      0.0251626332      0.0263672894
     -7.4233261304      0.0253693102      0.0267094899
     -7.4124414880      0.0254902944      0.0270266828
     -7.4015568456      0.0255406666      0.0273197861
     -7.3906722032      0.0256072162      0.0275900275
     -7.3797875608      0.0257032743      0.0278389431
     -7.3689029183      0.0258288408      0.0280683731
     -7.3580182759      0.0259839157      0.0282804528
     -7.3471336335      0.0261684991      0.0284776008
     -7.3362489911      0.0263825910      0.0286625026
     -7.3253643487      0.0266261913      0.0288380906
     -7.3144797062      0.0268993000      0.0290075200
     -7.3035950638      0.0272019172      0.0291741413
     -7.2927104214      0.0275340429      0.0293414691
     -7.2818257790      0.0278956769      0.0295131477
     -7.2709411366      0.0282868195      0.0296929129
     -7.2600564941      0.0287074704      0.0298845520
     -7.2491718517      0.0291576299      0.0300918602
     -7.2382872093      0.0296372977      0.0303185959
     -7.2274025669      0.0301464740      0.0305684336
     -7.2165179245      0.0306778918      0.0308449162
     -7.2056332820      0.0312138379      0.0311514059
     -7.1947486396      0.0317535120      0.0314910359
     -7.1838639972      0.0322969142      0.0318666622
     -7.1729793548      0.0328440445      0.0322808164
     -7.1620947124      0.0333949028      0.0327356605
     -7.1512100699      0.0339494892      0.0332329443
     -7.1403254275      0.0345078037      0.0337739657
     -7.1294407851      0.0350698462      0.0343595349
     -7.1185561427      0.0356356168      0.0349899428
     -7.1076715003      0.0362051154      0.0356649351
     -7.0967868578      0.0367783422      0.0363836914
     -7.0859022154      0.0373552969      0.0371448109
     -7.0750175730      0.0379359798      0.0379463040
     -7.0641329306      0.0385203907      0.0387855924
     -7.0532482882      0.0391085297      0.0396595147
     -7.0423636457      0.0396889104      0.0405643411
     -7.0314790033      0.0402396831      0.0414957950
     -7.0205943609      0.0407603211      0.0424490821
     -7.0097097185      0.0412508245      0.0434189277
     -6.9988250761      0.0417111931      0.0443996213
     -6.9879404336      0.0421414272      0.0453850671
     -6.9770557912      0.0425415265      0.0463688430
     -6.9661711488      0.0429114913      0.0473442638
     -6.9552865064      0.0432513213      0.0483044510
     -6.9444018640      0.0435610167      0.0492424068
     -6.9335172215      0.0438405774      0.0501510923
     -6.9226325791      0.0440900035      0.0510235077
     -6.9117479367      0.0443092949      0.0518527761
     -6.9008632943      0.0444984517      0.0526322269
     -6.8899786519      0.0446574738      0.0533554798
     -6.8790940094      0.0447863612      0.0540165281
     -6.8682093670      0.0448893818      0.0546098190
     -6.8573247246      0.0450062324      0.0551303316
     -6.8464400822      0.0451381261      0.0555736502
     -6.8355554398      0.0452850628      0.0559360327
     -6.8246707973      0.0454470427      0.0562144722
     -6.8137861549      0.0456240656      0.0564067526
     -6.8029015125      0.0458161316      0.0565114953
     -6.7920168701      0.0460232407      0.0565281973
     -6.7811322277      0.0462453929      0.0564572607
     -6.7702475852      0.0464825882      0.0563000112
     -6.7593629428      0.0467348265      0.0560587065
     -6.7484783004      0.0470021079      0.0557365345
     -6.7375936580      0.0472844324      0.0553375993
     -6.7267090156      0.0475818000      0.0548668972
     -6.7158243731      0.0478942107      0.0543302804
     -6.7049397307      0.0482216644      0.0537344109
     -6.6940550883      0.0485641613      0.0530867034
     -6.6831704459      0.0489094016      0.0523952575
     -6.6722858035      0.0492511220      0.0516687815
     -6.6614011610      0.0495926796      0.0509165070
     -6.6505165186      0.0499340744      0.0501480956
     -6.6396318762      0.0502753064      0.0493735394
     -6.6287472338      0.0506163756      0.0486030560
     -6.6178625914      0.0509572819      0.0478469790
     -6.6069779489      0.0512980254      0.0471156457
     -6.5960933065      0.0516386061      0.0464192841
     -6.5852086641      0.0519790240      0.0457678993
     -6.5743240217      0.0523192791      0.0451711620
     -6.5634393793      0.0526593713      0.0446382993
     -6.5525547368      0.0529993007      0.0441779915
     -6.5416700944      0.0533390673      0.0437982733
     -6.5307854520      0.0536786711      0.0435064433
     -6.5199008096      0.0540181121      0.0433089813
     -6.5090161672      0.0543573902      0.0432114756
     -6.4981315247      0.0546965055      0.0432185606
     -6.4872468823      0.0550354580      0.0433338651
     -6.4763622399      0.0553742477      0.0435599734
     -6.4654775975      0.0557128746      0.0438983975
     -6.4545929551      0.0560513386      0.0443495628
     -6.4437083126      0.0563896398      0.0449128057
     -6.4328236702      0.0567277782      0.0455863835
     -6.4219390278      0.0570657538      0.0463674969
     -6.4110543854      0.0574035666      0.0472523239
     -6.4001697430      0.0577412165      0.0482360648
     -6.3892851005      0.0580787037      0.0493129975
     -6.3784004581      0.0584160280      0.0504765423
     -6.3675158157      0.0587531895      0.0517193352
     -6.3566311733      0.0590901881      0.0530333091
     -6.3457465309      0.0594270240      0.0544097808
     -6.3348618884      0.0597667680      0.0558395433
     -6.3239772460      0.0601131535      0.0573129628
     -6.3130926036      0.0604661892      0.0588200781
     -6.3022079612      0.0608258750      0.0603507010
     -6.2913233188      0.0611922110      0.0618945186
     -6.2804386763      0.0615651971      0.0634411936
     -6.2695540339      0.0619448333      0.0649804632
     -6.2586693915      0.0623311197      0.0665022352
     -6.2477847491      0.0627240562      0.0679966804
     -6.2369001067      0.0631236429      0.0694543195
     -6.2260154642      0.0635298798      0.0708661050
     -6.2151308218      0.0639427667      0.0722234967
     -6.2042461794      0.0643617983      0.0735185297
     -6.1933615370      0.0647795034      0.0747438758
     -6.1824768946      0.0651933986      0.0758928965
     -6.1715922521      0.0656034840      0.0769596879
     -6.1607076097      0.0660057865      0.0779391179
     -6.1498229673      0.0663994784      0.0788268547
     -6.1389383249      0.0667850883      0.0796193874
     -6.1280536825      0.0671626163      0.0803140388
     -6.1171690400      0.0675320624      0.0809089704
     -6.1062843976      0.0678934265      0.0814031809
     -6.0953997552      0.0682467087      0.0817964970
     -6.0845151128      0.0685919089      0.0820895592
     -6.0736304704      0.0689290272      0.0822838010
     -6.0627458279      0.0692580635      0.0823814240
     -6.0518611855      0.0695790179      0.0823853684
     -6.0409765431      0.0698918904      0.0822992790
     -6.0300919007      0.0701973064      0.0821274694
     -6.0192072583      0.0705040501      0.0818748816
     -6.0083226158      0.0708148442      0.0815470451
     -5.9974379734      0.0711296889      0.0811500324
     -5.9865533310      0.0714485840      0.0806904141
     -5.9756686886      0.0717715297      0.0801752111
     -5.9647840462      0.0720985259      0.0796118466
     -5.9538994037      0.0724295725      0.0790080956
     -5.9430147613      0.0727646697      0.0783720335
     -5.9321301189      0.0731038174      0.0777119830
     -5.9212454765      0.0734470155      0.0770364588
     -5.9103608341      0.0737942642      0.0763541108
     -5.8994761916      0.0741455634      0.0756736652
     -5.8885915492      0.0745009131      0.0750038633
     -5.8777069068      0.0748603133      0.0743533973
     -5.8668222644      0.0752237640      0.0737308451
     -5.8559376220      0.0755906154      0.0731446020
     -5.8450529795      0.0759583451      0.0726028099
     -5.8341683371      0.0763267006      0.0721132859
     -5.8232836947      0.0766956818      0.0716834486
     -5.8123990523      0.0770652888      0.0713202439
     -5.8015144099      0.0774355216      0.0710300709
     -5.7906297674      0.0778063802      0.0708187084
     -5.7797451250      0.0781778645      0.0706912434
     -5.7688604826      0.0785499746      0.0706520016
     -5.7579758402      0.0789227104      0.0707044832
     -5.7470911978      0.0792960720      0.0708513029
     -5.7362065553      0.0796700594      0.0710941367
     -5.7253219129      0.0800446726      0.0714336767
     -5.7144372705      0.0804199115      0.0718695945
     -5.7035526281      0.0807957762      0.0724005157
     -5.6926679857      0.0811722667      0.0730240050
     -5.6817833432      0.0815493830      0.0737365645
     -5.6708987008      0.0819271250      0.0745336449
     -5.6600140584      0.0823054077      0.0754096712
     -5.6491294160      0.0826836814      0.0763580828
     -5.6382447736      0.0830618479      0.0773713889
     -5.6273601311      0.0834399070      0.0784412383
     -5.6164754887      0.0838178588      0.0795585044
     -5.6055908463      0.0841957034      0.0807133846
     -5.5947062039      0.0845734406      0.0818955132
     -5.5838215615      0.0849510705      0.0830940859
     -5.5729369190      0.0853285930      0.0842979971
     -5.5620522766      0.0857060083      0.0854959850
     -5.5511676342      0.0860833163      0.0866767854
     -5.5402829918      0.0864703494      0.0878292907
     -5.5293983494      0.0869291119      0.0889427121
     -5.5185137069      0.0873952890      0.0900067421
     -5.5076290645      0.0878688807      0.0910117160
     -5.4967444221      0.0883498871      0.0919487676
     -5.4858597797      0.0888383080      0.0928099779
     -5.4749751373      0.0893341436      0.0935885136
     -5.4640904948      0.0898373938      0.0942787521
     -5.4532058524      0.0903480586      0.0948763916
     -5.4423212100      0.0908661380      0.0953785418
     -5.4314365676      0.0913916320      0.0957837962
     -5.4205519252      0.0919245406      0.0960922800
     -5.4096672827      0.0924648638      0.0963056761
     -5.3987826403      0.0930126017      0.0964272252
     -5.3878979979      0.0935677542      0.0964617002
     -5.3770133555      0.0941303212      0.0964153552
     -5.3661287131      0.0946449247      0.0962958486
     -5.3552440706      0.0951603464      0.0961121411
     -5.3443594282      0.0956790894      0.0958743700
     -5.3334747858      0.0962011537      0.0955937024
     -5.3225901434      0.0967265393      0.0952821673
     -5.3117055010      0.0972552462      0.0949524722
     -5.3008208585      0.0977872745      0.0946178052
     -5.2899362161      0.0983226240      0.0942916262
     -5.2790515737      0.0988612949      0.0939874521
     -5.2681669313      0.0994032871      0.0937186390
     -5.2572822889      0.0999486006      0.0934981652
     -5.2463976464      0.1004972354      0.0933384203
     -5.2355130040      0.1010491916      0.0932510023
     -5.2246283616      0.1016044691      0.0932465290
     -5.2137437192      0.1021630678      0.0933344658
     -5.2028590768      0.1027249880      0.0935229732
     -5.1919744343      0.1032972903      0.0938187779
     -5.1810897919      0.1038869768      0.0942270690
     -5.1702051495      0.1044940476      0.0947514215
     -5.1593205071      0.1051185025      0.0953937497
     -5.1484358647      0.1057603416      0.0961542887
     -5.1375512222      0.1064195648      0.0970316071
     -5.1266665798      0.1070961723      0.0980226487
     -5.1157819374      0.1077901640      0.0991228024
     -5.1048972950      0.1085015398      0.1003259998
     -5.0940126526      0.1092302999      0.1016248365
     -5.0831280101      0.1099764441      0.1030107163
     -5.0722433677      0.1107399725      0.1044740140
     -5.0613587253      0.1115208851      0.1060042540
     -5.0504740829      0.1123191819      0.1075903004
     -5.0395894405      0.1131331500      0.1092205552
     -5.0287047980      0.1139484766      0.1108831606
     -5.0178201556      0.1147621561      0.1125662003
     -5.0069355132      0.1155741886      0.1142578970
     -4.9960508708      0.1163845741      0.1159468016
     -4.9851662284      0.1171933126      0.1176219709
     -4.9742815859      0.1180004041      0.1192731296
     -4.9633969435      0.1188058485      0.1208908149
     -4.9525123011      0.1196096459      0.1224665005
     -4.9416276587      0.1204117963      0.1239926983
     -4.9307430163      0.1212122997      0.1254630359
     -4.9198583738      0.1220111561      0.1268723107
     -4.9089737314      0.1228001178      0.1282165178
     -4.8980890890      0.1235879828      0.1294928548
     -4.8872044466      0.1243774740      0.1306997023
     -4.8763198042      0.1251705232      0.1318365829
     -4.8654351617      0.1259679577      0.1329040997
     -4.8545505193      0.1267697775      0.1339038574
     -4.8436658769      0.1275759826      0.1348383682
     -4.8327812345      0.1283866873      0.1357109460
     -4.8218965921      0.1292181810      0.1365255920
     -4.8110119496      0.1300820396      0.1372868739
     -4.8001273072      0.1309782633      0.1379998048
     -4.7892426648      0.1319068520      0.1386697215
     -4.7783580224      0.1328678058      0.1393021685
     -4.7674733800      0.1338611245      0.1399027891
     -4.7565887375      0.1348868083      0.1404772263
     -4.7457040951      0.1359448572      0.1410310355
     -4.7348194527      0.1370352710      0.1415696129
     -4.7239348103      0.1381580499      0.1420981374
     -4.7130501679      0.1393131938      0.1426215305
     -4.7021655254      0.1405007028      0.1431444325
     -4.6912808830      0.1417205767      0.1436711955
     -4.6803962406      0.1429714327      0.1442058927
     -4.6695115982      0.1442447080      0.1447523429
     -4.6586269558      0.1455389306      0.1453141494
     -4.6477423133      0.1468541004      0.1458947500
     -4.6368576709      0.1481902174      0.1464974780
     -4.6259730285      0.1495472817      0.1471256299
     -4.6150883861      0.1509164705      0.1477825391
     -4.6042037437      0.1522875050      0.1484716513
     -4.5933191012      0.1536603705      0.1491966005
     -4.5824344588      0.1550350670      0.1499612818
     -4.5715498164      0.1564115945      0.1507699196
     -4.5606651740      0.1577899530      0.1516271279
     -4.5497805316      0.1591701425      0.1525379616
     -4.5388958891      0.1605521629      0.1535079567
     -4.5280112467      0.1619360144      0.1545431582
     -4.5171266043      0.1633216969      0.1556501348
     -4.5062419619      0.1647092104      0.1568359798
     -4.4953573195      0.1660985548      0.1581082986
     -4.4844726770      0.1674897303      0.1594751824
     -4.4735880346      0.1688893640      0.1609451697
     -4.4627033922      0.1703070775      0.1625271965
     -4.4518187498      0.1717416699      0.1642305367
     -4.4409341074      0.1731931414      0.1660647350
     -4.4300494649      0.1746614918      0.1680395339
     -4.4191648225      0.1761467213      0.1701647983
     -4.4082801801      0.1776488298      0.1724504387
     -4.3973955377      0.1791678173      0.1749063369
     -4.3865108953      0.1807036838      0.1775422765
     -4.3756262528      0.1822564293      0.1803678801
     -4.3647416104      0.1838993868      0.1833925564
     -4.3538569680      0.1857331955      0.1866254589
     -4.3429723256      0.1877584626      0.1900754569
     -4.3320876832      0.1899751884      0.1937511225
     -4.3212030407      0.1923833727      0.1976607318
     -4.3103183983      0.1949830156      0.2018122830
     -4.2994337559      0.1977741171      0.2062135288
     -4.2885491135      0.2007638474      0.2108720254
     -4.2776644711      0.2039444938      0.2157951936
     -4.2667798286      0.2073145083      0.2209903933
     -4.2558951862      0.2108738908      0.2264650065
     -4.2450105438      0.2146226413      0.2322265278
     -4.2341259014      0.2185607599      0.2382826582
     -4.2232412590      0.2226090039      0.2446414005
     -4.2123566165      0.2266423127      0.2513111495
     -4.2014719741      0.2306591969      0.2583007769
     -4.1905873317      0.2346596565      0.2656197044
     -4.1797026893      0.2386436915      0.2732779631
     -4.1688180469      0.2426113020      0.2812862346
     -4.1579334044      0.2465624879      0.2896558713
     -4.1470487620      0.2504972491      0.2983988941
     -4.1361641196      0.2544155858      0.3075279635
     -4.1252794772      0.2592059284      0.3170563250
     -4.1143948348      0.2643887615      0.3269977267
     -4.1035101923      0.2697367604      0.3373663095
     -4.0926255499      0.2752602650      0.3481764719
     -4.0817409075      0.2809646223      0.3594427091
     -4.0708562651      0.2867996180      0.3711794312
     -4.0599716227      0.2925975607      0.3834007618
     -4.0490869802      0.2983493988      0.3961203233
     -4.0382023378      0.3040551321      0.4093510102
     -4.0273176954      0.3097147608      0.4231047586
     -4.0164330530      0.3153282849      0.4373923156
     -4.0055484106      0.3201823466      0.4522230131
     -3.9946637681      0.3248794418      0.4676045541
     -3.9837791257      0.3294761129      0.4835428148
     -3.9728944833      0.3339723599      0.5000416671
     -3.9620098409      0.3408000168      0.5171028281
     -3.9511251985      0.3564859542      0.5347257385
     -3.9402405560      0.3813889461      0.5529074737
     -3.9293559136      0.4156884802      0.5716426903
     -3.9184712712      0.4571083201      0.5909236078
     -3.9075866288      0.5025141640      0.6107400276
     -3.8967019864      0.5536130405      0.6310793871
     -3.8858173439      0.5992835892      0.6519268478
     -3.8749327015      0.6342744352      0.6732654147
     -3.8640480591      0.6585855785      0.6950760826
     -3.8531634167      0.6717991154      0.7173380060
     -3.8422787743      0.6847350254      0.7400286869
     -3.8313941318      0.7079708540      0.7631241750
     -3.8205094894      0.7427973805      0.7865992751
     -3.8096248470      0.7881426219      0.8104277548
     -3.7987402046      0.8307457644      0.8345825484
     -3.7878555622      0.8715759898      0.8590359490
     -3.7769709197      0.9106471784      0.8837597868
     -3.7660862773      0.9479397207      0.9087255867
     -3.7552016349      0.9835752652      0.9339047031
     -3.7443169925      1.0181285209      0.9592684282
     -3.7334323501      1.0549174221      0.9847880735
     -3.7225477076      1.0953145195      1.0104350216
     -3.7116630652      1.1396794030      1.0361807513
     -3.7007784228      1.1708955261      1.0619968351
     -3.6898937804      1.1971495433      1.0878549124
     -3.6790091380      1.2035097527      1.1137266425
     -3.6681244955      1.1899736677      1.1395836388
     -3.6572398531      1.1465506392      1.1653973916
     -3.6463552107      1.1398247681      1.1911391824
     -3.6354705683      1.1382758711      1.2167799958
     -3.6245859259      1.1637197635      1.2422904338
     -3.6137012834      1.2112919104      1.2676406381
     -3.6028166410      1.2388827140      1.2928002248
     -3.5919319986      1.2703799903      1.3177382352
     -3.5810473562      1.3085702568      1.3424231081
     -3.5701627138      1.3520874548      1.3668226746
     -3.5592780713      1.4002106822      1.3909041790
     -3.5483934289      1.4546742322      1.4146343264
     -3.5375087865      1.4997026785      1.4379793574
     -3.5266241441      1.5382839785      1.4609051495
     -3.5157395017      1.5532027615      1.4833773450
     -3.5048548592      1.5825178324      1.5053615007
     -3.4939702168      1.6157464493      1.5268232603
     -3.4830855744      1.6487605661      1.5477285433
     -3.4722009320      1.6830832203      1.5680437489
     -3.4613162896      1.7184092406      1.5877359701
     -3.4504316471      1.7967205744      1.6067732146
     -3.4395470047      2.0936746243      1.6251246291
     -3.4286623623      2.2447392337      1.6427607226
     -3.4177777199      2.2586577551      1.6596535862
     -3.4068930775      2.2253166108      1.6757771065
     -3.3960084350      2.1496499278      1.6911071700
     -3.3851237926      2.0334743312      1.7056218563
     -3.3742391502      1.8621094713      1.7193016200
     -3.3633545078      1.6308225830      1.7321294584
     -3.3524698654      1.4196237267      1.7440910665
     -3.3415852229      1.1617905493      1.7551749774
     -3.3307005805      1.0836773540      1.7653726895
     -3.3198159381      1.1001163682      1.7746787801
     -3.3089312957      1.1236096732      1.7830910053
     -3.2980466533      1.1857381187      1.7906103873
     -3.2871620108      1.2484734328      1.7972412876
     -3.2762773684      1.3025408695      1.8029914678
     -3.2653927260      1.3439740892      1.8078721346
     -3.2545080836      1.4555213427      1.8118979702
     -3.2436234412      1.7740738033      1.8150871447
     -3.2327387987      1.8075996441      1.8174613098
     -3.2218541563      1.9442899233      1.8190455696
     -3.2109695139      2.1082000850      1.8198684275
     -3.2000848715      2.2935191275      1.8199617041
     -3.1892002291      2.4729834673      1.8193604244
     -3.1783155866      2.5979829762      1.8181026701
     -3.1674309442      2.6184947600      1.8162293945
     -3.1565463018      2.6485496663      1.8137841973
     -3.1456616594      2.5968377173      1.8108130564
     -3.1347770170      2.4448049281      1.8073640172
     -3.1238923745      2.2476724304      1.8034868371
     -3.1130077321      2.0668852574      1.7992325871
     -3.1021230897      1.9214604545      1.7946532131
     -3.0912384473      1.8437709583      1.7898010577
     -3.0803538049      1.7873941074      1.7847283507
     -3.0694691624      1.7523299505      1.7794866707
     -3.0585845200      1.7275912380      1.7741263886
     -3.0476998776      1.7016222336      1.7686960989
     -3.0368152352      1.6794871282      1.7632420500
     -3.0259305928      1.6461467371      1.7578075838
     -3.0150459503      1.6010104191      1.7524325964
     -3.0041613079      1.5486924530      1.7471530309
     -2.9932766655      1.4975885098      1.7420004144
     -2.9823920231      1.4530575460      1.7370014524
     -2.9715073807      1.4175192612      1.7321776894
     -2.9606227382      1.3941961084      1.7275452487
     -2.9497380958      1.3845281193      1.7231146580
     -2.9388534534      1.3822715188      1.7188907712
     -2.9279688110      1.3903102241      1.7148727899
     -2.9170841686      1.4037874005      1.7110543898
     -2.9061995261      1.4193658352      1.7074239526
     -2.8953148837      1.4369243868      1.7039649040
     -2.8844302413      1.4534193096      1.7006561517
     -2.8735455989      1.4803234041      1.6974726198
     -2.8626609565      1.5217986666      1.6943858694
     -2.8517763140      1.5562321758      1.6913647954
     -2.8408916716      1.5239994286      1.6883763846
     -2.8300070292      1.5758583329      1.6853865220
     -2.8191223868      1.6415639566      1.6823608258
     -2.8082377444      1.7071054488      1.6792654956
     -2.7973531019      1.7728766300      1.6760681522
     -2.7864684595      1.8390020045      1.6727386518
     -2.7755838171      1.9097352156      1.6692498539
     -2.7646991747      2.0104743536      1.6655783259
     -2.7538145323      2.1718186326      1.6617049662
     -2.7429298898      2.4022304440      1.6576155307
     -2.7320452474      2.7168652560      1.6533010508
     -2.7211606050      3.0165345535      1.6487581308
     -2.7102759626      2.8159289808      1.6439891188
     -2.6993913202      2.7169897391      1.6390021467
     -2.6885066777      2.5827440151      1.6338110391
     -2.6776220353      2.3986353102      1.6284350938
     -2.6667373929      2.0756457399      1.6228987415
     -2.6558527505      1.8368718713      1.6172310945
     -2.6449681081      1.6749185633      1.6114653980
     -2.6340834656      1.5531820404      1.6056384001
     -2.6231988232      1.4590281431      1.5997896590
     -2.6123141808      1.3793861433      1.5939608081
     -2.6014295384      1.3149069296      1.5881948008
     -2.5905448960      1.2669376770      1.5825351553
     -2.5796602535      1.1907986570      1.5770252241
     -2.5687756111      1.1864365986      1.5717075064
     -2.5578909687      1.1986269760      1.5666230235
     -2.5470063263      1.2408991319      1.5618107752
     -2.5361216839      1.2622064599      1.5573072893
     -2.5252370414      1.2897699135      1.5531462767
     -2.5143523990      1.3215209191      1.5493583979
     -2.5034677566      1.3572454181      1.5459711446
     -2.4925831142      1.3933410122      1.5430088348
     -2.4816984718      1.4104560849      1.5404927166
     -2.4708138293      1.4073920012      1.5384411720
     -2.4599291869      1.3856304624      1.5368700068
     -2.4490445445      1.3619213544      1.5357928122
     -2.4381599021      1.3438326815      1.5352213800
     -2.4272752597      1.3313644437      1.5351661496
     -2.4163906172      1.3245166410      1.5356366673
     -2.4055059748      1.2850563090      1.5366420357
     -2.3946213324      1.1554699185      1.5381913315
     -2.3837366900      1.0953113863      1.5402939730
     -2.3728520476      1.0940159613      1.5429600181
     -2.3619674051      1.0231595627      1.5462003787
     -2.3510827627      1.0171006394      1.5500269395
     -2.3401981203      1.0258318642      1.5544525720
     -2.3293134779      1.0559823181      1.5594910411
     -2.3184288355      1.1013570401      1.5651568036
     -2.3075441930      1.1198008924      1.5714647034
     -2.2966595506      1.1397845029      1.5784295719
     -2.2857749082      1.1651623460      1.5860657468
     -2.2748902658      1.1563243603      1.5943865236
     -2.2640056234      1.1884280960      1.6034035608
     -2.2531209809      1.2664336383      1.6131262583
     -2.2422363385      1.3303445367      1.6235611322
     -2.2313516961      1.4007399953      1.6347112081
     -2.2204670537      1.4776200142      1.6465754581
     -2.2095824113      1.5602906635      1.6591483008
     -2.1986977688      1.6499776696      1.6724191861
     -2.1878131264      1.7984874457      1.6863722822
     -2.1769284840      1.9807034704      1.7009862785
     -2.1660438416      2.2013004183      1.7162343162
     -2.1551591992      2.1716358924      1.7320840520
     -2.1442745567      2.1418882717      1.7484978583
     -2.1333899143      2.1084911938      1.7654331564
     -2.1225052719      2.0720491119      1.7828428772
     -2.1116206295      2.0684595194      1.8006760375
     -2.1007359871      2.0745297808      1.8188784175
     -2.0898513446      2.0584380669      1.8373933211
     -2.0789667022      2.0394331017      1.8561623975
     -2.0680820598      2.0281142110      1.8751265022
     -2.0571974174      2.0218164747      1.8942265702
     -2.0463127750      2.0265876173      1.9134044784
     -2.0354281325      2.0419994836      1.9326038712
     -2.0245434901      2.0743628480      1.9517709248
     -2.0136588477      2.1246898331      1.9708550280
     -2.0027742053      2.2297301700      1.9898093602
     -1.9918895629      2.3988837171      2.0085913493
     -1.9810049204      2.4405973703      2.0271629951
     -1.9701202780      2.4207347934      2.0454910515
     -1.9592356356      2.3823078993      2.0635470603
     -1.9483509932      2.3170440284      2.0813072361
     -1.9374663508      2.3046827220      2.0987522074
     -1.9265817083      2.3093067632      2.1158666202
     -1.9156970659      2.3288172155      2.1326386173
     -1.9048124235      2.3525253483      2.1490592071
     -1.8939277811      2.3579371715      2.1651215419
     -1.8830431387      2.3173326746      2.1808201256
     -1.8721584962      2.2265375374      2.1961499734
     -1.8612738538      2.0805788402      2.2111057475
     -1.8503892114      1.9580874858      2.2256808930
     -1.8395045690      1.9060128924      2.2398667974
     -1.8286199266      1.8970832057      2.2536519970
     -1.8177352841      1.9052702720      2.2670214504
     -1.8068506417      2.0406044185      2.2799559000
     -1.7959659993      1.8601597680      2.2924313357
     -1.7850813569      1.6213106597      2.3044185755
     -1.7741967145      1.5259772462      2.3158829731
     -1.7633120720      1.4905989410      2.3267842585
     -1.7524274296      1.4985551103      2.3370765153
     -1.7415427872      1.5251734396      2.3467082949
     -1.7306581448      1.5697790044      2.3556228629
     -1.7197735024      1.6323761244      2.3637585735
     -1.7088888599      1.8302003250      2.3710493608
     -1.6980042175      2.0220016776      2.3774253370
     -1.6871195751      2.2666652245      2.3828134850
     -1.6762349327      2.4605946693      2.3871384293
     -1.6653502903      2.7208429385      2.3903232727
     -1.6544656478      3.2689990767      2.3922904811
     -1.6435810054      3.4407252406      2.3929628019
     -1.6326963630      4.2366835309      2.3922642012
     -1.6218117206      3.6296653460      2.3901208044
     -1.6109270782      3.5064401833      2.3864618279
     -1.6000424357      3.3851486847      2.3812204891
     -1.5891577933      3.2941759826      2.3743348836
     -1.5782731509      3.1521044537      2.3657488200
     -1.5673885085      3.0220325961      2.3554126046
     -1.5565038661      2.9172788832      2.3432837671
     -1.5456192236      2.7125808556      2.3293277235
     -1.5347345812      2.6223681776      2.3135183687
     -1.5238499388      2.5394995476      2.2958385965
     -1.5129652964      2.7714093116      2.2762807418
     -1.5020806540      2.4952350690      2.2548469428
     -1.4911960115      2.4672453528      2.2315494193
     -1.4803113691      2.4284486183      2.2064106653
     -1.4694267267      2.3473224465      2.1794635534
     -1.4585420843      2.2663827283      2.1507513474
     -1.4476574419      2.2407385614      2.1203276229
     -1.4367727994      2.2358708878      2.0882560927
     -1.4258881570      2.2392410896      2.0546103360
     -1.4150035146      2.1798990099      2.0194734301
     -1.4041188722      2.1969478573      1.9829374855
     -1.3932342298      2.1447726770      1.9451030837
     -1.3823495873      2.1290270001      1.9060786209
     -1.3714649449      2.0753521871      1.8659795600
     -1.3605803025      2.0828337368      1.8249275957
     -1.3496956601      2.0768441581      1.7830497394
     -1.3388110177      2.0948235597      1.7404773317
     -1.3279263752      2.0548955722      1.6973449915
     -1.3170417328      2.0925142430      1.6537895143
     -1.3061570904      1.9206861783      1.6099487320
     -1.2952724480      1.7652383918      1.5659603479
     -1.2843878056      1.5785842347      1.5219607637
     -1.2735031631      1.2908685067      1.4780839139
     -1.2626185207      1.1412182739      1.4344601248
     -1.2517338783      0.9587874446      1.3912150155
     -1.2408492359      0.8257132981      1.3484684571
     -1.2299645935      0.7439496689      1.3063336066
     -1.2190799510      0.7107893236      1.2649160304
     -1.2081953086      0.6990506537      1.2243129313
     -1.1973106662      0.6877425043      1.1846124903
     -1.1864260238      0.6765054369      1.1458933330
     -1.1755413814      0.6653394515      1.1082241274
     -1.1646567389      0.6542445480      1.0716633179
     -1.1537720965      0.6432219956      1.0362589974
     -1.1428874541      0.6326795347      1.0020489157
     -1.1320028117      0.6230337058      0.9690606215
     -1.1211181693      0.6151460009      0.9373117304
     -1.1102335268      0.6090787224      0.9068103113
     -1.0993488844      0.6044259610      0.8775553792
     -1.0884642420      0.6009680814      0.8495374826
     -1.0775795996      0.5987042905      0.8227393696
     -1.0666949572      0.5976345884      0.7971367194
     -1.0558103147      0.5978461911      0.7726989215
     -1.0449256723      0.5995221044      0.7493898874
     -1.0340410299      0.6026681313      0.7271688780
     -1.0231563875      0.6071741368      0.7059913318
     -1.0122717451      0.6127955859      0.6858096785
     -1.0013871026      0.6195360740      0.6665741267
     -0.9905024602      0.6379722606      0.6482334107
     -0.9796178178      0.6744635676      0.6307354902
     -0.9687331754      0.6851323245      0.6140281912
     -0.9578485330      0.6830690892      0.5980597847
     -0.9469638905      0.6786619383      0.5827794969
     -0.9360792481      0.6724671255      0.5681379504
     -0.9251946057      0.6634368806      0.5540875339
     -0.9143099633      0.6512763770      0.5405827039
     -0.9034253209      0.6356193262      0.5275802191
     -0.8925406784      0.6189263835      0.5150393120
     -0.8816560360      0.6032286314      0.5029218036
     -0.8707713936      0.5852579884      0.4911921659
     -0.8598867512      0.5610690144      0.4798175384
     -0.8490021088      0.5331901103      0.4687677061
     -0.8381174663      0.5064670177      0.4580150446
     -0.8272328239      0.4808997366      0.4475344396
     -0.8163481815      0.4564882670      0.4373031857
     -0.8054635391      0.4294271840      0.4273008722
     -0.7945788967      0.4012257304      0.4175092581
     -0.7836942542      0.3721185801      0.4079121441
     -0.7728096118      0.3421057333      0.3984952419
     -0.7619249694      0.3111871900      0.3892460465
     -0.7510403270      0.2796049998      0.3801537121
     -0.7401556846      0.2534961670      0.3712089346
     -0.7292710421      0.2330333812      0.3624038406
     -0.7183863997      0.2200832879      0.3537318841
     -0.7075017573      0.1839218926      0.3451877513
     -0.6966171149      0.1829884249      0.3367672728
     -0.6857324725      0.1820275157      0.3284673434
     -0.6748478300      0.1810391650      0.3202858486
     -0.6639631876      0.1800233729      0.3122215970
     -0.6530785452      0.1789801392      0.3042742588
     -0.6421939028      0.1779094641      0.2964443087
     -0.6313092604      0.1767980227      0.2887329730
     -0.6204246179      0.1756433760      0.2811421810
     -0.6095399755      0.1745284462      0.2736745194
     -0.5986553331      0.1734551815      0.2663331890
     -0.5877706907      0.1724253455      0.2591219647
     -0.5768860483      0.1714389383      0.2520451572
     -0.5660014058      0.1704959597      0.2451075763
     -0.5551167634      0.1695964099      0.2383144953
     -0.5442321210      0.1687402888      0.2316716166
     -0.5333474786      0.1679275964      0.2251850372
     -0.5224628362      0.1671583328      0.2188612138
     -0.5115781937      0.1664324978      0.2127069269
     -0.5006935513      0.1657500916      0.2067292426
     -0.4898089089      0.1651025096      0.2009354718
     -0.4789242665      0.1644707143      0.1953331261
     -0.4680396241      0.1638541256      0.1899298682
     -0.4571549816      0.1632527435      0.1847334581
     -0.4462703392      0.1626665680      0.1797516924
     -0.4353856968      0.1620955991      0.1749923377
     -0.4245010544      0.1615398368      0.1704630560
     -0.4136164120      0.1609992811      0.1661713243
     -0.4027317695      0.1604739319      0.1621243462
     -0.3918471271      0.1599637894      0.1583289570
     -0.3809624847      0.1594686765      0.1547915236
     -0.3700778423      0.1589858787      0.1515178383
     -0.3591931999      0.1585144741      0.1485130102
     -0.3483085574      0.1580544626      0.1457813535
     -0.3374239150      0.1576058444      0.1433262763
     -0.3265392726      0.1571686193      0.1411501706
     -0.3156546302      0.1567427875      0.1392543063
     -0.3047699878      0.1563283488      0.1376387314
     -0.2938853453      0.1559253034      0.1363021801
     -0.2830007029      0.1555336511      0.1352419920
     -0.2721160605      0.1551533920      0.1344540428
     -0.2612314181      0.1547845262      0.1339326904
     -0.2503467757      0.1544270535      0.1336707363
     -0.2394621332      0.1540807700      0.1336594047
     -0.2285774908      0.1537391002      0.1338883399
     -0.2176928484      0.1533988844      0.1343456225
     -0.2068082060      0.1530601227      0.1350178058
     -0.1959235636      0.1527228150      0.1358899703
     -0.1850389211      0.1523869613      0.1369457986
     -0.1741542787      0.1520525617      0.1381676672
     -0.1632696363      0.1517196161      0.1395367561
     -0.1523849939      0.1513881245      0.1410331745
     -0.1415003515      0.1510580870      0.1426361000
     -0.1306157090      0.1507295035      0.1443239309
     -0.1197310666      0.1504023741      0.1460744495
     -0.1088464242      0.1500766986      0.1478649933
     -0.0979617818      0.1497524772      0.1496726343
     -0.0870771394      0.1494314039      0.1514743623
     -0.0761924969      0.1491180936      0.1532472718
     -0.0653078545      0.1488074428      0.1549687503
     -0.0544232121      0.1484994501      0.1566166658
     -0.0435385697      0.1481918108      0.1581695531
     -0.0326539273      0.1478824429      0.1596067959
     -0.0217692848      0.1475713462      0.1609088048
     -0.0108846424      0.1472585208      0.1620571889
     -0.0000000000      0.1469438755      0.1630349205
      0.0108846424      0.1466249194      0.1638264910
      0.0217692848      0.1463005318      0.1644180579
      0.0326539273      0.1459707129      0.1647975802
      0.0435385697      0.1456354625      0.1649549432
      0.0544232121      0.1452947807      0.1648820697
      0.0653078545      0.1449486675      0.1645730167
      0.0761924969      0.1445971229      0.1640240572
      0.0870771394      0.1442401468      0.1632337450
      0.0979617818      0.1438777394      0.1622029615
      0.1088464242      0.1435099005      0.1609349425
      0.1197310666      0.1431366302      0.1594352846
      0.1306157090      0.1427579285      0.1577119301
      0.1415003515      0.1423737954      0.1557751273
      0.1523849939      0.1419842308      0.1536373683
      0.1632696363      0.1415996155      0.1513133012
      0.1741542787      0.1412138258      0.1488196171
      0.1850389211      0.1408264852      0.1461749119
      0.1959235636      0.1404375938      0.1433995235
      0.2068082060      0.1400471515      0.1405153440
      0.2176928484      0.1396551584      0.1375456093
      0.2285774908      0.1392616144      0.1345146673
      0.2394621332      0.1388665196      0.1314477260
      0.2503467757      0.1384698739      0.1283705858
      0.2612314181      0.1380716773      0.1253093574
      0.2721160605      0.1376719299      0.1222901696
      0.2830007029      0.1372706316      0.1193388708
      0.2938853453      0.1368682171      0.1164807278
      0.3047699878      0.1364692564      0.1137401271
      0.3156546302      0.1360749707      0.1111402826
      0.3265392726      0.1356853602      0.1087029544
      0.3374239150      0.1353004247      0.1064481840
      0.3483085574      0.1349201642      0.1043940490
      0.3591931999      0.1345445788      0.1025564429
      0.3700778423      0.1341736685      0.1009488836
      0.3809624847      0.1338074332      0.0995823530
      0.3918471271      0.1334458729      0.0984651728
      0.4027317695      0.1330889878      0.0976029172
      0.4136164120      0.1327367776      0.0969983651
      0.4245010544      0.1323892426      0.0966514927
      0.4353856968      0.1320463826      0.0965595069
      0.4462703392      0.1317081976      0.0967169196
      0.4571549816      0.1313746877      0.0971156605
      0.4680396241      0.1310458529      0.0977452278
      0.4789242665      0.1307216931      0.0985928735
      0.4898089089      0.1304022084      0.0996438198
      0.5006935513      0.1300873987      0.1008815029
      0.5115781937      0.1297772641      0.1022878392
      0.5224628362      0.1294718045      0.1038435094
      0.5333474786      0.1291710200      0.1055282548
      0.5442321210      0.1288749106      0.1073211799
      0.5551167634      0.1285834762      0.1092010561
      0.5660014058      0.1282967168      0.1111466199
      0.5768860483      0.1280146326      0.1131368611
      0.5877706907      0.1277372233      0.1151512942
      0.5986553331      0.1274644892      0.1171702093
      0.6095399755      0.1271911838      0.1191748980
      0.6204246179      0.1269202473      0.1211478487
      0.6313092604      0.1266547747      0.1230729113
      0.6421939028      0.1263947662      0.1249354257
      0.6530785452      0.1261402218      0.1267223157
      0.6639631876      0.1258911413      0.1284221453
      0.6748478300      0.1256476773      0.1300251389
      0.6857324725      0.1254056832      0.1315231675
      0.6966171149      0.1251637015      0.1329097009
      0.7075017573      0.1249217322      0.1341797307
      0.7183863997      0.1246797754      0.1353296665
      0.7292710421      0.1244378309      0.1363572110
      0.7401556846      0.1241958989      0.1372612162
      0.7510403270      0.1239539794      0.1380415288
      0.7619249694      0.1237120722      0.1386988277
      0.7728096118      0.1234701775      0.1392344595
      0.7836942542      0.1232282952      0.1396502786
      0.7945788967      0.1229864253      0.1399484944
      0.8054635391      0.1227445678      0.1401315325
      0.8163481815      0.1225027228      0.1402019121
      0.8272328239      0.1222717098      0.1401621445
      0.8381174663      0.1220546459      0.1400146542
      0.8490021088      0.1218361428      0.1397617249
      0.8598867512      0.1216162005      0.1394054720
      0.8707713936      0.1213948189      0.1389478401
      0.8816560360      0.1211719981      0.1383906264
      0.8925406784      0.1209477380      0.1377355278
      0.9034253209      0.1207220387      0.1369842085
      0.9143099633      0.1204949002      0.1361383867
      0.9251946057      0.1202663224      0.1351999344
      0.9360792481      0.1200363054      0.1341709885
      0.9469638905      0.1198051912      0.1330540671
      0.9578485330      0.1195741347      0.1318521865
      0.9687331754      0.1193413305      0.1305689748
      0.9796178178      0.1191067788      0.1292087764
      0.9905024602      0.1188704794      0.1277767440
      1.0013871026      0.1186324324      0.1262789135
      1.0122717451      0.1183926379      0.1247222579
      1.0231563875      0.1181510957      0.1231147187
      1.0340410299      0.1179078059      0.1214652112
      1.0449256723      0.1176612073      0.1197836029
      1.0558103147      0.1174016268      0.1180806643
      1.0666949572      0.1171415265      0.1163679932
      1.0775795996      0.1168809063      0.1146579118
      1.0884642420      0.1166197663      0.1129633407
      1.0993488844      0.1163581064      0.1112976501
      1.1102335268      0.1160959267      0.1096744931
      1.1211181693      0.1158332271      0.1081076244
      1.1320028117      0.1155700077      0.1066107081
      1.1428874541      0.1153062684      0.1051971188
      1.1537720965      0.1150420092      0.1038797423
      1.1646567389      0.1147772302      0.1026707772
      1.1755413814      0.1145119313      0.1015815459
      1.1864260238      0.1142461126      0.1006223150
      1.1973106662      0.1139797740      0.0998021319
      1.2081953086      0.1137129156      0.0991286797
      1.2190799510      0.1134455373      0.0986081530
      1.2299645935      0.1131776391      0.0982451571
      1.2408492359      0.1129092211      0.0980426322
      1.2517338783      0.1126402832      0.0980018030
      1.2626185207      0.1123708255      0.0981221547
      1.2735031631      0.1121008479      0.0984014340
      1.2843878056      0.1118303504      0.0988356755
      1.2952724480      0.1115593331      0.0994192509
      1.3061570904      0.1112877960      0.1001449399
      1.3170417328      0.1110157390      0.1010040209
      1.3279263752      0.1107431621      0.1019863780
      1.3388110177      0.1104700654      0.1030806241
      1.3496956601      0.1101964488      0.1042742354
      1.3605803025      0.1099223124      0.1055536958
      1.3714649449      0.1096477474      0.1069046499
      1.3823495873      0.1093737121      0.1083120607
      1.3932342298      0.1091016303      0.1097603713
      1.4041188722      0.1088334152      0.1112336692
      1.4150035146      0.1085690943      0.1127158504
      1.4258881570      0.1083085129      0.1141907839
      1.4367727994      0.1080503638      0.1156424745
      1.4476574419      0.1077943503      0.1170552231
      1.4585420843      0.1075404726      0.1184137845
      1.4694267267      0.1072887306      0.1197035215
      1.4803113691      0.1070391244      0.1209105550
      1.4911960115      0.1067916539      0.1220219094
      1.5020806540      0.1065463191      0.1230256519
      1.5129652964      0.1063031200      0.1239110258
      1.5238499388      0.1060620567      0.1246685764
      1.5347345812      0.1058231291      0.1252902669
      1.5456192236      0.1055863372      0.1257695853
      1.5565038661      0.1053516811      0.1261016385
      1.5673885085      0.1051191607      0.1262832320
      1.5782731509      0.1048887760      0.1263129351
      1.5891577933      0.1046605271      0.1261911273
      1.6000424357      0.1044344139      0.1259200257
      1.6109270782      0.1042104364      0.1255036907
      1.6218117206      0.1039885946      0.1249480093
      1.6326963630      0.1037682814      0.1242606539
      1.6435810054      0.1035531692      0.1234510163
      1.6544656478      0.1033437161      0.1225301165
      1.6653502903      0.1031398998      0.1215104870
      1.6762349327      0.1029384929      0.1204060313
      1.6871195751      0.1027371914      0.1192318612
      1.6980042175      0.1025359952      0.1180041118
      1.7088888599      0.1023349044      0.1167397390
      1.7197735024      0.1021339189      0.1154563011
      1.7306581448      0.1019330389      0.1141717293
      1.7415427872      0.1017322641      0.1129040906
      1.7524274296      0.1015315948      0.1116713475
      1.7633120720      0.1013310308      0.1104911196
      1.7741967145      0.1011305721      0.1093804515
      1.7850813569      0.1009302188      0.1083555917
      1.7959659993      0.1007299709      0.1074317872
      1.8068506417      0.1005298283      0.1066230980
      1.8177352841      0.1003297911      0.1059422358
      1.8286199266      0.1001298593      0.1054004293
      1.8395045690      0.0999300328      0.1050073194
      1.8503892114      0.0997303117      0.1047708864
      1.8612738538      0.0995306959      0.1046974094
      1.8721584962      0.0993311855      0.1047914596
      1.8830431387      0.0991317805      0.1050559260
      1.8939277811      0.0989324808      0.1054920719
      1.9048124235      0.0987332865      0.1060996207
      1.9156970659      0.0986967853      0.1068768681
      1.9265817083      0.0993176660      0.1078208158
      1.9374663508      0.1006300589      0.1089273242
      1.9483509932      0.1026339639      0.1101912782
      1.9592356356      0.1048444075      0.1116067608
      1.9701202780      0.1068079077      0.1131672303
      1.9810049204      0.1085461873      0.1148656955
      1.9918895629      0.1100592463      0.1166948821
      2.0027742053      0.1113585733      0.1186473883
      2.0136588477      0.1126255950      0.1207158216
      2.0245434901      0.1139229481      0.1228929158
      2.0354281325      0.1152506326      0.1251716226
      2.0463127750      0.1166086485      0.1275451761
      2.0571974174      0.1179969958      0.1300071285
      2.0680820598      0.1194156744      0.1325513559
      2.0789667022      0.1208646845      0.1351720336
      2.0898513446      0.1223437151      0.1378635841
      2.1007359871      0.1237885516      0.1406205966
      2.1116206295      0.1251506845      0.1434377238
      2.1225052719      0.1264306841      0.1463095590
      2.1333899143      0.1276298166      0.1492304963
      2.1442745567      0.1287481281      0.1521945821
      2.1551591992      0.1297856186      0.1551953609
      2.1660438416      0.1307091708      0.1582257233
      2.1769284840      0.1315872715      0.1612777609
      2.1878131264      0.1324668826      0.1643426358
      2.1986977688      0.1333480039      0.1674104690
      2.2095824113      0.1342306356      0.1704702549
      2.2204670537      0.1351147775      0.1735098054
      2.2313516961      0.1360004298      0.1765157293
      2.2422363385      0.1368875925      0.1794734495
      2.2531209809      0.1377762654      0.1823672597
      2.2640056234      0.1386664487      0.1851804241
      2.2748902658      0.1395581423      0.1878953175
      2.2857749082      0.1404513462      0.1904936064
      2.2966595506      0.1413460604      0.1929564680
      2.3075441930      0.1422422850      0.1952648432
      2.3184288355      0.1431400198      0.1973997202
      2.3293134779      0.1440392650      0.1993424409
      2.3401981203      0.1449400205      0.2010750251
      2.3510827627      0.1458422864      0.2025805047
      2.3619674051      0.1467456313      0.2038432592
      2.3728520476      0.1476493712      0.2048493459
      2.3837366900      0.1485364696      0.2055868150
      2.3946213324      0.1493929522      0.2060460018
      2.4055059748      0.1502174571      0.2062197887
      2.4163906172      0.1510115536      0.2061038296
      2.4272752597      0.1517752417      0.2056967295
      2.4381599021      0.1525085213      0.2050001746
      2.4490445445      0.1532113925      0.2040190085
      2.4599291869      0.1538838553      0.2027612508
      2.4708138293      0.1545259097      0.2012380572
      2.4816984718      0.1551375226      0.1994636194
      2.4925831142      0.1557344925      0.1974550082
      2.5034677566      0.1563290460      0.1952319592
      2.5143523990      0.1569211830      0.1928166075
      2.5252370414      0.1575109037      0.1902331760
      2.5361216839      0.1580982080      0.1875076214
      2.5470063263      0.1586830959      0.1846672486
      2.5578909687      0.1592655674      0.1817402983
      2.5687756111      0.1598456225      0.1787555180
      2.5796602535      0.1604232613      0.1757417245
      2.5905448960      0.1609984458      0.1727273678
      2.6014295384      0.1615702243      0.1697401042
      2.6123141808      0.1621381831      0.1668063876
      2.6231988232      0.1627023223      0.1639510883
      2.6340834656      0.1632626418      0.1611971438
      2.6449681081      0.1638191415      0.1585652517
      2.6558527505      0.1643718217      0.1560736078
      2.6667373929      0.1649206821      0.1537376938
      2.6776220353      0.1654657229      0.1515701202
      2.6885066777      0.1660069440      0.1495805230
      2.6993913202      0.1665443454      0.1477755179
      2.7102759626      0.1670779271      0.1461587099
      2.7211606050      0.1676076891      0.1447307567
      2.7320452474      0.1681336315      0.1434894843
      2.7429298898      0.1686557542      0.1424300498
      2.7538145323      0.1691740572      0.1415451467
      2.7646991747      0.1696885406      0.1408252490
      2.7755838171      0.1701992042      0.1402588859
      2.7864684595      0.1707060482      0.1398329421
      2.7973531019      0.1712090725      0.1395329770
      2.8082377444      0.1717082771      0.1393435554
      2.8191223868      0.1721825847      0.1392485832
      2.8300070292      0.1726521289      0.1392316421
      2.8408916716      0.1731196853      0.1392763159
      2.8517763140      0.1735852538      0.1393665043
      2.8626609565      0.1740489444      0.1394867168
      2.8735455989      0.1745115499      0.1396223449
      2.8844302413      0.1749732274      0.1397599050
      2.8953148837      0.1754339769      0.1398872527
      2.9061995261      0.1758915597      0.1399937631
      2.9170841686      0.1763427713      0.1400704765
      2.9279688110      0.1767875871      0.1401102092
      2.9388534534      0.1772260071      0.1401076272
      2.9497380958      0.1776580312      0.1400592856
      2.9606227382      0.1780836595      0.1399636329
      2.9715073807      0.1785028920      0.1398209830
      2.9823920231      0.1789157287      0.1396334560
      2.9932766655      0.1793221467      0.1394048915
      3.0041613079      0.1797217058      0.1391407362
      3.0150459503      0.1801142372      0.1388479096
      3.0259305928      0.1804997409      0.1385346514
      3.0368152352      0.1808782168      0.1382103533
      3.0476998776      0.1812496650      0.1378853797
      3.0585845200      0.1816140854      0.1375708795
      3.0694691624      0.1819734666      0.1372785944
      3.0803538049      0.1823313527      0.1370206652
      3.0912384473      0.1826878131      0.1368094401
      3.1021230897      0.1830428478      0.1366572878
      3.1130077321      0.1833964569      0.1365764177
      3.1238923745      0.1837486402      0.1365787102
      3.1347770170      0.1840973696      0.1366755582
      3.1456616594      0.1844137776      0.1368777216
      3.1565463018      0.1846884781      0.1371951969
      3.1674309442      0.1849214711      0.1376371015
      3.1783155866      0.1851127566      0.1382115741
      3.1892002291      0.1852623345      0.1389256914
      3.2000848715      0.1853702050      0.1397854002
      3.2109695139      0.1854363679      0.1407954653
      3.2218541563      0.1854608233      0.1419594323
      3.2327387987      0.1854435712      0.1432796044
      3.2436234412      0.1853846115      0.1447570315
      3.2545080836      0.1852919698      0.1463915117
      3.2653927260      0.1852123001      0.1481816030
      3.2762773684      0.1851487460      0.1501246440
      3.2871620108      0.1851013074      0.1522167825
      3.2980466533      0.1850699844      0.1544530111
      3.3089312957      0.1850547770      0.1568272081
      3.3198159381      0.1850556851      0.1593321831
      3.3307005805      0.1850727087      0.1619597264
      3.3415852229      0.1851058479      0.1647006619
      3.3524698654      0.1851551027      0.1675449026
      3.3633545078      0.1852204730      0.1704815085
      3.3742391502      0.1853019588      0.1734987478
      3.3851237926      0.1853961418      0.1765841603
      3.3960084350      0.1854877079      0.1797246235
      3.4068930775      0.1855741207      0.1829064228
      3.4177777199      0.1856547831      0.1861153248
      3.4286623623      0.1857286783      0.1893366553
      3.4395470047      0.1857957893      0.1925553817
      3.4504316471      0.1858561159      0.1957562004
      3.4613162896      0.1859096583      0.1989236296
      3.4722009320      0.1859564163      0.2020421074
      3.4830855744      0.1859963901      0.2050960948
      3.4939702168      0.1860295796      0.2080701838
      3.5048548592      0.1860559847      0.2109492097
      3.5157395017      0.1860756056      0.2137183672
      3.5266241441      0.1860884422      0.2163633282
      3.5375087865      0.1860948863      0.2188703611
      3.5483934289      0.1860961227      0.2212264501
      3.5592780713      0.1860922320      0.2234194121
      3.5701627138      0.1860832144      0.2254380097
      3.5810473562      0.1860690854      0.2272720592
      3.5919319986      0.1860513349      0.2289125304
      3.6028166410      0.1860309428      0.2303516383
      3.6137012834      0.1860079091      0.2315829226
      3.6245859259      0.1859864051      0.2326013158
      3.6354705683      0.1859719133      0.2334031970
      3.6463552107      0.1859647129      0.2339864308
      3.6572398531      0.1859648800      0.2343503911
      3.6681244955      0.1859724145      0.2344959681
      3.6790091380      0.1859873165      0.2344255595
      3.6898937804      0.1860095858      0.2341430455
      3.7007784228      0.1860392226      0.2336537483
      3.7116630652      0.1860762269      0.2329643765
      3.7225477076      0.1862814073      0.2320829565
      3.7334323501      0.1866750358      0.2310187509
      3.7443169925      0.1875717950      0.2297821665
      3.7552016349      0.1886454675      0.2283846524
      3.7660862773      0.1897042856      0.2268385917
      3.7769709197      0.1907478528      0.2251571857
      3.7878555622      0.1917682896      0.2233543354
      3.7987402046      0.1927655960      0.2214445197
      3.8096248470      0.1937397720      0.2194426720
      3.8205094894      0.1946908177      0.2173640575
      3.8313941318      0.1956187330      0.2152241515
      3.8422787743      0.1965235179      0.2130385194
      3.8531634167      0.1974051725      0.2108226995
      3.8640480591      0.1982636966      0.2085920893
      3.8749327015      0.1990990904      0.2063618343
      3.8858173439      0.1999113538      0.2041467218
      3.8967019864      0.2007004869      0.2019610766
      3.9075866288      0.2014664895      0.1998186621
      3.9184712712      0.2022093618      0.1977325838
      3.9293559136      0.2029290637      0.1957151967
      3.9402405560      0.2036255051      0.1937780170
      3.9511251985      0.2042917500      0.1919316371
      3.9620098409      0.2047524627      0.1901856454
      3.9728944833      0.2051999807      0.1885485508
      3.9837791257      0.2056343040      0.1870277132
      3.9946637681      0.2060554326      0.1856292799
      4.0055484106      0.2064633664      0.1843581309
      4.0164330530      0.2066885562      0.1832178318
      4.0273176954      0.2066369777      0.1822105983
      4.0382023378      0.2065797112      0.1813372714
      4.0490869802      0.2065167567      0.1805973065
      4.0599716227      0.2064481141      0.1799887763
      4.0708562651      0.2063737835      0.1795083898
      4.0817409075      0.2062937649      0.1791515278
      4.0926255499      0.2062080582      0.1789122956
      4.1035101923      0.2061166635      0.1787835929
      4.1143948348      0.2060195807      0.1787572020
      4.1252794772      0.2059168100      0.1788238928
      4.1361641196      0.2058083512      0.1789735434
      4.1470487620      0.2056942043      0.1791952768
      4.1579334044      0.2055743694      0.1794776090
      4.1688180469      0.2054488465      0.1798086092
      4.1797026893      0.2053176356      0.1801760672
      4.1905873317      0.2051807366      0.1805676670
      4.2014719741      0.2050381496      0.1809711617
      4.2123566165      0.2048898424      0.1813745474
      4.2232412590      0.2047369718      0.1817662333
      4.2341259014      0.2045818407      0.1821352034
      4.2450105438      0.2044244802      0.1824711673
      4.2558951862      0.2042648902      0.1827646980
      4.2667798286      0.2041030708      0.1830073523
      4.2776644711      0.2039390220      0.1831917738
      4.2885491135      0.2037789559      0.1833117751
      4.2994337559      0.2036183510      0.1833623988
      4.3103183983      0.2034587132      0.1833399568
      4.3212030407      0.2033029838      0.1832420475
      4.3320876832      0.2031511710      0.1830675517
      4.3429723256      0.2030032750      0.1828166079
      4.3538569680      0.2028592956      0.1824905686
      4.3647416104      0.2027192329      0.1820919399
      4.3756262528      0.2025830869      0.1816243062
      4.3865108953      0.2024508575      0.1810922426
      4.3973955377      0.2023224503      0.1805012177
      4.4082801801      0.2021956842      0.1798574895
      4.4191648225      0.2020696477      0.1791679971
      4.4300494649      0.2019443409      0.1784402514
      4.4409341074      0.2018197636      0.1776822251
      4.4518187498      0.2016959159      0.1769022472
      4.4627033922      0.2015727979      0.1761089006
      4.4735880346      0.2014504094      0.1753109269
      4.4844726770      0.2013287505      0.1745171366
      4.4953573195      0.2012078212      0.1737363279
      4.5062419619      0.2010876216      0.1729772128
      4.5171266043      0.2009681515      0.1722483498
      4.5280112467      0.2008494110      0.1715580839
      4.5388958891      0.2007314002      0.1709144931
      4.5497805316      0.2006141189      0.1703253384
      4.5606651740      0.2004975672      0.1697980195
      4.5715498164      0.2003817451      0.1693395310
      4.5824344588      0.2002666527      0.1689564222
      4.5933191012      0.2001654921      0.1686547557
      4.6042037437      0.2000733988      0.1684400670
      4.6150883861      0.1999786876      0.1683173218
      4.6259730285      0.1998813090      0.1682908731
      4.6368576709      0.1997817716      0.1683644158
      4.6477423133      0.1996800755      0.1685409414
      4.6586269558      0.1995762206      0.1688226911
      4.6695115982      0.1994702071      0.1692111095
      4.6803962406      0.1993620348      0.1697068001
      4.6912808830      0.1992517037      0.1703094830
      4.7021655254      0.1991392139      0.1710179573
      4.7130501679      0.1990245654      0.1718300689
      4.7239348103      0.1989077582      0.1727426858
      4.7348194527      0.1987887922      0.1737516826
      4.7457040951      0.1986676675      0.1748519344
      4.7565887375      0.1985443841      0.1760373229
      4.7674733800      0.1983840890      0.1773007547
      4.7783580224      0.1981823223      0.1786341917
      4.7892426648      0.1979795599      0.1800286962
      4.8001273072      0.1977758019      0.1814744878
      4.8110119496      0.1975710483      0.1829610141
      4.8218965921      0.1973652991      0.1844770326
      4.8327812345      0.1971585542      0.1860107044
      4.8436658769      0.1969508136      0.1875496967
      4.8545505193      0.1967420774      0.1890812941
      4.8654351617      0.1965323456      0.1905925157
      4.8763198042      0.1963216182      0.1920702372
      4.8872044466      0.1961098951      0.1935013148
      4.8980890890      0.1958971764      0.1948727106
      4.9089737314      0.1956834620      0.1961716165
      4.9198583738      0.1991423898      0.1973855747
      4.9307430163      0.2021504473      0.1985025948
      4.9416276587      0.2045957876      0.1995112647
      4.9525123011      0.2064784110      0.2004008542
      4.9633969435      0.2077983172      0.2011614116
      4.9742815859      0.2085555064      0.2017838516
      4.9851662284      0.2087499785      0.2022600343
      4.9960508708      0.2083817335      0.2025828357
      5.0069355132      0.2076883588      0.2027462085
      5.0178201556      0.2070258148      0.2027452348
      5.0287047980      0.2063975746      0.2025761695
      5.0395894405      0.2058036380      0.2022364766
      5.0504740829      0.2052440052      0.2017248559
      5.0613587253      0.2047186760      0.2010412640
      5.0722433677      0.2042276506      0.2001869274
      5.0831280101      0.2037709289      0.1991643483
      5.0940126526      0.2033485109      0.1979773052
      5.1048972950      0.2029603966      0.1966308457
      5.1157819374      0.2026065312      0.1951312743
      5.1266665798      0.2022868716      0.1934861329
      5.1375512222      0.2010934143      0.1917041753
      5.1484358647      0.1991808469      0.1897953354
      5.1593205071      0.1974174155      0.1877706879
      5.1702051495      0.1958031201      0.1856424028
      5.1810897919      0.1943379607      0.1834236914
      5.1919744343      0.1930219374      0.1811287461
      5.2028590768      0.1918550501      0.1787726706
      5.2137437192      0.1908372988      0.1763714035
      5.2246283616      0.1899686835      0.1739416326
      5.2355130040      0.1892492043      0.1715007011
      5.2463976464      0.1886788611      0.1690665055
      5.2572822889      0.1882576539      0.1666573847
      5.2681669313      0.1879746559      0.1642920016
      5.2790515737      0.1877202730      0.1619892161
      5.2899362161      0.1874661927      0.1597679510
      5.3008208585      0.1872124150      0.1576470511
      5.3117055010      0.1869589400      0.1556451353
      5.3225901434      0.1867057676      0.1537804433
      5.3334747858      0.1864530935      0.1520706780
      5.3443594282      0.1862011474      0.1505328430
      5.3552440706      0.1859499299      0.1491830780
      5.3661287131      0.1856994410      0.1480364928
      5.3770133555      0.1854497645      0.1471070006
      5.3878979979      0.1852028237      0.1464071527
      5.3987826403      0.1849594202      0.1459479769
      5.4096672827      0.1847195538      0.1457388193
      5.4205519252      0.1844832247      0.1457871945
      5.4314365676      0.1842504327      0.1460986431
      5.4423212100      0.1840211780      0.1466766013
      5.4532058524      0.1837954605      0.1475222831
      5.4640904948      0.1835732802      0.1486345793
      5.4749751373      0.1833546371      0.1500099734
      5.4858597797      0.1831395313      0.1516424793
      5.4967444221      0.1829279626      0.1535236014
      5.5076290645      0.1827199312      0.1556423203
      5.5185137069      0.1825154369      0.1579851058
      5.5293983494      0.1823108199      0.1605359591
      5.5402829918      0.1821047986      0.1632764862
      5.5511676342      0.1818971655      0.1661860024
      5.5620522766      0.1816864081      0.1692416702
      5.5729369190      0.1814725263      0.1724186694
      5.5838215615      0.1812555202      0.1756903993
      5.5947062039      0.1810353897      0.1790287127
      5.6055908463      0.1808121350      0.1824041781
      5.6164754887      0.1805857559      0.1857863702
      5.6273601311      0.1803562525      0.1891441830
      5.6382447736      0.1801236248      0.1924461635
      5.6491294160      0.1798878727      0.1956608614
      5.6600140584      0.1796489963      0.1987571888
      5.6708987008      0.1794069956      0.2017047858
      5.6817833432      0.1791618706      0.2044743858
      5.6926679857      0.1789136212      0.2070381742
      5.7035526281      0.1786642576      0.2093701346
      5.7144372705      0.1784175866      0.2114463771
      5.7253219129      0.1781736378      0.2132454415
      5.7362065553      0.1779322809      0.2147485705
      5.7470911978      0.1776932927      0.2159399484
      5.7579758402      0.1774566694      0.2168068990
      5.7688604826      0.1770581346      0.2173400405
      5.7797451250      0.1766522285      0.2175333935
      5.7906297674      0.1762549584      0.2173844397
      5.8015144099      0.1758663241      0.2168941310
      5.8123990523      0.1754863257      0.2160668471
      5.8232836947      0.1751149633      0.2149103046
      5.8341683371      0.1747522367      0.2134354170
      5.8450529795      0.1743964168      0.2116561100
      5.8559376220      0.1740223949      0.2095890946
      5.8668222644      0.1736571718      0.2072536032
      5.8777069068      0.1732996152      0.2046710930
      5.8885915492      0.1729497185      0.2018649227
      5.8994761916      0.1726074817      0.1988600088
      5.9103608341      0.1722729048      0.1956824672
      5.9212454765      0.1719459879      0.1923592480
      5.9321301189      0.1716267309      0.1889177679
      5.9430147613      0.1713151337      0.1853855489
      5.9538994037      0.1710111965      0.1817898682
      5.9647840462      0.1707149192      0.1781574257
      5.9756686886      0.1704263019      0.1745140332
      5.9865533310      0.1701453444      0.1708843325
      5.9974379734      0.1698720469      0.1672915436
      6.0083226158      0.1696064076      0.1637572487
      6.0192072583      0.1693440291      0.1603012135
      6.0300919007      0.1690808455      0.1569412475
      6.0409765431      0.1688168567      0.1536931053
      6.0518611855      0.1685520627      0.1505704286
      6.0627458279      0.1682864635      0.1475847279
      6.0736304704      0.1680200591      0.1447454038
      6.0845151128      0.1677528495      0.1420598061
      6.0953997552      0.1674848347      0.1395333264
      6.1062843976      0.1672160147      0.1371695237
      6.1171690400      0.1669463896      0.1349702778
      6.1280536825      0.1666759592      0.1329359665
      6.1389383249      0.1664047236      0.1310656642
      6.1498229673      0.1661331677      0.1293573543
      6.1607076097      0.1658626213      0.1278081537
      6.1715922521      0.1655931607      0.1264145419
      6.1824768946      0.1653247860      0.1251725920
      6.1933615370      0.1650574970      0.1240781965
      6.2042461794      0.1647912939      0.1231272855
      6.2151308218      0.1645261766      0.1223160302
      6.2260154642      0.1642621451      0.1216410292
      6.2369001067      0.1639991993      0.1210994729
      6.2477847491      0.1637373395      0.1206892826
      6.2586693915      0.1634765654      0.1204092203
      6.2695540339      0.1632168771      0.1202589684
      6.2804386763      0.1629582746      0.1202391761
      6.2913233188      0.1627007580      0.1203514707
      6.3022079612      0.1624443271      0.1205984353
      6.3130926036      0.1621889821      0.1209835510
      6.3239772460      0.1619347115      0.1215111053
      6.3348618884      0.1616803041      0.1221860688
      6.3457465309      0.1614256620      0.1230139419
      6.3566311733      0.1611707850      0.1240005754
      6.3675158157      0.1609156732      0.1251519678
      6.3784004581      0.1606603266      0.1264740449
      6.3892851005      0.1604047452      0.1279724258
      6.4001697430      0.1601489290      0.1296521810
      6.4110543854      0.1598928780      0.1315175883
      6.4219390278      0.1596365922      0.1335718922
      6.4328236702      0.1593800715      0.1358170731
      6.4437083126      0.1591233161      0.1382536312
      6.4545929551      0.1588663259      0.1408803922
      6.4654775975      0.1586091008      0.1436943384
      6.4763622399      0.1583516409      0.1466904711
      6.4872468823      0.1580939463      0.1498617075
      6.4981315247      0.1578360168      0.1531988156
      6.5090161672      0.1575778525      0.1566903903
      6.5199008096      0.1573195361      0.1603228702
      6.5307854520      0.1570620151      0.1640805981
      6.5416700944      0.1568055585      0.1679459224
      6.5525547368      0.1565501660      0.1718993392
      6.5634393793      0.1562958438      0.1759196724
      6.5743240217      0.1560426087      0.1799842874
      6.5852086641      0.1557904619      0.1840693356
      6.5960933065      0.1555394033      0.1881500230
      6.6069779489      0.1552894329      0.1922008993
      6.6178625914      0.1550405508      0.1961961591
      6.6287472338      0.1547927569      0.2001099507
      6.6396318762      0.1545460512      0.2039166859
      6.6505165186      0.1543004338      0.2075913426
      6.6614011610      0.1540559046      0.2111097568
      6.6722858035      0.1538124636      0.2144488964
      6.6831704459      0.1535695395      0.2175871111
      6.6940550883      0.1533251164      0.2205043567
      6.7049397307      0.1530617185      0.2231823865
      6.7158243731      0.1537450906      0.2256049098
      6.7267090156      0.1570536951      0.2277577136
      6.7375936580      0.1630159525      0.2296287484
      6.7484783004      0.1682828322      0.2312081759
      6.7593629428      0.1675749086      0.2324883818
      6.7702475852      0.1669017084      0.2334639537
      6.7811322277      0.1662632317      0.2341316280
      6.7920168701      0.1656594784      0.2344902078
      6.8029015125      0.1650904486      0.2345404572
      6.8137861549      0.1645561015      0.2342849747
      6.8246707973      0.1640562824      0.2337280513
      6.8355554398      0.1635909761      0.2328755177
      6.8464400822      0.1631601826      0.2317345854
      6.8573247246      0.1627639020      0.2303136857
      6.8682093670      0.1624021343      0.2286223115
      6.8790940094      0.1620748794      0.2266708661
      6.8899786519      0.1617821373      0.2244705213
      6.9008632943      0.1615239081      0.2220330880
      6.9117479367      0.1613001918      0.2193709029
      6.9226325791      0.1611109882      0.2164967303
      6.9335172215      0.1609562976      0.2134236818
      6.9444018640      0.1496516088      0.2101651538
      6.9552865064      0.1490353132      0.2067347817
      6.9661711488      0.1486830257      0.2031464093
      6.9770557912      0.1483326316      0.1994140738
      6.9879404336      0.1479841309      0.1955520020
      6.9988250761      0.1476375235      0.1915746159
      7.0097097185      0.1472928094      0.1874965461
      7.0205943609      0.1469499886      0.1833326478
      7.0314790033      0.1466090612      0.1790980181
      7.0423636457      0.1462700270      0.1748080106
      7.0532482882      0.1459328863      0.1704782444
      7.0641329306      0.1455976388      0.1661246049
      7.0750175730      0.1452642847      0.1617632333
      7.0859022154      0.1449328240      0.1574105035
      7.0967868578      0.1446032565      0.1530829835
      7.1076715003      0.1442755824      0.1487973814
      7.1185561427      0.1439501875      0.1445704735
      7.1294407851      0.1436284909      0.1404190166
      7.1403254275      0.1433077231      0.1363596420
      7.1512100699      0.1429863275      0.1324087353
      7.1620947124      0.1426664211      0.1285823010
      7.1729793548      0.1423480039      0.1248958155
      7.1838639972      0.1420310758      0.1213640701
      7.1947486396      0.1417156368      0.1180010078
      7.2056332820      0.1414016870      0.1148195568
      7.2165179245      0.1410892264      0.1118314642
      7.2274025669      0.1407782549      0.1090471344
      7.2382872093      0.1404687725      0.1064754751
      7.2491718517      0.1401607793      0.1041237564
      7.2600564941      0.1398542752      0.1019974844
      7.2709411366      0.1395492603      0.1001002961
      7.2818257790      0.1392457346      0.0984338755
      7.2927104214      0.1389436979      0.0969978965
      7.3035950638      0.1386431505      0.0957899931
      7.3144797062      0.1383440922      0.0948057600
      7.3253643487      0.1380465230      0.0940387834
      7.3362489911      0.1377504430      0.0934807039
      7.3471336335      0.1374558521      0.0931213092
      7.3580182759      0.1371627504      0.0929486583
      7.3689029183      0.1368711378      0.0929492321
      7.3797875608      0.1365810144      0.0931081112
      7.3906722032      0.1362923801      0.0934091755
      7.4015568456      0.1360052350      0.0938353226
      7.4124414880      0.1357195790      0.0943687011
      7.4233261304      0.1354354122      0.0949909544
      7.4342107729      0.1351527345      0.0956834692
      7.4450954153      0.1348715460      0.0964276247
      7.4559800577      0.1345918466      0.0972050375
      7.4668647001      0.1343136363      0.0979977962
      7.4777493425      0.1340369153      0.0987886832
      7.4886339850      0.1337616833      0.0995613768
      7.4995186274      0.1334879405      0.1003006325
      7.5104032698      0.1329929832      0.1009924381
      7.5212879122      0.1323842873      0.1016241416
      7.5321725546      0.1318057512      0.1021845496
      7.5430571971      0.1312573750      0.1026639947
      7.5539418395      0.1307391586      0.1030543723
      7.5648264819      0.1302511021      0.1033491473
      7.5757111243      0.1297932055      0.1035433313
      7.5865957667      0.1293654687      0.1036334331
      7.5974804092      0.1289678918      0.1036173851
      7.6083650516      0.1286004748      0.1034944471
      7.6192496940      0.1282632176      0.1032650942
      7.6301343364      0.1279528035      0.1029308896
      7.6410189788      0.1276468884      0.1024943482
      7.6519036213      0.1273413089      0.1019587949
      7.6627882637      0.1270360649      0.1013282216
      7.6736729061      0.1267311565      0.1006071468
      7.6845575485      0.1264265836      0.0998004822
      7.6954421909      0.1261223463      0.0989134088
      7.7063268334      0.1258184446      0.0979512662
      7.7172114758      0.1255148784      0.0969194572
      7.7280961182      0.1252116478      0.0958233689
      7.7389807606      0.1249087528      0.0946683133
      7.7498654030      0.1246061933      0.0934594857
      7.7607500455      0.1243039693      0.0922019428
      7.7716346879      0.1240020810      0.0909005987
      7.7825193303      0.1237005282      0.0895602378
      7.7934039727      0.1233993109      0.0881855442
      7.8042886151      0.1230984292      0.0867811431
      7.8151732576      0.1227978831      0.0853516538
      7.8260579000      0.1224987992      0.0839017511
      7.8369425424      0.1223090386      0.0824362314
      7.8478271848      0.1221129470      0.0809600815
      7.8587118272      0.1219105244      0.0794785465
      7.8695964697      0.1217017707      0.0779971938
      7.8804811121      0.1214866654      0.0765219715
      7.8913657545      0.1212651932      0.0750592568
      7.9022503969      0.1210373540      0.0736158945
      7.9131350393      0.1208031479      0.0721992210
      7.9240196818      0.1205625748      0.0708170748
      7.9349043242      0.1203156348      0.0694777913
      7.9457889666      0.1200623279      0.0681901803
      7.9566736090      0.1198026540      0.0669634878
      7.9675582514      0.1195366132      0.0658073408
      7.9784428939      0.1192642054      0.0647316763
      7.9893275363      0.1189854306      0.0637466556
      8.0002121787      0.1187002890      0.0628625640
      8.0110968211      0.1184087804      0.0620896998
      8.0219814635      0.1181113225      0.0614382520
      8.0328661060      0.1178081122      0.0609181702
      8.0437507484      0.1174984969      0.0605390298
      8.0546353908      0.1171824766      0.0603098923
      8.0655200332      0.1168600513      0.0602391665
      8.0764046756      0.1165312211      0.0603344708
      8.0872893181      0.1161959859      0.0606025002
      8.0981739605      0.1158543457      0.0610489006
      8.1090586029      0.1155063005      0.0616781521
      8.1199432453      0.1151518503      0.0624934647
      8.1308278877      0.1147909952      0.0634966876
      8.1417125302      0.1144237351      0.0646882337
      8.1525971726      0.1140500700      0.0660670223
      8.1634818150      0.1136699999      0.0676304397
