#      energy (eV)      DOS (tetra.)      DOS (gauss.)
    -13.6058030250      0.0000000000      0.0000000000
    -13.5949183826      0.0000000000      0.0000000000
    -13.5840337402      0.0000000000      0.0000000000
    -13.5731490977      0.0000000000      0.0000000000
    -13.5622644553      0.0000000000      0.0000000000
    -13.5513798129      0.0000000000      0.0000000000
    -13.5404951705      0.0000000000      0.0000000000
    -13.5296105281      0.0000000000      0.0000000000
    -13.5187258856      0.0000000000      0.0000000000
    -13.5078412432      0.0000000000      0.0000000000
    -13.4969566008      0.0000000000      0.0000000000
    -13.4860719584      0.0000000000      0.0000000000
    -13.4751873160      0.0000000000      0.0000000000
    -13.4643026735      0.0000000000      0.0000000000
    -13.4534180311      0.0000000000      0.0000000000
    -13.4425333887      0.0000000000      0.0000000000
    -13.4316487463      0.0000000000      0.0000000000
    -13.4207641039      0.0000000000      0.0000000000
    -13.4098794614      0.0000000000      0.0000000000
    -13.3989948190      0.0000000000      0.0000000000
    -13.3881101766      0.0000000000      0.0000000000
    -13.3772255342      0.0000000000      0.0000000000
    -13.3663408918      0.0000000000      0.0000000000
    -13.3554562493      0.0000000000      0.0000000000
    -13.3445716069      0.0000000000      0.0000000000
    -13.3336869645      0.0000000000      0.0000000000
    -13.3228023221      0.0000000000      0.0000000000
    -13.3119176797      0.0000000000      0.0000000000
    -13.3010330372      0.0000000000      0.0000000000
    -13.2901483948      0.0000000000      0.0000000000
    -13.2792637524      0.0000000000      0.0000000000
    -13.2683791100      0.0000000000      0.0000000000
    -13.2574944676      0.0000000000      0.0000000000
    -13.2466098251      0.0000000000      0.0000000000
    -13.2357251827      0.0000000000      0.0000000000
    -13.2248405403      0.0000000000      0.0000000000
    -13.2139558979      0.0000000000      0.0000000000
    -13.2030712555      0.0000000000      0.0000000000
    -13.1921866130      0.0000000000      0.0000000000
    -13.1813019706      0.0000000000      0.0000000000
    -13.1704173282      0.0000000000      0.0000000000
    -13.1595326858      0.0000000000      0.0000000000
    -13.1486480434      0.0000000000      0.0000000000
    -13.1377634009      0.0000000000      0.0000000000
    -13.1268787585      0.0000000000      0.0000000000
    -13.1159941161      0.0000000000      0.0000000000
    -13.1051094737      0.0000000000      0.0000000000
    -13.0942248313      0.0000000000      0.0000000000
    -13.0833401888      0.0000000000      0.0000000000
    -13.0724555464      0.0000000000      0.0000000000
    -13.0615709040      0.0000000000      0.0000000000
    -13.0506862616      0.0000000000      0.0000000000
    -13.0398016192      0.0000000000      0.0000000000
    -13.0289169767      0.0000000000      0.0000000000
    -13.0180323343      0.0000000000      0.0000000000
    -13.0071476919      0.0000000000      0.0000000000
    -12.9962630495      0.0000000000      0.0000000000
    -12.9853784071      0.0000000000      0.0000000000
    -12.9744937646      0.0000000000      0.0000000000
    -12.9636091222      0.0000000000      0.0000000000
    -12.9527244798      0.0000000000      0.0000000000
    -12.9418398374      0.0000000000      0.0000000000
    -12.9309551950      0.0000000000      0.0000000000
    -12.9200705525      0.0000000000      0.0000000000
    -12.9091859101      0.0000000000      0.0000000000
    -12.8983012677      0.0000000000      0.0000000000
    -12.8874166253      0.0000000000      0.0000000000
    -12.8765319829      0.0000000000      0.0000000000
    -12.8656473404      0.0000000000      0.0000000000
    -12.8547626980      0.0000000000      0.0000000000
    -12.8438780556      0.0000000000      0.0000000000
    -12.8329934132      0.0000000000      0.0000000000
    -12.8221087708      0.0000000000      0.0000000000
    -12.8112241283      0.0000000000      0.0000000000
    -12.8003394859      0.0000000000      0.0000000000
    -12.7894548435      0.0000000000      0.0000000000
    -12.7785702011      0.0000000000      0.0000000000
    -12.7676855587      0.0000000000      0.0000000000
    -12.7568009162      0.0000000000      0.0000000000
    -12.7459162738      0.0000000000      0.0000000000
    -12.7350316314      0.0000000000      0.0000000000
    -12.7241469890      0.0000000000      0.0000000000
    -12.7132623466      0.0000000000      0.0000000000
    -12.7023777041      0.0000000000      0.0000000000
    -12.6914930617      0.0000000000      0.0000000000
    -12.6806084193      0.0000000000      0.0000000000
    -12.6697237769      0.0000000000      0.0000000000
    -12.6588391345      0.0000000000      0.0000000000
    -12.6479544920      0.0000000000      0.0000000000
    -12.6370698496      0.0000000000      0.0000000000
    -12.6261852072      0.0000000000      0.0000000000
    -12.6153005648      0.0000000000      0.0000000000
    -12.6044159224      0.0000000000      0.0000000000
    -12.5935312799      0.0000000000      0.0000000000
    -12.5826466375      0.0000000000      0.0000000000
    -12.5717619951      0.0000000000      0.0000000000
    -12.5608773527      0.0000000000      0.0000000000
    -12.5499927103      0.0000000000      0.0000000000
    -12.5391080678      0.0000000000      0.0000000000
    -12.5282234254      0.0000000000      0.0000000000
    -12.5173387830      0.0000000000      0.0000000000
    -12.5064541406      0.0000000000      0.0000000000
    -12.4955694982      0.0000000000      0.0000000000
    -12.4846848557      0.0000000000      0.0000000000
    -12.4738002133      0.0000000000      0.0000000000
    -12.4629155709      0.0000000000      0.0000000000
    -12.4520309285      0.0000000000      0.0000000000
    -12.4411462861      0.0000000000      0.0000000000
    -12.4302616436      0.0000000000      0.0000000000
    -12.4193770012      0.0000000000      0.0000000000
    -12.4084923588      0.0000000000      0.0000000000
    -12.3976077164      0.0000000000      0.0000000000
    -12.3867230740      0.0000000000      0.0000000000
    -12.3758384315      0.0000000000      0.0000000000
    -12.3649537891      0.0000000000      0.0000000000
    -12.3540691467      0.0000000000      0.0000000000
    -12.3431845043      0.0000000000      0.0000000000
    -12.3322998619      0.0000000000      0.0000000000
    -12.3214152194      0.0000000000      0.0000000000
    -12.3105305770      0.0000000000      0.0000000000
    -12.2996459346      0.0000000000      0.0000000000
    -12.2887612922      0.0000000000      0.0000000000
    -12.2778766498      0.0000000000      0.0000000000
    -12.2669920073      0.0000000000      0.0000000000
    -12.2561073649      0.0000000000      0.0000000000
    -12.2452227225      0.0000000000      0.0000000000
    -12.2343380801      0.0000000000      0.0000000000
    -12.2234534377      0.0000000000      0.0000000000
    -12.2125687952      0.0000000000      0.0000000000
    -12.2016841528      0.0000000000      0.0000000000
    -12.1907995104      0.0000000000      0.0000000000
    -12.1799148680      0.0000000000      0.0000000000
    -12.1690302256      0.0000000000      0.0000000000
    -12.1581455831      0.0000000000      0.0000000000
    -12.1472609407      0.0000000000      0.0000000000
    -12.1363762983      0.0000000000      0.0000000000
    -12.1254916559      0.0000000000      0.0000000000
    -12.1146070135      0.0000000000      0.0000000000
    -12.1037223710      0.0000000000      0.0000000000
    -12.0928377286      0.0000000000      0.0000000000
    -12.0819530862      0.0000000000      0.0000000000
    -12.0710684438      0.0000000000      0.0000000000
    -12.0601838014      0.0000000000      0.0000000000
    -12.0492991589      0.0000000000      0.0000000000
    -12.0384145165      0.0000000000      0.0000000000
    -12.0275298741      0.0000000000      0.0000000000
    -12.0166452317      0.0000000000      0.0000000000
    -12.0057605893      0.0000000000      0.0000000000
    -11.9948759468      0.0000000000      0.0000000000
    -11.9839913044      0.0000000000      0.0000000000
    -11.9731066620      0.0000000000      0.0000000000
    -11.9622220196      0.0000000000      0.0000000000
    -11.9513373772      0.0000000000      0.0000000000
    -11.9404527347      0.0000000000      0.0000000000
    -11.9295680923      0.0000000000      0.0000000000
    -11.9186834499      0.0000000000      0.0000000000
    -11.9077988075      0.0000000000      0.0000000000
    -11.8969141651      0.0000000000      0.0000000000
    -11.8860295226      0.0000000000      0.0000000000
    -11.8751448802      0.0000000000      0.0000000000
    -11.8642602378      0.0000000000      0.0000000000
    -11.8533755954      0.0000000000      0.0000000000
    -11.8424909530      0.0000000000      0.0000000000
    -11.8316063105      0.0000000000      0.0000000000
    -11.8207216681      0.0000000000      0.0000000000
    -11.8098370257      0.0000000000      0.0000000000
    -11.7989523833      0.0000000000      0.0000000000
    -11.7880677409      0.0000000000      0.0000000000
    -11.7771830984      0.0000000000      0.0000000000
    -11.7662984560      0.0000000000      0.0000000000
    -11.7554138136      0.0000000000      0.0000000000
    -11.7445291712      0.0000000000      0.0000000000
    -11.7336445288      0.0000000000      0.0000000000
    -11.7227598863      0.0000000000      0.0000000000
    -11.7118752439      0.0000000000      0.0000000000
    -11.7009906015      0.0000000000      0.0000000000
    -11.6901059591      0.0000000000      0.0000000000
    -11.6792213167      0.0000000000      0.0000000000
    -11.6683366742      0.0000000000      0.0000000000
    -11.6574520318      0.0000000000      0.0000000000
    -11.6465673894      0.0000000000      0.0000000000
    -11.6356827470      0.0000000000      0.0000000000
    -11.6247981046      0.0000000000      0.0000000000
    -11.6139134621      0.0000000000      0.0000000000
    -11.6030288197      0.0000000000      0.0000000000
    -11.5921441773      0.0000000000      0.0000000000
    -11.5812595349      0.0000000000      0.0000000000
    -11.5703748925      0.0000000000      0.0000000000
    -11.5594902500      0.0000000000      0.0000000000
    -11.5486056076      0.0000000000      0.0000000000
    -11.5377209652      0.0000000000      0.0000000000
    -11.5268363228      0.0000000000      0.0000000000
    -11.5159516804      0.0000000000      0.0000000000
    -11.5050670379      0.0000000000      0.0000000000
    -11.4941823955      0.0000000000      0.0000000000
    -11.4832977531      0.0000000000      0.0000000000
    -11.4724131107      0.0000000000      0.0000000000
    -11.4615284683      0.0000000000      0.0000000000
    -11.4506438258      0.0000000000      0.0000000000
    -11.4397591834      0.0000000000      0.0000000000
    -11.4288745410      0.0000000000      0.0000000000
    -11.4179898986      0.0000000000      0.0000000000
    -11.4071052562      0.0000000000      0.0000000000
    -11.3962206137      0.0000000000      0.0000000000
    -11.3853359713      0.0000000000      0.0000000000
    -11.3744513289      0.0000000000      0.0000000000
    -11.3635666865      0.0000000000      0.0000000000
    -11.3526820441      0.0000000000      0.0000000000
    -11.3417974016      0.0000000000      0.0000000000
    -11.3309127592      0.0000000000      0.0000000000
    -11.3200281168      0.0000000000      0.0000000000
    -11.3091434744      0.0000000000      0.0000000000
    -11.2982588320      0.0000000000      0.0000000000
    -11.2873741895      0.0000000000      0.0000000000
    -11.2764895471      0.0000000000      0.0000000000
    -11.2656049047      0.0000000000      0.0000000000
    -11.2547202623      0.0000000000      0.0000000000
    -11.2438356199      0.0000000000      0.0000000000
    -11.2329509774      0.0000000000      0.0000000000
    -11.2220663350      0.0000000000      0.0000000000
    -11.2111816926      0.0000000000      0.0000000000
    -11.2002970502      0.0000000000      0.0000000000
    -11.1894124078      0.0000000000      0.0000000000
    -11.1785277653      0.0000000000      0.0000000000
    -11.1676431229      0.0000000000      0.0000000000
    -11.1567584805      0.0000000000      0.0000000000
    -11.1458738381      0.0000000000      0.0000000000
    -11.1349891957      0.0000000000      0.0000000000
    -11.1241045532      0.0000000000      0.0000000000
    -11.1132199108      0.0000000000      0.0000000000
    -11.1023352684      0.0000000000      0.0000000000
    -11.0914506260      0.0000000000      0.0000000000
    -11.0805659836      0.0000000000      0.0000000000
    -11.0696813411      0.0000000000      0.0000000000
    -11.0587966987      0.0000000000      0.0000000000
    -11.0479120563      0.0000000000      0.0000000000
    -11.0370274139      0.0000000000      0.0000000000
    -11.0261427715      0.0000000000      0.0000000000
    -11.0152581290      0.0000000000      0.0000000000
    -11.0043734866      0.0000000000      0.0000000000
    -10.9934888442      0.0000000000      0.0000000000
    -10.9826042018      0.0000000000      0.0000000000
    -10.9717195594      0.0000000000      0.0000000000
    -10.9608349169      0.0000000000      0.0000000000
    -10.9499502745      0.0000000000      0.0000000000
    -10.9390656321      0.0000000000      0.0000000000
    -10.9281809897      0.0000000000      0.0000000000
    -10.9172963473      0.0000000000      0.0000000000
    -10.9064117048      0.0000000000      0.0000000000
    -10.8955270624      0.0000000000      0.0000000000
    -10.8846424200      0.0000000000      0.0000000000
    -10.8737577776      0.0000000000      0.0000000000
    -10.8628731352      0.0000000000      0.0000000000
    -10.8519884927      0.0000000000      0.0000000000
    -10.8411038503      0.0000000000      0.0000000000
    -10.8302192079      0.0000000000      0.0000000000
    -10.8193345655      0.0000000000      0.0000000000
    -10.8084499231      0.0000000000      0.0000000000
    -10.7975652806      0.0000000000      0.0000000000
    -10.7866806382      0.0000000000      0.0000000000
    -10.7757959958      0.0000000000      0.0000000000
    -10.7649113534      0.0000000000      0.0000000000
    -10.7540267110      0.0000000000      0.0000000000
    -10.7431420685      0.0000000000      0.0000000000
    -10.7322574261      0.0000000000      0.0000000000
    -10.7213727837      0.0000000000      0.0000000000
    -10.7104881413      0.0000000000      0.0000000000
    -10.6996034989      0.0000000000      0.0000000000
    -10.6887188564      0.0000000000      0.0000000000
    -10.6778342140      0.0000000000      0.0000000000
    -10.6669495716      0.0000000000      0.0000000000
    -10.6560649292      0.0000000000      0.0000000000
    -10.6451802868      0.0000000000      0.0000000000
    -10.6342956443      0.0000000000      0.0000000000
    -10.6234110019      0.0000000000      0.0000000000
    -10.6125263595      0.0000000000      0.0000000000
    -10.6016417171      0.0000000000      0.0000000000
    -10.5907570747      0.0000000000      0.0000000000
    -10.5798724322      0.0000000000      0.0000000000
    -10.5689877898      0.0000000000      0.0000000000
    -10.5581031474      0.0000000000      0.0000000000
    -10.5472185050      0.0000000000      0.0000000000
    -10.5363338626      0.0000000000      0.0000000000
    -10.5254492201      0.0000000000      0.0000000000
    -10.5145645777      0.0000000000      0.0000000000
    -10.5036799353      0.0000000000      0.0000000000
    -10.4927952929      0.0000000000      0.0000000000
    -10.4819106505      0.0000000000      0.0000000000
    -10.4710260080      0.0000000000      0.0000000000
    -10.4601413656      0.0000000000      0.0000000000
    -10.4492567232      0.0000000000      0.0000000000
    -10.4383720808      0.0000000000      0.0000000000
    -10.4274874384      0.0000000000      0.0000000000
    -10.4166027959      0.0000000000      0.0000000000
    -10.4057181535      0.0000000000      0.0000000000
    -10.3948335111      0.0000000000      0.0000000000
    -10.3839488687      0.0000000000      0.0000000000
    -10.3730642263      0.0000000000      0.0000000000
    -10.3621795838      0.0000000000      0.0000000000
    -10.3512949414      0.0000000000      0.0000000000
    -10.3404102990      0.0000000000      0.0000000000
    -10.3295256566      0.0000000000      0.0000000000
    -10.3186410142      0.0000000000      0.0000000000
    -10.3077563717      0.0000000000      0.0000000000
    -10.2968717293      0.0000000000      0.0000000000
    -10.2859870869      0.0000000000      0.0000000000
    -10.2751024445      0.0000000000      0.0000000000
    -10.2642178021      0.0000000000      0.0000000000
    -10.2533331596      0.0000000000      0.0000000000
    -10.2424485172      0.0000000000      0.0000000000
    -10.2315638748      0.0000000000      0.0000000000
    -10.2206792324      0.0000000000      0.0000000000
    -10.2097945900      0.0000000000      0.0000000000
    -10.1989099475      0.0000000000      0.0000000000
    -10.1880253051      0.0000000000      0.0000000000
    -10.1771406627      0.0000000000      0.0000000000
    -10.1662560203      0.0000000000      0.0000000000
    -10.1553713779      0.0000000000      0.0000000000
    -10.1444867354      0.0000000000      0.0000000000
    -10.1336020930      0.0000000000      0.0000000000
    -10.1227174506      0.0000000000      0.0000000000
    -10.1118328082      0.0000000000      0.0000000000
    -10.1009481658      0.0000000000      0.0000000000
    -10.0900635233      0.0000000000      0.0000000000
    -10.0791788809      0.0000000000      0.0000000000
    -10.0682942385      0.0000000000      0.0000000000
    -10.0574095961      0.0000000000      0.0000000000
    -10.0465249537      0.0000000000      0.0000000000
    -10.0356403112      0.0000000000      0.0000000000
    -10.0247556688      0.0000000000      0.0000000000
    -10.0138710264      0.0000000000      0.0000000000
    -10.0029863840      0.0000000000      0.0000000000
     -9.9921017416      0.0000000000      0.0000000000
     -9.9812170991      0.0000000000      0.0000000001
     -9.9703324567      0.0000000000      0.0000000001
     -9.9594478143      0.0000000000      0.0000000001
     -9.9485631719      0.0000000000      0.0000000002
     -9.9376785295      0.0000000000      0.0000000002
     -9.9267938870      0.0000000000      0.0000000003
     -9.9159092446      0.0000000000      0.0000000004
     -9.9050246022      0.0000000000      0.0000000006
     -9.8941399598      0.0000000000      0.0000000008
     -9.8832553174      0.0000000000      0.0000000011
     -9.8723706749      0.0000000000      0.0000000015
     -9.8614860325      0.0000000000      0.0000000020
     -9.8506013901      0.0000000000      0.0000000027
     -9.8397167477      0.0000000000      0.0000000037
     -9.8288321053      0.0000000000      0.0000000049
     -9.8179474628      0.0000000000      0.0000000065
     -9.8070628204      0.0000000000      0.0000000087
     -9.7961781780      0.0000000000      0.0000000115
     -9.7852935356      0.0000000000      0.0000000152
     -9.7744088932      0.0000000000      0.0000000200
     -9.7635242507      0.0000000000      0.0000000263
     -9.7526396083      0.0000000000      0.0000000344
     -9.7417549659      0.0000000000      0.0000000448
     -9.7308703235      0.0000000000      0.0000000583
     -9.7199856811      0.0000000000      0.0000000756
     -9.7091010386      0.0000000000      0.0000000978
     -9.6982163962      0.0000000000      0.0000001261
     -9.6873317538      0.0000000000      0.0000001620
     -9.6764471114      0.0000000000      0.0000002076
     -9.6655624690      0.0000000000      0.0000002652
     -9.6546778265      0.0000000000      0.0000003378
     -9.6437931841      0.0000000000      0.0000004290
     -9.6329085417      0.0000000000      0.0000005431
     -9.6220238993      0.0000000000      0.0000006856
     -9.6111392569      0.0000000000      0.0000008629
     -9.6002546144      0.0000000000      0.0000010828
     -9.5893699720      0.0000000000      0.0000013549
     -9.5784853296      0.0000000000      0.0000016903
     -9.5676006872      0.0000000000      0.0000021026
     -9.5567160448      0.0000000000      0.0000026079
     -9.5458314023      0.0000000000      0.0000032253
     -9.5349467599      0.0000000000      0.0000039775
     -9.5240621175      0.0000000000      0.0000048911
     -9.5131774751      0.0000000000      0.0000059975
     -9.5022928327      0.0000000000      0.0000073334
     -9.4914081902      0.0000000000      0.0000089416
     -9.4805235478      0.0000000000      0.0000108721
     -9.4696389054      0.0000000000      0.0000131828
     -9.4587542630      0.0000000000      0.0000159404
     -9.4478696206      0.0000000000      0.0000192220
     -9.4369849781      0.0000000000      0.0000231162
     -9.4261003357      0.0000000000      0.0000277242
     -9.4152156933      0.0000000000      0.0000331615
     -9.4043310509      0.0000000000      0.0000395595
     -9.3934464085      0.0000000000      0.0000470671
     -9.3825617660      0.0000000000      0.0000558526
     -9.3716771236      0.0000000000      0.0000661055
     -9.3607924812      0.0000000000      0.0000780386
     -9.3499078388      0.0000000000      0.0000918901
     -9.3390231964      0.0000000000      0.0001079255
     -9.3281385539      0.0000000000      0.0001264403
     -9.3172539115      0.0000000000      0.0001477620
     -9.3063692691      0.0000000000      0.0001722525
     -9.2954846267      0.0000000000      0.0002003105
     -9.2845999843      0.0000000000      0.0002323739
     -9.2737153418      0.0000000000      0.0002689217
     -9.2628306994      0.0000000000      0.0003104768
     -9.2519460570      0.0000000000      0.0003576079
     -9.2410614146      0.0000000000      0.0004109315
     -9.2301767722      0.0000000000      0.0004711135
     -9.2192921297      0.0000000000      0.0005388711
     -9.2084074873      0.0000000000      0.0006149739
     -9.1975228449      0.0000000000      0.0007002450
     -9.1866382025      0.0000000000      0.0007955614
     -9.1757535601      0.0000000000      0.0009018539
     -9.1648689176      0.0000000000      0.0010201071
     -9.1539842752      0.0000000000      0.0011513581
     -9.1430996328      0.0000000000      0.0012966946
     -9.1322149904      0.0000000000      0.0014572526
     -9.1213303480      0.0000000000      0.0016342131
     -9.1104457055      0.0000000000      0.0018287976
     -9.0995610631      0.0000000000      0.0020422634
     -9.0886764207      0.0000000000      0.0022758967
     -9.0777917783      0.0000000000      0.0025310059
     -9.0669071359      0.0000000000      0.0028089126
     -9.0560224934      0.0000000000      0.0031109423
     -9.0451378510      0.0000000000      0.0034384133
     -9.0342532086      0.0000000000      0.0037926244
     -9.0233685662      0.0000000000      0.0041748419
     -9.0124839238      0.0000000000      0.0045862848
     -9.0015992813      0.0000000000      0.0050281094
     -8.9907146389      0.0000000000      0.0055013923
     -8.9798299965      0.0000000000      0.0060071132
     -8.9689453541      0.0000000000      0.0065461362
     -8.9580607117      0.0000000000      0.0071191912
     -8.9471760692      0.0000000000      0.0077268546
     -8.9362914268      0.0000000000      0.0083695298
     -8.9254067844      0.0000000000      0.0090474286
     -8.9145221420      0.0000000000      0.0097605523
     -8.9036374996      0.0000000000      0.0105086743
     -8.8927528571      0.0000000000      0.0112913240
     -8.8818682147      0.0000000000      0.0121077721
     -8.8709835723      0.0000000000      0.0129570184
     -8.8600989299      0.0000000000      0.0138377823
     -8.8492142875      0.0000103189      0.0147484960
     -8.8383296450      0.0001689703      0.0156873011
     -8.8274450026      0.0005191748      0.0166520502
     -8.8165603602      0.0010609324      0.0176403112
     -8.8056757178      0.0017942433      0.0186493773
     -8.7947910754      0.0027191072      0.0196762818
     -8.7839064329      0.0038355244      0.0207178176
     -8.7730217905      0.0051434947      0.0217705622
     -8.7621371481      0.0066430181      0.0228309084
     -8.7512525057      0.0083340948      0.0238950993
     -8.7403678633      0.0102167245      0.0249592694
     -8.7294832208      0.0122909075      0.0260194897
     -8.7185985784      0.0145566436      0.0270718175
     -8.7077139360      0.0169843425      0.0281123501
     -8.6968292936      0.0194864936      0.0291372815
     -8.6859446512      0.0220573476      0.0301429613
     -8.6750600087      0.0246969047      0.0311259554
     -8.6641753663      0.0274051647      0.0320831069
     -8.6532907239      0.0301821277      0.0330115965
     -8.6424060815      0.0330277938      0.0339090010
     -8.6315214391      0.0351408869      0.0347733485
     -8.6206367966      0.0360538944      0.0356031698
     -8.6097521542      0.0368550537      0.0363975434
     -8.5988675118      0.0375443647      0.0371561347
     -8.5879828694      0.0381218274      0.0378792262
     -8.5770982270      0.0385874419      0.0385677389
     -8.5662135845      0.0389412080      0.0392232440
     -8.5553289421      0.0391831259      0.0398479629
     -8.5444442997      0.0393131955      0.0404447561
     -8.5335596573      0.0393314169      0.0410171000
     -8.5226750149      0.0392377899      0.0415690509
     -8.5117903724      0.0390323147      0.0421051970
     -8.5009057300      0.0387149912      0.0426305988
     -8.4900210876      0.0394634692      0.0431507170
     -8.4791364452      0.0403552471      0.0436713304
     -8.4682518028      0.0412529424      0.0441984441
     -8.4573671603      0.0421565551      0.0447381891
     -8.4464825179      0.0430660851      0.0452967155
     -8.4355978755      0.0439815325      0.0458800806
     -8.4247132331      0.0449028972      0.0464941341
     -8.4138285907      0.0458301793      0.0471444021
     -8.4029439482      0.0467633787      0.0478359734
     -8.3920593058      0.0477024956      0.0485733884
     -8.3811746634      0.0486475298      0.0493605347
     -8.3702900210      0.0495984813      0.0502005508
     -8.3594053786      0.0505553502      0.0510957401
     -8.3485207361      0.0515181365      0.0520474973
     -8.3376360937      0.0524868402      0.0530562492
     -8.3267514513      0.0534614612      0.0541214115
     -8.3158668089      0.0544419995      0.0552413622
     -8.3049821665      0.0554271977      0.0564134338
     -8.2940975240      0.0563985865      0.0576339237
     -8.2832128816      0.0573500486      0.0588981232
     -8.2723282392      0.0582815840      0.0602003668
     -8.2614435968      0.0591931927      0.0615340974
     -8.2505589544      0.0600848747      0.0628919511
     -8.2396743119      0.0609566300      0.0642658561
     -8.2287896695      0.0618084587      0.0656471471
     -8.2179050271      0.0626403606      0.0670266911
     -8.2070203847      0.0634516621      0.0683950240
     -8.1961357423      0.0642191668      0.0697424937
     -8.1852510998      0.0649314501      0.0710594095
     -8.1743664574      0.0655885122      0.0723361917
     -8.1634818150      0.0661903530      0.0735635223
     -8.1525971726      0.0667369726      0.0747324912
     -8.1417125302      0.0672283708      0.0758347360
     -8.1308278877      0.0676645477      0.0768625739
     -8.1199432453      0.0680455033      0.0778091216
     -8.1090586029      0.0683712377      0.0786684026
     -8.0981739605      0.0686417507      0.0794354389
     -8.0872893181      0.0691480911      0.0801063270
     -8.0764046756      0.0696303789      0.0806782956
     -8.0655200332      0.0700677444      0.0811497457
     -8.0546353908      0.0704962350      0.0815202716
     -8.0437507484      0.0709159869      0.0817906640
     -8.0328661060      0.0713270000      0.0819628943
     -8.0219814635      0.0717292742      0.0820400828
     -8.0110968211      0.0721228097      0.0820264498
     -8.0002121787      0.0725076064      0.0819272524
     -7.9893275363      0.0728956011      0.0817487084
     -7.9784428939      0.0733005874      0.0814979087
     -7.9675582514      0.0737225829      0.0811827199
     -7.9566736090      0.0741615876      0.0808116808
     -7.9457889666      0.0746176016      0.0803938919
     -7.9349043242      0.0750906247      0.0799389028
     -7.9240196818      0.0755806570      0.0794565975
     -7.9131350393      0.0760876986      0.0789570798
     -7.9022503969      0.0766117494      0.0784505612
     -7.8913657545      0.0771528094      0.0779472509
     -7.8804811121      0.0777108786      0.0774572516
     -7.8695964697      0.0782859570      0.0769904595
     -7.8587118272      0.0788718528      0.0765564714
     -7.8478271848      0.0794581022      0.0761644974
     -7.8369425424      0.0800445354      0.0758232820
     -7.8260579000      0.0806311524      0.0755410311
     -7.8151732576      0.0812179532      0.0753253470
     -7.8042886151      0.0818049378      0.0751831697
     -7.7934039727      0.0823921062      0.0751207260
     -7.7825193303      0.0829794583      0.0751434839
     -7.7716346879      0.0835669942      0.0752561143
     -7.7607500455      0.0841547139      0.0754624576
     -7.7498654030      0.0847426174      0.0757654969
     -7.7389807606      0.0853307047      0.0761673358
     -7.7280961182      0.0859189757      0.0766691817
     -7.7172114758      0.0865074305      0.0772713350
     -7.7063268334      0.0870960692      0.0779731828
     -7.6954421909      0.0876848915      0.0787731984
     -7.6845575485      0.0882738977      0.0796689473
     -7.6736729061      0.0888649560      0.0806570984
     -7.6627882637      0.0894631137      0.0817334429
     -7.6519036213      0.0900686425      0.0828929194
     -7.6410189788      0.0906758387      0.0841296478
     -7.6301343364      0.0912798565      0.0854369704
     -7.6192496940      0.0918806959      0.0868075022
     -7.6083650516      0.0924783570      0.0882331901
     -7.5974804092      0.0930728397      0.0897053811
     -7.5865957667      0.0936641440      0.0912149004
     -7.5757111243      0.0942522699      0.0927521377
     -7.5648264819      0.0948372174      0.0943071434
     -7.5539418395      0.0954189865      0.0958697326
     -7.5430571971      0.0959975773      0.0974295968
     -7.5321725546      0.0965729896      0.0989764222
     -7.5212879122      0.0971452236      0.1005000134
     -7.5104032698      0.0977142792      0.1019904209
     -7.4995186274      0.0982801564      0.1034380705
     -7.4886339850      0.0988428553      0.1048338934
     -7.4777493425      0.0994022996      0.1061694544
     -7.4668647001      0.0999534683      0.1074370757
     -7.4559800577      0.1004933364      0.1086299554
     -7.4450954153      0.1010415313      0.1097422769
     -7.4342107729      0.1016572282      0.1107693076
     -7.4233261304      0.1022738291      0.1117074850
     -7.4124414880      0.1028913340      0.1125544877
     -7.4015568456      0.1035097430      0.1133092894
     -7.3906722032      0.1041290559      0.1139721942
     -7.3797875608      0.1046495900      0.1145448520
     -7.3689029183      0.1051086147      0.1150302526
     -7.3580182759      0.1055630940      0.1154326973
     -7.3471336335      0.1060130278      0.1157577488
     -7.3362489911      0.1064584162      0.1160121578
     -7.3253643487      0.1068992592      0.1162037675
     -7.3144797062      0.1073355567      0.1163413972
     -7.3035950638      0.1077673088      0.1164347047
     -7.2927104214      0.1081945154      0.1164940311
     -7.2818257790      0.1086171766      0.1165302289
     -7.2709411366      0.1090352923      0.1165544757
     -7.2600564941      0.1094567913      0.1165780772
     -7.2491718517      0.1099673988      0.1166122623
     -7.2382872093      0.1104770966      0.1166679734
     -7.2274025669      0.1109858847      0.1167556566
     -7.2165179245      0.1114937631      0.1168850545
     -7.2056332820      0.1120007317      0.1170650065
     -7.1947486396      0.1125067906      0.1173032601
     -7.1838639972      0.1130119397      0.1176062977
     -7.1729793548      0.1135161791      0.1179791820
     -7.1620947124      0.1140195088      0.1184254245
     -7.1512100699      0.1145219287      0.1189468793
     -7.1403254275      0.1150234389      0.1195436659
     -7.1294407851      0.1155240394      0.1202141238
     -7.1185561427      0.1160237301      0.1209547989
     -7.1076715003      0.1165225111      0.1217604655
     -7.0967868578      0.1170203824      0.1226241824
     -7.0859022154      0.1175173439      0.1235373840
     -7.0750175730      0.1180133957      0.1244900050
     -7.0641329306      0.1185085378      0.1254706380
     -7.0532482882      0.1190027701      0.1264667205
     -7.0423636457      0.1194972395      0.1274647491
     -7.0314790033      0.1199972216      0.1284505164
     -7.0205943609      0.1205033732      0.1294093681
     -7.0097097185      0.1210156943      0.1303264726
     -6.9988250761      0.1215341851      0.1311871011
     -6.9879404336      0.1220609194      0.1319769103
     -6.9770557912      0.1225979707      0.1326822235
     -6.9661711488      0.1231453390      0.1332903035
     -6.9552865064      0.1237030242      0.1337896129
     -6.9444018640      0.1242710263      0.1341700547
     -6.9335172215      0.1248493454      0.1344231904
     -6.9226325791      0.1254379815      0.1345424295
     -6.9117479367      0.1260369345      0.1345231870
     -6.9008632943      0.1266462044      0.1343630060
     -6.8899786519      0.1272662582      0.1340616431
     -6.8790940094      0.1278951153      0.1336211146
     -6.8682093670      0.1285247239      0.1330457030
     -6.8573247246      0.1291538654      0.1323419242
     -6.8464400822      0.1297837338      0.1315184565
     -6.8355554398      0.1304160186      0.1305860331
     -6.8246707973      0.1310507318      0.1295573003
     -6.8137861549      0.1316878736      0.1284466458
     -6.8029015125      0.1323274438      0.1272700001
     -6.7920168701      0.1329691775      0.1260446154
     -6.7811322277      0.1336107535      0.1247888267
     -6.7702475852      0.1342516307      0.1235218004
     -6.7593629428      0.1348918089      0.1222632746
     -6.7484783004      0.1355312882      0.1210332957
     -6.7375936580      0.1361700686      0.1198519570
     -6.7267090156      0.1368081501      0.1187391424
     -6.7158243731      0.1374455327      0.1177142800
     -6.7049397307      0.1380822164      0.1167961080
     -6.6940550883      0.1387182012      0.1160024567
     -6.6831704459      0.1393534872      0.1153500491
     -6.6722858035      0.1399880742      0.1148543200
     -6.6614011610      0.1406219622      0.1145292576
     -6.6505165186      0.1412551514      0.1143872661
     -6.6396318762      0.1418876417      0.1144390498
     -6.6287472338      0.1425194331      0.1146935204
     -6.6178625914      0.1431505256      0.1151577237
     -6.6069779489      0.1437809192      0.1158367880
     -6.5960933065      0.1444247682      0.1167338911
     -6.5852086641      0.1450810387      0.1178502460
     -6.5743240217      0.1457394191      0.1191851040
     -6.5634393793      0.1463999094      0.1207357729
     -6.5525547368      0.1470625096      0.1224976515
     -6.5416700944      0.1477272197      0.1244642776
     -6.5307854520      0.1483940398      0.1266273899
     -6.5199008096      0.1490628809      0.1289770024
     -6.5090161672      0.1497335289      0.1315014920
     -6.4981315247      0.1504059743      0.1341876979
     -6.4872468823      0.1510802171      0.1370210333
     -6.4763622399      0.1517562572      0.1399856085
     -6.4654775975      0.1524340948      0.1430643665
     -6.4545929551      0.1531137297      0.1462392288
     -6.4437083126      0.1537951620      0.1494912533
     -6.4328236702      0.1544783918      0.1528008020
     -6.4219390278      0.1551632842      0.1561477176
     -6.4110543854      0.1558491140      0.1595115096
     -6.4001697430      0.1565357731      0.1628715460
     -6.3892851005      0.1572232616      0.1662072509
     -6.3784004581      0.1579115795      0.1694983050
     -6.3675158157      0.1586007267      0.1727248458
     -6.3566311733      0.1592907033      0.1758676671
     -6.3457465309      0.1599815092      0.1789084128
     -6.3348618884      0.1606731444      0.1818297632
     -6.3239772460      0.1613656091      0.1846156101
     -6.3130926036      0.1620589744      0.1872512191
     -6.3022079612      0.1627791038      0.1897233740
     -6.2913233188      0.1635769156      0.1920205032
     -6.2804386763      0.1643765050      0.1941327838
     -6.2695540339      0.1651778720      0.1960522223
     -6.2586693915      0.1659812015      0.1977727104
     -6.2477847491      0.1667895373      0.1992900550
     -6.2369001067      0.1676039552      0.2006019809
     -6.2260154642      0.1684246154      0.2017081086
     -6.2151308218      0.1692540139      0.2026099044
     -6.2042461794      0.1700930051      0.2033106081
     -6.1933615370      0.1709415890      0.2038151368
     -6.1824768946      0.1717997656      0.2041299682
     -6.1715922521      0.1726675348      0.2042630071
     -6.1607076097      0.1735448968      0.2042234366
     -6.1498229673      0.1744314528      0.2040215574
     -6.1389383249      0.1753254391      0.2036686204
     -6.1280536825      0.1762266464      0.2031766535
     -6.1171690400      0.1771350748      0.2025582886
     -6.1062843976      0.1780507242      0.2018265903
     -6.0953997552      0.1789735946      0.2009948904
     -6.0845151128      0.1799036860      0.2000766318
     -6.0736304704      0.1808409985      0.1990852219
     -6.0627458279      0.1817855320      0.1980339014
     -6.0518611855      0.1827372647      0.1969356264
     -6.0409765431      0.1836951408      0.1958029675
     -6.0300919007      0.1846585771      0.1946480267
     -6.0192072583      0.1856275736      0.1934823704
     -6.0083226158      0.1866021302      0.1923169806
     -5.9974379734      0.1875822471      0.1911622227
     -5.9865533310      0.1885677724      0.1900278284
     -5.9756686886      0.1895581866      0.1889228941
     -5.9647840462      0.1905547113      0.1878558905
     -5.9538994037      0.1915578593      0.1868346849
     -5.9430147613      0.1925676304      0.1858665709
     -5.9321301189      0.1935840248      0.1849583063
     -5.9212454765      0.1946070424      0.1841161544
     -5.9103608341      0.1956366832      0.1833459289
     -5.8994761916      0.1966729473      0.1826530390
     -5.8885915492      0.1977158346      0.1820425335
     -5.8777069068      0.1987653451      0.1815191414
     -5.8668222644      0.1998214788      0.1810873089
     -5.8559376220      0.2008874309      0.1807512296
     -5.8450529795      0.2019709429      0.1805148695
     -5.8341683371      0.2030733562      0.1803819831
     -5.8232836947      0.2041947813      0.1803561233
     -5.8123990523      0.2053352182      0.1804406425
     -5.8015144099      0.2064946667      0.1806386863
     -5.7906297674      0.2076731271      0.1809531802
     -5.7797451250      0.2088722689      0.1813868095
     -5.7688604826      0.2100941185      0.1819419937
     -5.7579758402      0.2113386804      0.1826208556
     -5.7470911978      0.2126059546      0.1834251877
     -5.7362065553      0.2138959412      0.1843564160
     -5.7253219129      0.2152086402      0.1854155626
     -5.7144372705      0.2165440515      0.1866032092
     -5.7035526281      0.2179021752      0.1879194621
     -5.6926679857      0.2192815642      0.1893639206
     -5.6817833432      0.2206512270      0.1909356499
     -5.6708987008      0.2219807416      0.1926331591
     -5.6600140584      0.2233201797      0.1944543863
     -5.6491294160      0.2246695413      0.1963966909
     -5.6382447736      0.2260288265      0.1984568545
     -5.6273601311      0.2273980351      0.2006310896
     -5.6164754887      0.2287771673      0.2029150583
     -5.6055908463      0.2301662230      0.2053039001
     -5.5947062039      0.2315652022      0.2077922678
     -5.5838215615      0.2329741050      0.2103743736
     -5.5729369190      0.2343929312      0.2130440425
     -5.5620522766      0.2358317343      0.2157947741
     -5.5511676342      0.2374864514      0.2186198112
     -5.5402829918      0.2391582859      0.2215122136
     -5.5293983494      0.2408472377      0.2244649383
     -5.5185137069      0.2425533068      0.2274709217
     -5.5076290645      0.2442764933      0.2305231655
     -5.4967444221      0.2460167971      0.2336148227
     -5.4858597797      0.2477727026      0.2367392841
     -5.4749751373      0.2495422166      0.2398902620
     -5.4640904948      0.2513253300      0.2430618722
     -5.4532058524      0.2531230242      0.2462487102
     -5.4423212100      0.2549436369      0.2494459229
     -5.4314365676      0.2567890663      0.2526492726
     -5.4205519252      0.2586593124      0.2558551942
     -5.4096672827      0.2605543753      0.2590608426
     -5.3987826403      0.2624742549      0.2622641315
     -5.3878979979      0.2644190100      0.2654637620
     -5.3770133555      0.2663905347      0.2686592410
     -5.3661287131      0.2683897398      0.2718508884
     -5.3552440706      0.2704166252      0.2750398349
     -5.3443594282      0.2724710532      0.2782280082
     -5.3334747858      0.2745523322      0.2814181105
     -5.3225901434      0.2766603670      0.2846135857
     -5.3117055010      0.2787951577      0.2878185776
     -5.3008208585      0.2809567042      0.2910378815
     -5.2899362161      0.2831421228      0.2942768875
     -5.2790515737      0.2856149341      0.2975415185
     -5.2681669313      0.2882208181      0.3008381631
     -5.2572822889      0.2909072453      0.3041736057
     -5.2463976464      0.2936742158      0.3075549526
     -5.2355130040      0.2965217294      0.3109895586
     -5.2246283616      0.2994497863      0.3144849520
     -5.2137437192      0.3024583865      0.3180487614
     -5.2028590768      0.3053869559      0.3216886442
     -5.1919744343      0.3083332901      0.3254122181
     -5.1810897919      0.3113368804      0.3292269960
     -5.1702051495      0.3143978341      0.3331403263
     -5.1593205071      0.3175161512      0.3371593370
     -5.1484358647      0.3206918317      0.3412908868
     -5.1375512222      0.3239248756      0.3455415216
     -5.1266665798      0.3272152830      0.3499174375
     -5.1157819374      0.3305725864      0.3544244508
     -5.1048972950      0.3340561539      0.3590679747
     -5.0940126526      0.3376926335      0.3638530036
     -5.0831280101      0.3415139824      0.3687841044
     -5.0722433677      0.3455215759      0.3738654151
     -5.0613587253      0.3497154141      0.3791006509
     -5.0504740829      0.3540967407      0.3844931186
     -5.0395894405      0.3586987414      0.3900457379
     -5.0287047980      0.3635362039      0.3957610702
     -5.0178201556      0.3686091281      0.4016413565
     -5.0069355132      0.3739175142      0.4076885609
     -4.9960508708      0.3794516834      0.4139044236
     -4.9851662284      0.3851568701      0.4202905197
     -4.9742815859      0.3910415323      0.4268483255
     -4.9633969435      0.3970448475      0.4335792912
     -4.9525123011      0.4027904718      0.4404849182
     -4.9416276587      0.4086483813      0.4475668420
     -4.9307430163      0.4146185758      0.4548269170
     -4.9198583738      0.4207010554      0.4622673041
     -4.9089737314      0.4268980020      0.4698905566
     -4.8980890890      0.4332748746      0.4776997047
     -4.8872044466      0.4399820339      0.4856983344
     -4.8763198042      0.4471088291      0.4938906593
     -4.8654351617      0.4546552602      0.5022815813
     -4.8545505193      0.4626213272      0.5108767390
     -4.8436658769      0.4709867034      0.5196825386
     -4.8327812345      0.4796687469      0.5287061667
     -4.8218965921      0.4886586536      0.5379555805
     -4.8110119496      0.4979564234      0.5474394736
     -4.8001273072      0.5075620562      0.5571672159
     -4.7892426648      0.5174732891      0.5671487652
     -4.7783580224      0.5281992691      0.5773945497
     -4.7674733800      0.5395741940      0.5879153223
     -4.7565887375      0.5518751114      0.5987219855
     -4.7457040951      0.5653708538      0.6098253903
     -4.7348194527      0.5803021890      0.6212361102
     -4.7239348103      0.5970946992      0.6329641947
     -4.7130501679      0.6157564901      0.6450189055
     -4.7021655254      0.6367347068      0.6574084419
     -4.6912808830      0.6602806847      0.6701396606
     -4.6803962406      0.6845367858      0.6832177963
     -4.6695115982      0.7091980617      0.6966461913
     -4.6586269558      0.7342212435      0.7104260412
     -4.6477423133      0.7596166080      0.7245561641
     -4.6368576709      0.7858778891      0.7390328014
     -4.6259730285      0.8086559215      0.7538494575
     -4.6150883861      0.8315594854      0.7689967861
     -4.6042037437      0.8550025629      0.7844625271
     -4.5933191012      0.8789873444      0.8002315020
     -4.5824344588      0.9035138301      0.8162856699
     -4.5715498164      0.9285931397      0.8326042473
     -4.5606651740      0.9570617392      0.8491638930
     -4.5497805316      0.9960460705      0.8659389574
     -4.5388958891      1.0385217855      0.8829017941
     -4.5280112467      1.0836904635      0.9000231298
     -4.5171266043      1.1157518559      0.9172724873
     -4.5062419619      1.1021212714      0.9346186536
     -4.4953573195      1.0809547674      0.9520301855
     -4.4844726770      1.0630915275      0.9694759424
     -4.4735880346      1.0723395718      0.9869256345
     -4.4627033922      1.0819450676      1.0043503759
     -4.4518187498      1.0897348443      1.0217232293
     -4.4409341074      1.0979968075      1.0390197300
     -4.4300494649      1.0089670984      1.0562183764
     -4.4191648225      1.0223666878      1.0733010759
     -4.4082801801      1.0370500437      1.0902535330
     -4.3973955377      1.0530171662      1.1070655708
     -4.3865108953      1.0670502162      1.1237313770
     -4.3756262528      1.0778642210      1.1402496654
     -4.3647416104      1.0905884016      1.1566237484
     -4.3538569680      1.1041121801      1.1728615174
     -4.3429723256      1.1159483500      1.1889753278
     -4.3320876832      1.1254849092      1.2049817907
     -4.3212030407      1.1321809490      1.2209014732
     -4.3103183983      1.1372679349      1.2367585120
     -4.2994337559      1.1417527194      1.2525801483
     -4.2885491135      1.1459854456      1.2683961916
     -4.2776644711      1.1537100188      1.2842384229
     -4.2667798286      1.1605340333      1.3001399499
     -4.2558951862      1.1666415075      1.3161345273
     -4.2450105438      1.1743131962      1.3322558548
     -4.2341259014      1.1839094648      1.3485368693
     -4.2232412590      1.1942496473      1.3650090448
     -4.2123566165      1.2045886257      1.3817017146
     -4.2014719741      1.2143661059      1.3986414306
     -4.1905873317      1.2224180241      1.4158513730
     -4.1797026893      1.2309036716      1.4333508227
     -4.1688180469      1.2494915293      1.4511547070
     -4.1579334044      1.3471695811      1.4692732288
     -4.1470487620      1.4486200011      1.4877115869
     -4.1361641196      1.5386692365      1.5064697925
     -4.1252794772      1.6184201334      1.5255425866
     -4.1143948348      1.6896684188      1.5449194589
     -4.1035101923      1.7524410804      1.5645847687
     -4.0926255499      1.8067067660      1.5845179646
     -4.0817409075      1.8133287197      1.6046938990
     -4.0708562651      1.7005438898      1.6250832297
     -4.0599716227      1.7092698566      1.6456529023
     -4.0490869802      1.7185718704      1.6663667026
     -4.0382023378      1.7305538599      1.6871858675
     -4.0273176954      1.7482712909      1.7080697440
     -4.0164330530      1.7749585648      1.7289764818
     -4.0055484106      1.7980128191      1.7498637476
     -3.9946637681      1.8166517984      1.7706894463
     -3.9837791257      1.8329533452      1.7914124367
     -3.9728944833      1.8470992416      1.8119932279
     -3.9620098409      1.9396818498      1.8323946436
     -3.9511251985      2.0035583863      1.8525824431
     -3.9402405560      1.9558251728      1.8725258874
     -3.9293559136      1.9231495921      1.8921982411
     -3.9184712712      1.9090089090      1.9115772023
     -3.9075866288      1.9120506333      1.9306452514
     -3.8967019864      1.9071278230      1.9493899167
     -3.8858173439      1.9101795961      1.9678039492
     -3.8749327015      1.9232297071      1.9858854073
     -3.8640480591      2.0685595318      2.0036376487
     -3.8531634167      2.0706222743      2.0210692309
     -3.8422787743      2.1381616981      2.0381937221
     -3.8313941318      2.2552847997      2.0550294268
     -3.8205094894      2.3420581186      2.0715990293
     -3.8096248470      2.3798094828      2.0879291622
     -3.7987402046      2.3367400082      2.1040499059
     -3.7878555622      2.3368415541      2.1199942277
     -3.7769709197      2.2599432936      2.1357973667
     -3.7660862773      2.0824873698      2.1514961762
     -3.7552016349      2.0201667500      2.1671284302
     -3.7443169925      2.1099376217      2.1827321060
     -3.7334323501      2.0052794018      2.1983446509
     -3.7225477076      1.6845449675      2.2140022437
     -3.7116630652      1.7162071984      2.2297390608
     -3.7007784228      1.7792462051      2.2455865573
     -3.6898937804      2.2059668630      2.2615727722
     -3.6790091380      2.2891648046      2.2777216667
     -3.6681244955      2.3158346120      2.2940525068
     -3.6572398531      2.1784652345      2.3105792976
     -3.6463552107      2.0854481187      2.3273102780
     -3.6354705683      2.0606215119      2.3442474855
     -3.6245859259      2.0731129455      2.3613863975
     -3.6137012834      2.0957970875      2.3787156578
     -3.6028166410      2.1689570995      2.3962168938
     -3.5919319986      2.2146109914      2.4138646327
     -3.5810473562      2.3584123866      2.4316263203
     -3.5701627138      2.5356824031      2.4494624489
     -3.5592780713      2.4143863164      2.4673267980
     -3.5483934289      2.0579100400      2.4851667891
     -3.5375087865      2.0266075123      2.5029239602
     -3.5266241441      2.0126907865      2.5205345561
     -3.5157395017      2.0135147275      2.5379302370
     -3.5048548592      1.9681510167      2.5550389018
     -3.4939702168      1.9882650898      2.5717856217
     -3.4830855744      2.0326125928      2.5880936773
     -3.4722009320      2.1052947520      2.6038856936
     -3.4613162896      2.2051703216      2.6190848590
     -3.4504316471      2.3141802583      2.6336162189
     -3.4395470047      2.4753940708      2.6474080274
     -3.4286623623      3.3817188484      2.6603931408
     -3.4177777199      3.5514168712      2.6725104336
     -3.4068930775      3.5903989010      2.6837062153
     -3.3960084350      3.1975087473      2.6939356268
     -3.3851237926      3.2563749623      2.7031639899
     -3.3742391502      3.2793687907      2.7113680848
     -3.3633545078      3.2914538241      2.7185373307
     -3.3524698654      3.3378021487      2.7246748398
     -3.3415852229      3.4032751812      2.7297983215
     -3.3307005805      3.4720846035      2.7339408087
     -3.3198159381      3.5379666503      2.7371511835
     -3.3089312957      3.6017362350      2.7394944791
     -3.2980466533      3.6697410609      2.7410519412
     -3.2871620108      3.8953020923      2.7419208298
     -3.2762773684      3.9503019725      2.7422139528
     -3.2653927260      3.9883872599      2.7420589235
     -3.2545080836      3.9890529172      2.7415971401
     -3.2436234412      3.9486146460      2.7409824909
     -3.2327387987      3.8549578035      2.7403797962
     -3.2218541563      3.5795966114      2.7399630004
     -3.2109695139      3.3483353412      2.7399131385
     -3.2000848715      2.9386823372      2.7404161018
     -3.1892002291      2.6108010255      2.7416602369
     -3.1783155866      2.4088669800      2.7438338160
     -3.1674309442      2.3381030024      2.7471224194
     -3.1565463018      2.2505722470      2.7517062764
     -3.1456616594      2.0718232986      2.7577576116
     -3.1347770170      1.8707955886      2.7654380474
     -3.1238923745      1.6884771510      2.7748961101
     -3.1130077321      1.5309488892      2.7862648911
     -3.1021230897      1.4118170968      2.7996599064
     -3.0912384473      1.3335184778      2.8151772017
     -3.0803538049      1.2808937209      2.8328917380
     -3.0694691624      1.2342307328      2.8528560946
     -3.0585845200      1.1889054251      2.8750995138
     -3.0476998776      1.1950669162      2.8996273093
     -3.0368152352      1.3030693721      2.9264206485
     -3.0259305928      1.4016730966      2.9554367148
     -3.0150459503      1.4654270774      2.9866092432
     -3.0041613079      1.5172275558      3.0198494185
     -2.9932766655      1.5649299678      3.0550471145
     -2.9823920231      1.5931648101      3.0920724470
     -2.9715073807      1.6158546918      3.1307776046
     -2.9606227382      1.7065979119      3.1709989181
     -2.9497380958      2.1748590049      3.2125591224
     -2.9388534534      2.4795651262      3.2552697619
     -2.9279688110      2.8239329801      3.2989336885
     -2.9170841686      3.9731985342      3.3433476003
     -2.9061995261      4.8078166377      3.3883045680
     -2.8953148837      4.5836440365      3.4335965007
     -2.8844302413      4.7787560903      3.4790165030
     -2.8735455989      4.9300523342      3.5243610803
     -2.8626609565      5.1670527741      3.5694321555
     -2.8517763140      5.0804087837      3.6140388648
     -2.8408916716      4.2681410035      3.6579991075
     -2.8300070292      4.2879407854      3.7011408324
     -2.8191223868      4.3200250843      3.7433030498
     -2.8082377444      4.5015063866      3.7843365665
     -2.7973531019      4.6432354306      3.8241044476
     -2.7864684595      4.7291646680      3.8624822162
     -2.7755838171      4.6685244379      3.8993578084
     -2.7646991747      4.5257961413      3.9346313065
     -2.7538145323      4.6582389055      3.9682144774
     -2.7429298898      4.7392181431      4.0000301476
     -2.7320452474      4.6373886465      4.0300114501
     -2.7211606050      4.3606079976      4.0581009755
     -2.7102759626      3.9268242878      4.0842498663
     -2.6993913202      3.7659542831      4.1084168882
     -2.6885066777      3.8285586190      4.1305675125
     -2.6776220353      3.9935757774      4.1506730408
     -2.6667373929      4.1774494894      4.1687097994
     -2.6558527505      4.4092215102      4.1846584288
     -2.6449681081      4.6079193402      4.1985032861
     -2.6340834656      4.6745181220      4.2102319754
     -2.6231988232      4.6693122058      4.2198350159
     -2.6123141808      4.5475945204      4.2273056511
     -2.6014295384      4.5361776808      4.2326397987
     -2.5905448960      4.5391162536      4.2358361355
     -2.5796602535      4.4339565546      4.2368963058
     -2.5687756111      4.2724656691      4.2358252413
     -2.5578909687      4.1794002476      4.2326315718
     -2.5470063263      4.2654088774      4.2273281096
     -2.5361216839      4.3942635833      4.2199323826
     -2.5252370414      4.4633677856      4.2104671935
     -2.5143523990      4.4279226568      4.1989611819
     -2.5034677566      4.5193515635      4.1854493641
     -2.4925831142      4.8779701687      4.1699736294
     -2.4816984718      5.7605013595      4.1525831704
     -2.4708138293      6.1639797492      4.1333348309
     -2.4599291869      5.8044307654      4.1122933534
     -2.4490445445      5.4765646763      4.0895315156
     -2.4381599021      5.1579168368      4.0651301466
     -2.4272752597      4.6024020730      4.0391780165
     -2.4163906172      4.2774596091      4.0117716012
     -2.4055059748      4.0631385182      3.9830147218
     -2.3946213324      3.9220858373      3.9530180679
     -2.3837366900      3.8178002339      3.9218986127
     -2.3728520476      3.7581529725      3.8897789348
     -2.3619674051      3.7374842967      3.8567864607
     -2.3510827627      3.7145235303      3.8230526475
     -2.3401981203      3.7675855082      3.7887121238
     -2.3293134779      3.8052468656      3.7539018109
     -2.3184288355      3.8181830534      3.7187600434
     -2.3075441930      3.3852147885      3.6834257120
     -2.2966595506      3.3099512344      3.6480374450
     -2.2857749082      3.0946509481      3.6127328498
     -2.2748902658      3.0598966316      3.5776478276
     -2.2640056234      3.0413917387      3.5429159764
     -2.2531209809      3.0315918511      3.5086680913
     -2.2422363385      3.0032762373      3.4750317704
     -2.2313516961      2.8879160517      3.4421311273
     -2.2204670537      2.8314249184      3.4100866127
     -2.2095824113      2.8177697080      3.3790149383
     -2.1986977688      2.8774741934      3.3490290971
     -2.1878131264      2.9191942658      3.3202384680
     -2.1769284840      2.9337517071      3.2927489903
     -2.1660438416      2.9384842816      3.2666633923
     -2.1551591992      2.9359026608      3.2420814540
     -2.1442745567      2.9244354577      3.2191002832
     -2.1333899143      2.9026089303      3.1978145843
     -2.1225052719      2.8817205002      3.1783168973
     -2.1116206295      2.8267149472      3.1606977850
     -2.1007359871      2.8794691161      3.1450459492
     -2.0898513446      2.9526839452      3.1314482555
     -2.0789667022      2.9760837997      3.1199896515
     -2.0680820598      2.9797709559      3.1107529626
     -2.0571974174      2.8890685438      3.1038185570
     -2.0463127750      2.8774419395      3.0992638697
     -2.0354281325      2.8712700612      3.0971627850
     -2.0245434901      2.8629391661      3.0975848748
     -2.0136588477      2.8347474238      3.1005944986
     -2.0027742053      2.7821322689      3.1062497733
     -1.9918895629      2.7514446720      3.1146014223
     -1.9810049204      2.7337956708      3.1256915210
     -1.9701202780      2.7326508668      3.1395521552
     -1.9592356356      2.7487041464      3.1562040130
     -1.9483509932      2.7701119204      3.1756549335
     -1.9374663508      2.7901396353      3.1978984358
     -1.9265817083      2.7907823667      3.2229122543
     -1.9156970659      2.7895719388      3.2506569074
     -1.9048124235      2.7867371881      3.2810743255
     -1.8939277811      2.8000632554      3.3140865661
     -1.8830431387      2.8394577193      3.3495946420
     -1.8721584962      2.8879762008      3.3874774891
     -1.8612738538      2.9314121800      3.4275910992
     -1.8503892114      2.9817412340      3.4697678402
     -1.8395045690      3.0450370728      3.5138159891
     -1.8286199266      3.1289846937      3.5595194961
     -1.8177352841      3.2503208000      3.6066380013
     -1.8068506417      3.3955798119      3.6549071213
     -1.7959659993      3.5445758505      3.7040390200
     -1.7850813569      3.6954629935      3.7537232788
     -1.7741967145      3.4631366481      3.8036280755
     -1.7633120720      3.2218891779      3.8534016804
     -1.7524274296      3.0654004204      3.9026742742
     -1.7415427872      3.1760455316      3.9510600882
     -1.7306581448      3.4700208792      3.9981598641
     -1.7197735024      3.5415105296      4.0435636265
     -1.7088888599      3.6351938175      4.0868537542
     -1.6980042175      3.7632336100      4.1276083333
     -1.6871195751      3.9033248432      4.1654047690
     -1.6762349327      4.0454958259      4.1998236251
     -1.6653502903      4.3300467601      4.2304526574
     -1.6544656478      4.8190031309      4.2568909974
     -1.6435810054      5.2323505468      4.2787534392
     -1.6326963630      5.4819760558      4.2956747766
     -1.6218117206      5.3054975072      4.3073141301
     -1.6109270782      5.2639004005      4.3133592018
     -1.6000424357      5.4926824797      4.3135303910
     -1.5891577933      6.0625944978      4.3075847013
     -1.5782731509      5.8228465662      4.2953193693
     -1.5673885085      5.9110795126      4.2765751450
     -1.5565038661      6.3300491772      4.2512391571
     -1.5456192236      6.4982405141      4.2192472979
     -1.5347345812      6.5740732283      4.1805860712
     -1.5238499388      6.8392143979      4.1352938502
     -1.5129652964      7.0639882519      4.0834615051
     -1.5020806540      7.6882066221      4.0252323659
     -1.4911960115      8.0358445843      3.9608015004
     -1.4803113691      8.0401258929      3.8904143005
     -1.4694267267      7.6061160929      3.8143643782
     -1.4585420843      7.8222301216      3.7329907931
     -1.4476574419      6.3756473546      3.6466746409
     -1.4367727994      5.4038851954      3.5558350488
     -1.4258881570      5.0535318616      3.4609246352
     -1.4150035146      4.4769462471      3.3624245032
     -1.4041188722      3.6046327596      3.2608388463
     -1.3932342298      1.2721456143      3.1566892549
     -1.3823495873      0.5670790006      3.0505088163
     -1.3714649449      0.5651229682      2.9428361086
     -1.3605803025      0.5641679914      2.8342091866
     -1.3496956601      0.5634281740      2.7251596627
     -1.3388110177      0.5628557722      2.6162069788
     -1.3279263752      0.5623774567      2.5078529631
     -1.3170417328      0.5618674423      2.4005767589
     -1.3061570904      0.5613233135      2.2948302009
     -1.2952724480      0.5607450704      2.1910337093
     -1.2843878056      0.5601060378      2.0895727548
     -1.2735031631      0.5592054108      1.9907949386
     -1.2626185207      0.5580018655      1.8950077173
     -1.2517338783      0.5564954017      1.8024767875
     -1.2408492359      0.5546860196      1.7134251331
     -1.2299645935      0.5525737190      1.6280327251
     -1.2190799510      0.5502909543      1.5464368491
     -1.2081953086      0.5496420170      1.4687330269
     -1.1973106662      0.5493981211      1.3949764877
     -1.1864260238      0.5495586422      1.3251841341
     -1.1755413814      0.5499068802      1.2593369437
     -1.1646567389      0.5502684956      1.1973827405
     -1.1537720965      0.5506434882      1.1392392654
     -1.1428874541      0.5510318581      1.0847974774
     -1.1320028117      0.5514336054      1.0339250118
     -1.1211181693      0.5375798217      0.9864697280
     -1.1102335268      0.5136670431      0.9422632790
     -1.0993488844      0.4912586299      0.9011246415
     -1.0884642420      0.4732399014      0.8628635487
     -1.0775795996      0.4602182589      0.8272837769
     -1.0666949572      0.4501360854      0.7941862401
     -1.0558103147      0.4406509979      0.7633718575
     -1.0449256723      0.4317629962      0.7346441652
     -1.0340410299      0.4234720805      0.7078116490
     -1.0231563875      0.4157782507      0.6826897866
     -1.0122717451      0.4086815068      0.6591027894
     -1.0013871026      0.4029006502      0.6368850449
     -0.9905024602      0.3978158289      0.6158822640
     -0.9796178178      0.3929427962      0.5959523430
     -0.9687331754      0.3882815520      0.5769659558
     -0.9578485330      0.3837899161      0.5588068935
     -0.9469638905      0.3796334923      0.5413721721
     -0.9360792481      0.3760364488      0.5245719327
     -0.9251946057      0.3730060802      0.5083291570
     -0.9143099633      0.3705423863      0.4925792231
     -0.9034253209      0.3686453672      0.4772693277
     -0.8925406784      0.3671557222      0.4623577976
     -0.8816560360      0.3658144322      0.4478133151
     -0.8707713936      0.3646094105      0.4336140790
     -0.8598867512      0.3635396004      0.4197469209
     -0.8490021088      0.3626050017      0.4062063973
     -0.8381174663      0.3620297601      0.3929938719
     -0.8272328239      0.3617585376      0.3801166047
     -0.8163481815      0.3615057116      0.3675868589
     -0.8054635391      0.3612712823      0.3554210371
     -0.7945788967      0.3610552495      0.3436388552
     -0.7836942542      0.3608576133      0.3322625605
     -0.7728096118      0.3606783736      0.3213161996
     -0.7619249694      0.3605175306      0.3108249388
     -0.7510403270      0.3603750841      0.3008144410
     -0.7401556846      0.3602510342      0.2913102985
     -0.7292710421      0.3601433620      0.2823375224
     -0.7183863997      0.3600423540      0.2739200888
     -0.7075017573      0.3599433924      0.2660805394
     -0.6966171149      0.3598448350      0.2588396349
     -0.6857324725      0.3597466819      0.2522160597
     -0.6748478300      0.3596489329      0.2462261747
     -0.6639631876      0.3595515882      0.2408838155
     -0.6530785452      0.3594546477      0.2362001343
     -0.6421939028      0.3593581115      0.2321834811
     -0.6313092604      0.3592619794      0.2288393233
     -0.6204246179      0.3591662516      0.2261701992
     -0.6095399755      0.3590709280      0.2241757042
     -0.5986553331      0.3589760086      0.2228525058
     -0.5877706907      0.3588814935      0.2221943868
     -0.5768860483      0.3587873825      0.2221923110
     -0.5660014058      0.3586936758      0.2228345127
     -0.5551167634      0.3586003733      0.2241066048
     -0.5442321210      0.3585074751      0.2259917033
     -0.5333474786      0.3586481127      0.2284705679
     -0.5224628362      0.3588098716      0.2315217529
     -0.5115781937      0.3589720558      0.2351217683
     -0.5006935513      0.3591346651      0.2392452475
     -0.4898089089      0.3592976995      0.2438651190
     -0.4789242665      0.3594611592      0.2489527798
     -0.4680396241      0.3596250439      0.2544782675
     -0.4571549816      0.3597893539      0.2604104291
     -0.4462703392      0.3599540890      0.2667170836
     -0.4353856968      0.3601192493      0.2733651776
     -0.4245010544      0.3602848347      0.2803209301
     -0.4136164120      0.3604508453      0.2875499668
     -0.4027317695      0.3606172810      0.2950174422
     -0.3918471271      0.3607841420      0.3026881487
     -0.3809624847      0.3609514281      0.3105266135
     -0.3700778423      0.3611191393      0.3184971820
     -0.3591931999      0.3612872757      0.3265640916
     -0.3483085574      0.3608323987      0.3346915345
     -0.3374239150      0.3606666810      0.3428437136
     -0.3265392726      0.3606070111      0.3509848937
     -0.3156546302      0.3606533890      0.3590794503
     -0.3047699878      0.3608058148      0.3670919201
     -0.2938853453      0.3610641749      0.3749870560
     -0.2830007029      0.3613729437      0.3827298907
     -0.2721160605      0.3616858731      0.3902858115
     -0.2612314181      0.3620029631      0.3976206504
     -0.2503467757      0.3623242137      0.4047007904
     -0.2394621332      0.3626496250      0.4114932921
     -0.2285774908      0.3629778847      0.4179660403
     -0.2176928484      0.3626434926      0.4240879121
     -0.2068082060      0.3612141253      0.4298289648
     -0.1959235636      0.3595226867      0.4351606435
     -0.1850389211      0.3577241700      0.4400560049
     -0.1741542787      0.3558185752      0.4444899544
     -0.1632696363      0.3548466804      0.4484394912
     -0.1523849939      0.3542458730      0.4518839573
     -0.1415003515      0.3536038594      0.4548052832
     -0.1306157090      0.3529206398      0.4571882249
     -0.1197310666      0.3521962139      0.4590205840
     -0.1088464242      0.3514308508      0.4602934056
     -0.0979617818      0.3506279181      0.4610011457
     -0.0870771394      0.3497884283      0.4611418031
     -0.0761924969      0.4154058623      0.4607170090
     -0.0653078545      0.4280334148      0.4597320701
     -0.0544232121      0.4397279169      0.4581959617
     -0.0435385697      0.4504893687      0.4561212674
     -0.0326539273      0.4603177274      0.4535240660
     -0.0217692848      0.4563088947      0.4504237644
     -0.0108846424      0.4470347321      0.4468428796
      0.0000000000      0.4370845566      0.4428067734
      0.0108846424      0.4263708787      0.4383433435
      0.0217692848      0.4147991768      0.4334826791
      0.0326539273      0.4023693826      0.4282566871
      0.0435385697      0.3892186694      0.4226986971
      0.0544232121      0.3770476544      0.4168430554
      0.0653078545      0.3663976257      0.4107247152
      0.0761924969      0.3572760094      0.4043788347
      0.0870771394      0.3496828055      0.3978403900
      0.0979617818      0.3436180139      0.3911438128
      0.1088464242      0.3389629555      0.3843226596
      0.1197310666      0.3354148176      0.3774093197
      0.1306157090      0.3329585453      0.3704347667
      0.1415003515      0.3315757132      0.3634283587
      0.1523849939      0.3305608923      0.3564176871
      0.1632696363      0.3295532387      0.3494284778
      0.1741542787      0.3285527523      0.3424845415
      0.1850389211      0.3275594332      0.3356077722
      0.1959235636      0.3265732813      0.3288181899
      0.2068082060      0.3254395180      0.3221340215
      0.2176928484      0.3218331710      0.3155718162
      0.2285774908      0.3149741457      0.3091465855
      0.2394621332      0.3099497335      0.3028719636
      0.2503467757      0.3091909683      0.2967603782
      0.2612314181      0.3084418923      0.2908232257
      0.2721160605      0.3077023075      0.2850710423
      0.2830007029      0.3069719518      0.2795136654
      0.2938853453      0.3062508238      0.2741603781
      0.3047699878      0.3055389235      0.2690200329
      0.3156546302      0.3048364304      0.2641011497
      0.3265392726      0.3041591112      0.2594119854
      0.3374239150      0.3035171489      0.2549605736
      0.3483085574      0.3029105434      0.2507547342
      0.3591931999      0.3023298521      0.2468020530
      0.3700778423      0.3017510561      0.2431098340
      0.3809624847      0.3011729686      0.2396850265
      0.3918471271      0.3005955898      0.2365341308
      0.4027317695      0.3000189196      0.2336630874
      0.4136164120      0.2994429580      0.2310771535
      0.4245010544      0.2988677049      0.2287807726
      0.4353856968      0.2982931605      0.2267774419
      0.4462703392      0.2977193247      0.2250695826
      0.4571549816      0.2971461974      0.2236584179
      0.4680396241      0.2965737788      0.2225438624
      0.4789242665      0.2960020688      0.2217244274
      0.4898089089      0.2954310673      0.2211971447
      0.5006935513      0.2948598468      0.2209575110
      0.5115781937      0.2942856754      0.2209994547
      0.5224628362      0.2937083751      0.2213153263
      0.5333474786      0.2931279459      0.2218959116
      0.5442321210      0.2925443876      0.2227304683
      0.5551167634      0.2919577005      0.2238067838
      0.5660014058      0.2913678843      0.2251112533
      0.5768860483      0.2907749393      0.2266289760
      0.5877706907      0.2901788652      0.2283438672
      0.5986553331      0.2895679535      0.2302387840
      0.6095399755      0.2889477500      0.2322956616
      0.6204246179      0.2883250844      0.2344956591
      0.6313092604      0.2876999568      0.2368193111
      0.6421939028      0.2870723670      0.2392466836
      0.6530785452      0.2864423151      0.2417575332
      0.6639631876      0.2858138718      0.2443314661
      0.6748478300      0.2851972624      0.2469480981
      0.6857324725      0.2845929792      0.2495872119
      0.6966171149      0.2840097584      0.2522289131
      0.7075017573      0.2834598989      0.2548537826
      0.7183863997      0.2829434873      0.2574430261
      0.7292710421      0.2824605235      0.2599786188
      0.7401556846      0.2820110075      0.2624434461
      0.7510403270      0.2815949394      0.2648214386
      0.7619249694      0.2812123190      0.2670977010
      0.7728096118      0.2808632005      0.2692586346
      0.7836942542      0.2805489195      0.2712920505
      0.7945788967      0.2802700520      0.2731872741
      0.8054635391      0.2801162927      0.2749352379
      0.8163481815      0.2799525112      0.2765285609
      0.8272328239      0.2797600945      0.2779616142
      0.8381174663      0.2795390424      0.2792305674
      0.8490021088      0.2792893551      0.2803334182
      0.8598867512      0.2790110325      0.2812699989
      0.8707713936      0.2787040746      0.2820419612
      0.8816560360      0.2783684374      0.2826527361
      0.8925406784      0.2780023853      0.2831074685
      0.9034253209      0.2776050206      0.2834129253
      0.9143099633      0.2771763436      0.2835773779
      0.9251946057      0.2767163541      0.2836104589
      0.9360792481      0.2762426753      0.2835229944
      0.9469638905      0.2757739086      0.2833268139
      0.9578485330      0.2753152255      0.2830345414
      0.9687331754      0.2748659472      0.2826593692
      0.9796178178      0.2744250002      0.2822148207
      0.9905024602      0.2739923843      0.2817145049
      1.0013871026      0.2735668960      0.2811718684
      1.0122717451      0.2731425261      0.2805999505
      1.0231563875      0.2727184514      0.2800111457
      1.0340410299      0.2723789897      0.2794169810
      1.0449256723      0.2723107621      0.2788279105
      1.0558103147      0.2725205343      0.2782531353
      1.0666949572      0.2730083063      0.2777004502
      1.0775795996      0.2737740780      0.2771761230
      1.0884642420      0.2748178494      0.2766848086
      1.0993488844      0.2761396207      0.2762294997
      1.1102335268      0.2776306576      0.2758115152
      1.1211181693      0.2791815302      0.2754305270
      1.1320028117      0.2807922382      0.2750846234
      1.1428874541      0.2824627817      0.2747704076
      1.1537720965      0.2841931605      0.2744831275
      1.1646567389      0.2859821769      0.2742168345
      1.1755413814      0.2878278757      0.2739645648
      1.1864260238      0.2897302295      0.2737185402
      1.1973106662      0.2916892381      0.2734703806
      1.2081953086      0.2937049015      0.2732113244
      1.2190799510      0.2957772198      0.2729324495
      1.2299645935      0.2979270653      0.2726248908
      1.2408492359      0.2964976699      0.2722800472
      1.2517338783      0.2934715473      0.2718897749
      1.2626185207      0.2903448209      0.2714465622
      1.2735031631      0.2871174198      0.2709436824
      1.2843878056      0.2837893426      0.2703753235
      1.2952724480      0.2803605892      0.2697366922
      1.3061570904      0.2768311596      0.2690240920
      1.3170417328      0.2732010539      0.2682349767
      1.3279263752      0.2685930011      0.2673679800
      1.3388110177      0.2679890111      0.2664229240
      1.3496956601      0.2673769888      0.2654008084
      1.3605803025      0.2667569343      0.2643037854
      1.3714649449      0.2661288474      0.2631351231
      1.3823495873      0.2654927283      0.2618991610
      1.3932342298      0.2648485770      0.2606012625
      1.4041188722      0.2641963933      0.2592477669
      1.4150035146      0.2635361774      0.2578459450
      1.4258881570      0.2628679292      0.2564039605
      1.4367727994      0.2621833119      0.2549308391
      1.4476574419      0.2614115368      0.2534364465
      1.4585420843      0.2605365001      0.2519314755
      1.4694267267      0.2595582017      0.2504274416
      1.4803113691      0.2584766416      0.2489366855
      1.4911960115      0.2572918199      0.2474723796
      1.5020806540      0.2562744962      0.2460485362
      1.5129652964      0.2560164986      0.2446800124
      1.5238499388      0.2557989631      0.2433825087
      1.5347345812      0.2556218897      0.2421725551
      1.5456192236      0.2554852785      0.2410674817
      1.5565038661      0.2553926350      0.2400853677
      1.5673885085      0.2553927400      0.2392449660
      1.5782731509      0.2555012426      0.2385655980
      1.5891577933      0.2557103353      0.2380670176
      1.6000424357      0.2559451794      0.2377692408
      1.6109270782      0.2562619523      0.2376923412
      1.6218117206      0.2566486527      0.2378562106
      1.6326963630      0.2571052800      0.2382802874
      1.6435810054      0.2576310399      0.2389832548
      1.6544656478      0.2582252128      0.2399827129
      1.6653502903      0.2588696893      0.2412948316
      1.6762349327      0.2595085965      0.2429339880
      1.6871195751      0.2601379875      0.2449123992
      1.6980042175      0.2607578622      0.2472397554
      1.7088888599      0.2613682207      0.2499228654
      1.7197735024      0.2619690629      0.2529653206
      1.7306581448      0.2625603889      0.2563671895
      1.7415427872      0.2631421987      0.2601247500
      1.7524274296      0.2637144922      0.2642302687
      1.7633120720      0.2642772695      0.2686718354
      1.7741967145      0.2648305305      0.2734332594
      1.7850813569      0.2653742753      0.2784940331
      1.7959659993      0.2659085039      0.2838293672
      1.8068506417      0.2664332162      0.2894103014
      1.8177352841      0.2669484123      0.2952038895
      1.8286199266      0.2674540921      0.3011734598
      1.8395045690      0.2679502557      0.3072789479
      1.8503892114      0.2684369031      0.3134772971
      1.8612738538      0.2689140342      0.3197229208
      1.8721584962      0.2693816490      0.3259682194
      1.8830431387      0.2698397477      0.3321641419
      1.8939277811      0.2703048539      0.3382607836
      1.9048124235      0.2707741197      0.3442080064
      1.9156970659      0.2711435706      0.3499560725
      1.9265817083      0.2714038636      0.3554562767
      1.9374663508      0.2715549987      0.3606615670
      1.9483509932      0.2715969758      0.3655271400
      1.9592356356      0.2715297949      0.3700110001
      1.9701202780      0.2713534561      0.3740744718
      1.9810049204      0.2710679594      0.3776826551
      1.9918895629      0.2707005461      0.3808048157
      2.0027742053      0.2703781518      0.3834147034
      2.0136588477      0.2701163434      0.3854907937
      2.0245434901      0.2699151209      0.3870164488
      2.0354281325      0.2697744844      0.3879799972
      2.0463127750      0.2697459845      0.3883747321
      2.0571974174      0.2711063053      0.3881988314
      2.0680820598      0.3232978931      0.3874552030
      2.0789667022      0.3238806414      0.3861512618
      2.0898513446      0.3202097030      0.3842986451
      2.1007359871      0.3122852769      0.3819128753
      2.1116206295      0.3022591400      0.3790129794
      2.1225052719      0.3001647299      0.3756210755
      2.1333899143      0.3011171173      0.3717619360
      2.1442745567      0.3018815172      0.3674625403
      2.1551591992      0.3024579295      0.3627516243
      2.1660438416      0.3028463542      0.3576592395
      2.1769284840      0.3030467913      0.3522163296
      2.1878131264      0.3030592408      0.3464543323
      2.1986977688      0.3028837028      0.3404048143
      2.2095824113      0.3025201771      0.3340991447
      2.2204670537      0.3019686639      0.3275682107
      2.2313516961      0.3012291631      0.3208421786
      2.2422363385      0.3003016747      0.3139503012
      2.2531209809      0.2991822534      0.3069207715
      2.2640056234      0.2977739835      0.2997806197
      2.2748902658      0.2960351879      0.2925556534
      2.2857749082      0.2941025183      0.2852704333
      2.2966595506      0.2921351896      0.2779482827
      2.3075441930      0.2863546633      0.2706113233
      2.3184288355      0.2761511036      0.2632805322
      2.3293134779      0.2656102393      0.2559758138
      2.3401981203      0.2547320705      0.2487160803
      2.3510827627      0.2435165970      0.2415193350
      2.3619674051      0.2394552494      0.2344027531
      2.3728520476      0.2385821781      0.2273827556
      2.3837366900      0.2377179305      0.2204750716
      2.3946213324      0.2368625067      0.2136947859
      2.4055059748      0.2360156064      0.2070563710
      2.4163906172      0.2351710290      0.2005737009
      2.4272752597      0.2343263125      0.1942600461
      2.4381599021      0.2334814569      0.1881280529
      2.4490445445      0.2326364621      0.1821897049
      2.4599291869      0.2317913282      0.1764562722
      2.4708138293      0.2309460552      0.1709382482
      2.4816984718      0.2301006430      0.1656452795
      2.4925831142      0.2292550917      0.1605860905
      2.5034677566      0.2284094013      0.1557684069
      2.5143523990      0.2275635717      0.1511988821
      2.5252370414      0.2267176030      0.1468830288
      2.5361216839      0.2258714952      0.1428251597
      2.5470063263      0.2250252482      0.1390283390
      2.5578909687      0.2241788622      0.1354943477
      2.5687756111      0.2233323369      0.1322236638
      2.5796602535      0.2224856726      0.1292154584
      2.5905448960      0.2216388691      0.1264676083
      2.6014295384      0.2207919265      0.1239767244
      2.6123141808      0.2199448447      0.1217381970
      2.6231988232      0.2190976239      0.1197462541
      2.6340834656      0.2182502639      0.1179940346
      2.6449681081      0.2174027647      0.1164736713
      2.6558527505      0.2165551264      0.1151763851
      2.6667373929      0.2157073490      0.1140925856
      2.6776220353      0.2149916287      0.1132119788
      2.6885066777      0.2143281373      0.1125236772
      2.6993913202      0.2136661101      0.1120163132
      2.7102759626      0.2130055473      0.1116781526
      2.7211606050      0.2123464487      0.1114972081
      2.7320452474      0.2116888144      0.1114613505
      2.7429298898      0.2110326444      0.1115584185
      2.7538145323      0.2103779386      0.1117763257
      2.7646991747      0.2097246971      0.1121031644
      2.7755838171      0.2090729200      0.1125273075
      2.7864684595      0.2084226071      0.1130375074
      2.7973531019      0.2077737584      0.1136229921
      2.8082377444      0.2071263741      0.1142735605
      2.8191223868      0.2064804540      0.1149796746
      2.8300070292      0.2058359982      0.1157325505
      2.8408916716      0.2051933435      0.1165242474
      2.8517763140      0.2045616416      0.1173477542
      2.8626609565      0.2039444868      0.1181970735
      2.8735455989      0.2033405152      0.1190673017
      2.8844302413      0.2027496541      0.1199547039
      2.8953148837      0.2021719035      0.1208567832
      2.9061995261      0.2016072635      0.1217723408
      2.9170841686      0.2010557339      0.1227015271
      2.9279688110      0.2005173148      0.1236458807
      2.9388534534      0.1999920063      0.1246083524
      2.9497380958      0.1994798082      0.1255933144
      2.9606227382      0.1989807206      0.1266065499
      2.9715073807      0.1984947435      0.1276552234
      2.9823920231      0.1980218770      0.1287478298
      2.9932766655      0.1975621209      0.1298941192
      3.0041613079      0.1971167638      0.1311049998
      3.0150459503      0.1966959494      0.1323924154
      3.0259305928      0.1963018465      0.1337692004
      3.0368152352      0.1959344549      0.1352489106
      3.0476998776      0.1955933913      0.1368456333
      3.0585845200      0.1952589589      0.1385737769
      3.0694691624      0.1949200874      0.1404478440
      3.0803538049      0.1945780518      0.1424821890
      3.0912384473      0.1942353201      0.1446907660
      3.1021230897      0.1938919551      0.1470868684
      3.1130077321      0.1935479566      0.1496828661
      3.1238923745      0.1932033247      0.1524899435
      3.1347770170      0.1928580594      0.1555178437
      3.1456616594      0.1925121607      0.1587746225
      3.1565463018      0.1921656286      0.1622664167
      3.1674309442      0.1918184630      0.1659972318
      3.1783155866      0.1914706641      0.1699687525
      3.1892002291      0.1911222317      0.1741801794
      3.2000848715      0.1907731659      0.1786280958
      3.2109695139      0.1904234667      0.1833063676
      3.2218541563      0.1900731341      0.1882060777
      3.2327387987      0.1897221680      0.1933154984
      3.2436234412      0.1893705686      0.1986201009
      3.2545080836      0.1890183237      0.2041026045
      3.2653927260      0.1886641266      0.2097430654
      3.2762773684      0.1883070948      0.2155190026
      3.2871620108      0.1879472282      0.2214055632
      3.2980466533      0.1876876725      0.2273757221
      3.3089312957      0.1878821552      0.2334005163
      3.3198159381      0.1885602681      0.2394493104
      3.3307005805      0.1897220113      0.2454900891
      3.3415852229      0.1909444907      0.2514897746
      3.3524698654      0.1918642058      0.2574145636
      3.3633545078      0.1927743354      0.2632302805
      3.3742391502      0.1940575957      0.2689027406
      3.3851237926      0.1983544080      0.2743981192
      3.3960084350      0.2061676574      0.2796833217
      3.4068930775      0.2174973439      0.2847263473
      3.4177777199      0.2323434674      0.2894966437
      3.4286623623      0.2507060281      0.2939654441
      3.4395470047      0.2725864547      0.2981060840
      3.4504316471      0.2980659931      0.3018942909
      3.4613162896      0.3271916707      0.3053084421
      3.4722009320      0.3599634875      0.3083297875
      3.4830855744      0.3554255227      0.3109426325
      3.4939702168      0.3445031583      0.3131344772
      3.5048548592      0.3308945330      0.3148961108
      3.5157395017      0.3146260772      0.3162216588
      3.5266241441      0.2958933641      0.3171085821
      3.5375087865      0.2873031052      0.3175576274
      3.5483934289      0.2861906698      0.3175727319
      3.5592780713      0.2850083442      0.3171608818
      3.5701627138      0.2837561284      0.3163319297
      3.5810473562      0.2824340222      0.3150983732
      3.5919319986      0.2810420259      0.3134750996
      3.6028166410      0.2795801393      0.3114791031
      3.6137012834      0.2589188436      0.3091291789
      3.6245859259      0.1915434809      0.3064456014
      3.6354705683      0.1636092313      0.3034497939
      3.6463552107      0.1597710680      0.3001639946
      3.6572398531      0.1565760315      0.2966109279
      3.6681244955      0.1537739141      0.2928134866
      3.6790091380      0.1513647156      0.2887944307
      3.6898937804      0.1493484362      0.2845761097
      3.7007784228      0.1476105904      0.2801802124
      3.7116630652      0.1452193335      0.2756275483
      3.7225477076      0.1429395469      0.2709378652
      3.7334323501      0.1407712305      0.2661297028
      3.7443169925      0.1387143843      0.2612202865
      3.7552016349      0.1367690083      0.2562254587
      3.7660862773      0.1349350930      0.2511596493
      3.7769709197      0.1332124946      0.2460358813
      3.7878555622      0.1316011645      0.2408658112
      3.7987402046      0.1301011068      0.2356597981
      3.8096248470      0.1287137117      0.2304270002
      3.8205094894      0.1274400997      0.2251754921
      3.8313941318      0.1262802708      0.2199123985
      3.8422787743      0.1252338114      0.2146440397
      3.8531634167      0.1242642932      0.2093760834
      3.8640480591      0.1233481818      0.2041136977
      3.8749327015      0.1224854104      0.1988617007
      3.8858173439      0.1216725051      0.1936247031
      3.8967019864      0.1209075075      0.1884072384
      3.9075866288      0.1201904176      0.1832138797
      3.9184712712      0.1195133825      0.1780493389
      3.9293559136      0.1188580347      0.1729185478
      3.9402405560      0.1182335720      0.1678267189
      3.9511251985      0.1176399942      0.1627793870
      3.9620098409      0.1170773015      0.1577824308
      3.9728944833      0.1165450084      0.1528420766
      3.9837791257      0.1160424138      0.1479648845
      3.9946637681      0.1155695122      0.1431577204
      4.0055484106      0.1151263034      0.1384277150
      4.0164330530      0.1147127876      0.1337822138
      4.0273176954      0.1143289648      0.1292287191
      4.0382023378      0.1139748348      0.1247748287
      4.0490869802      0.1136503977      0.1204281727
      4.0599716227      0.1133556536      0.1161963515
      4.0708562651      0.1130906024      0.1120868771
      4.0817409075      0.1128428713      0.1081071196
      4.0926255499      0.1125989786      0.1042642613
      4.1035101923      0.1123589182      0.1005652581
      4.1143948348      0.1121226900      0.0970168104
      4.1252794772      0.1118902940      0.0936253426
      4.1361641196      0.1116617303      0.0903969921
      4.1470487620      0.1114369989      0.0873376067
      4.1579334044      0.1112160997      0.0844527495
      4.1688180469      0.1109990328      0.0817477103
      4.1797026893      0.1107679807      0.0792275223
      4.1905873317      0.1104362331      0.0768969815
      4.2014719741      0.1101001117      0.0747606685
      4.2123566165      0.1097596162      0.0728229700
      4.2232412590      0.1094147468      0.0710880977
      4.2341259014      0.1090655034      0.0695601049
      4.2450105438      0.1087118860      0.0682428967
      4.2558951862      0.1083538947      0.0671402347
      4.2667798286      0.1079915294      0.0662557335
      4.2776644711      0.1076247902      0.0655928491
      4.2885491135      0.1072536770      0.0651548583
      4.2994337559      0.1068781898      0.0649448287
      4.3103183983      0.1064983286      0.0649655799
      4.3212030407      0.1061140935      0.0652196358
      4.3320876832      0.1057254845      0.0657091686
      4.3429723256      0.1053325014      0.0664359362
      4.3538569680      0.1049353348      0.0674012133
      4.3647416104      0.1045398504      0.0686057186
      4.3756262528      0.1041488189      0.0700495385
      4.3865108953      0.1037622402      0.0717320509
      4.3973955377      0.1033801144      0.0736518487
      4.4082801801      0.1030024414      0.0758066670
      4.4191648225      0.1026292213      0.0781933151
      4.4300494649      0.1022604540      0.0808076150
      4.4409341074      0.1018961395      0.0836443486
      4.4518187498      0.1015362779      0.0866972160
      4.4627033922      0.1011808691      0.0899588047
      4.4735880346      0.1008299132      0.0934205740
      4.4844726770      0.1004834101      0.0970728524
      4.4953573195      0.1001413599      0.1009048522
      4.5062419619      0.0998037625      0.1049047000
      4.5171266043      0.0994706179      0.1090594839
      4.5280112467      0.0991419262      0.1133553181
      4.5388958891      0.0988185376      0.1177774246
      4.5497805316      0.0985026292      0.1223102304
      4.5606651740      0.0981943098      0.1269374809
      4.5715498164      0.0979139221      0.1316423672
      4.5824344588      0.0977184197      0.1364076667
      4.5933191012      0.0976111932      0.1412158942
      4.6042037437      0.0975922426      0.1460494625
      4.6150883861      0.0976615679      0.1508908495
      4.6259730285      0.0978023286      0.1557227698
      4.6368576709      0.0979525651      0.1605283482
      4.6477423133      0.0980778163      0.1652912917
      4.6586269558      0.0981759194      0.1699960577
      4.6695115982      0.0982468744      0.1746280160
      4.6803962406      0.0982906813      0.1791736012
      4.6912808830      0.0983073401      0.1836204521
      4.7021655254      0.0983400327      0.1879575379
      4.7130501679      0.0985368024      0.1921752666
      4.7239348103      0.0988992179      0.1962655743
      4.7348194527      0.0994230141      0.2002219943
      4.7457040951      0.1001081912      0.2040397042
      4.7565887375      0.1011406380      0.2077155495
      4.7674733800      0.1024716771      0.2112480445
      4.7783580224      0.1040135275      0.2146373490
      4.7892426648      0.1057659572      0.2178852224
      4.8001273072      0.1077285467      0.2209949555
      4.8110119496      0.1099012959      0.2239712812
      4.8218965921      0.1122842049      0.2268202663
      4.8327812345      0.1148772735      0.2295491862
      4.8436658769      0.1176805020      0.2321663850
      4.8545505193      0.1206938901      0.2346811235
      4.8654351617      0.1243093406      0.2371034192
      4.8763198042      0.1324018351      0.2394438795
      4.8872044466      0.1401980432      0.2417135330
      4.8980890890      0.1476985254      0.2439236611
      4.9089737314      0.1549032815      0.2460856328
      4.9198583738      0.1618123117      0.2482107470
      4.9307430163      0.1684256159      0.2503100824
      4.9416276587      0.1747431941      0.2523943599
      4.9525123011      0.1807650463      0.2544738181
      4.9633969435      0.1864911725      0.2565581026
      4.9742815859      0.1919322049      0.2586561731
      4.9851662284      0.1971347587      0.2607762248
      4.9960508708      0.2021131667      0.2629256281
      5.0069355132      0.2069225440      0.2651108840
      5.0178201556      0.2115765313      0.2673375953
      5.0287047980      0.2160589557      0.2696104524
      5.0395894405      0.2203459580      0.2719332322
      5.0504740829      0.2244375162      0.2743088094
      5.0613587253      0.2283336303      0.2767391768
      5.0722433677      0.2320343002      0.2792254748
      5.0831280101      0.2355395261      0.2817680261
      5.0940126526      0.2388493078      0.2843663766
      5.1048972950      0.2419919242      0.2870193382
      5.1157819374      0.2450848954      0.2897250341
      5.1266665798      0.2481411068      0.2924809454
      5.1375512222      0.2511605584      0.2952839570
      5.1484358647      0.2541422676      0.2981304047
      5.1593205071      0.2570806154      0.3010161221
      5.1702051495      0.2599747099      0.3039364871
      5.1810897919      0.2628245509      0.3068864711
      5.1919744343      0.2651139964      0.3098606894
      5.2028590768      0.2664796348      0.3128534547
      5.2137437192      0.2680128646      0.3158588359
      5.2246283616      0.2697181199      0.3188707214
      5.2355130040      0.2715954005      0.3218828897
      5.2463976464      0.2736447065      0.3248890868
      5.2572822889      0.2758660380      0.3278831112
      5.2681669313      0.2782593948      0.3308589073
      5.2790515737      0.2808247771      0.3338106648
      5.2899362161      0.2835621847      0.3367329253
      5.3008208585      0.2862986156      0.3396206924
      5.3117055010      0.2891796533      0.3424695447
      5.3225901434      0.2922422933      0.3452757476
      5.3334747858      0.2956191538      0.3480363619
      5.3443594282      0.2993783957      0.3507493437
      5.3552440706      0.3035200192      0.3534136338
      5.3661287131      0.3080440241      0.3560292305
      5.3770133555      0.3129504105      0.3585972426
      5.3878979979      0.3182391784      0.3611199187
      5.3987826403      0.3239103278      0.3636006485
      5.4096672827      0.3299596556      0.3660439331
      5.4205519252      0.3363930416      0.3684553223
      5.4314365676      0.3432532763      0.3708413167
      5.4423212100      0.3505637605      0.3732092344
      5.4532058524      0.3577028146      0.3755670421
      5.4640904948      0.3626284905      0.3779231528
      5.4749751373      0.3659038471      0.3802861925
      5.4858597797      0.3688454717      0.3826647398
      5.4967444221      0.3714533644      0.3850670431
      5.5076290645      0.3737321953      0.3875007223
      5.5185137069      0.3759025783      0.3899724603
      5.5293983494      0.3780854116      0.3924876943
      5.5402829918      0.3802806952      0.3950503120
      5.5511676342      0.3824884291      0.3976623637
      5.5620522766      0.3847086132      0.4003237971
      5.5729369190      0.3869412476      0.4030322236
      5.5838215615      0.3891907989      0.4057827239
      5.5947062039      0.3914801925      0.4085676992
      5.6055908463      0.3937832396      0.4113767753
      5.6164754887      0.3960999403      0.4141967634
      5.6273601311      0.3984302945      0.4170116812
      5.6382447736      0.4007743023      0.4198028376
      5.6491294160      0.4031319636      0.4225489799
      5.6600140584      0.4055032785      0.4252265044
      5.6708987008      0.4078882469      0.4278097263
      5.6817833432      0.4102719800      0.4302712049
      5.6926679857      0.4126162686      0.4325821200
      5.7035526281      0.4159227558      0.4347126904
      5.7144372705      0.4192787094      0.4366326287
      5.7253219129      0.4224850815      0.4383116216
      5.7362065553      0.4255418720      0.4397198271
      5.7470911978      0.4284490811      0.4408283777
      5.7579758402      0.4313613128      0.4416098810
      5.7688604826      0.4360227378      0.4420389043
      5.7797451250      0.4407126527      0.4420924366
      5.7906297674      0.4454304175      0.4417503163
      5.8015144099      0.4501760323      0.4409956173
      5.8123990523      0.4549748912      0.4398149851
      5.8232836947      0.4599213085      0.4381989174
      5.8341683371      0.4619153396      0.4361419823
      5.8450529795      0.4624009701      0.4336429734
      5.8559376220      0.4618883739      0.4307049963
      5.8668222644      0.4603775512      0.4273354881
      5.8777069068      0.4579470217      0.4235461695
      5.8885915492      0.4552840427      0.4193529315
      5.8994761916      0.4525487028      0.4147756616
      5.9103608341      0.4497288994      0.4098380122
      5.9212454765      0.4467995637      0.4045671177
      5.9321301189      0.4437599274      0.3989932679
      5.9430147613      0.4410557062      0.3931495425
      5.9538994037      0.4384886984      0.3870714173
      5.9647840462      0.4360990732      0.3807963472
      5.9756686886      0.4336538484      0.3743633364
      5.9865533310      0.4311530239      0.3678125023
      5.9974379734      0.4285965999      0.3611846406
      6.0083226158      0.4259845762      0.3545207998
      6.0192072583      0.4233169530      0.3478618706
      6.0300919007      0.4205937301      0.3412481957
      6.0409765431      0.4178149076      0.3347192061
      6.0518611855      0.4149804855      0.3283130860
      6.0627458279      0.4120904638      0.3220664713
      6.0736304704      0.4091448425      0.3160141819
      6.0845151128      0.4061427303      0.3101889904
      6.0953997552      0.4030818057      0.3046214262
      6.1062843976      0.3999764900      0.2993396154
      6.1171690400      0.3969640556      0.2943691543
      6.1280536825      0.3940784113      0.2897330160
      6.1389383249      0.3913195571      0.2854514855
      6.1498229673      0.3886874929      0.2815421226
      6.1607076097      0.3861822188      0.2780197487
      6.1715922521      0.3838037347      0.2748964541
      6.1824768946      0.3815520407      0.2721816233
      6.1933615370      0.3794271367      0.2698819745
      6.2042461794      0.3774290228      0.2680016113
      6.2151308218      0.3755576990      0.2665420834
      6.2260154642      0.3738131652      0.2655024547
      6.2369001067      0.3719586058      0.2648793759
      6.2477847491      0.3704191070      0.2646671615
      6.2586693915      0.3689183198      0.2648578698
      6.2695540339      0.3673922746      0.2654413845
      6.2804386763      0.3658409712      0.2664054990
      6.2913233188      0.3642644099      0.2677360033
      6.3022079612      0.3626625904      0.2694167729
      6.3130926036      0.3610355129      0.2714298619
      6.3239772460      0.3593831774      0.2737556010
      6.3348618884      0.3577055837      0.2763727005
      6.3457465309      0.3560027320      0.2792583606
      6.3566311733      0.3542746223      0.2823883893
      6.3675158157      0.3525212545      0.2857373300
      6.3784004581      0.3507427030      0.2892785981
      6.3892851005      0.3489558392      0.2929846296
      6.4001697430      0.3471764058      0.2968270396
      6.4110543854      0.3454091928      0.3007767937
      6.4219390278      0.3436885188      0.3048043905
      6.4328236702      0.3420331673      0.3088800551
      6.4437083126      0.3404599582      0.3129739441
      6.4545929551      0.3389696715      0.3170563597
      6.4654775975      0.3375623072      0.3210979725
      6.4763622399      0.3362378654      0.3250700509
      6.4872468823      0.3349963459      0.3289446961
      6.4981315247      0.3338377489      0.3326950783
      6.5090161672      0.3327728850      0.3362956741
      6.5199008096      0.3318318110      0.3397224999
      6.5307854520      0.3310122279      0.3429533403
      6.5416700944      0.3303093136      0.3459679657
      6.5525547368      0.3297229793      0.3487483379
      6.5634393793      0.3292261792      0.3512787990
      6.5743240217      0.3287895715      0.3535462395
      6.5852086641      0.3284131438      0.3555402428
      6.5960933065      0.3280968961      0.3572532024
      6.6069779489      0.3278408284      0.3586804077
      6.6178625914      0.3276449407      0.3598200963
      6.6287472338      0.3275092330      0.3606734699
      6.6396318762      0.3274337052      0.3612446706
      6.6505165186      0.3274183575      0.3615407178
      6.6614011610      0.3281618715      0.3615714032
      6.6722858035      0.3413665937      0.3613491442
      6.6831704459      0.3712114642      0.3608887971
      6.6940550883      0.4176985665      0.3602074303
      6.7049397307      0.4125543418      0.3593240619
      6.7158243731      0.3770441857      0.3582593625
      6.7267090156      0.3461562178      0.3570353307
      6.7375936580      0.3320439069      0.3556749441
      6.7484783004      0.3348037758      0.3542017927
      6.7593629428      0.3349832205      0.3526397022
      6.7702475852      0.3341213246      0.3510123534
      6.7811322277      0.3333507713      0.3493429065
      6.7920168701      0.3326715605      0.3476536375
      6.8029015125      0.3320836922      0.3459655957
      6.8137861549      0.3315871665      0.3442982892
      6.8246707973      0.3311819832      0.3426694072
      6.8355554398      0.3308681424      0.3410945847
      6.8464400822      0.3306456442      0.3395872169
      6.8573247246      0.3305144884      0.3381583278
      6.8682093670      0.3304746752      0.3368164967
      6.8790940094      0.3305262044      0.3355678464
      6.8899786519      0.3306690762      0.3344160919
      6.9008632943      0.3309032905      0.3333626521
      6.9117479367      0.3312311993      0.3324068199
      6.9226325791      0.3316801290      0.3315459881
      6.9335172215      0.3322229040      0.3307759265
      6.9444018640      0.3328573236      0.3300911018
      6.9552865064      0.3335777521      0.3294850345
      6.9661711488      0.3343839072      0.3289506814
      6.9770557912      0.3352757889      0.3284808355
      6.9879404336      0.3362533973      0.3280685311
      6.9988250761      0.3373167364      0.3277074438
      7.0097097185      0.3384671858      0.3273922738
      7.0205943609      0.3396868878      0.3271191000
      7.0314790033      0.3409412967      0.3268856968
      7.0423636457      0.3421901619      0.3266918008
      7.0532482882      0.3434074158      0.3265393201
      7.0641329306      0.3445930582      0.3264324777
      7.0750175730      0.3457470315      0.3263778834
      7.0859022154      0.3468541085      0.3263845295
      7.0967868578      0.3479024301      0.3264637075
      7.1076715003      0.3488951256      0.3266288458
      7.1185561427      0.3498559512      0.3268952704
      7.1294407851      0.3508351773      0.3272798904
      7.1403254275      0.3518312972      0.3278008172
      7.1512100699      0.3528501174      0.3284769221
      7.1620947124      0.3541349096      0.3293273439
      7.1729793548      0.3554978002      0.3303709571
      7.1838639972      0.3568635433      0.3316258133
      7.1947486396      0.3582321390      0.3331085694
      7.2056332820      0.3596035871      0.3348339183
      7.2165179245      0.3609778879      0.3368140351
      7.2274025669      0.3623550411      0.3390580552
      7.2382872093      0.3637350704      0.3415715992
      7.2491718517      0.3651185403      0.3443563570
      7.2600564941      0.3665056916      0.3474097457
      7.2709411366      0.3678965242      0.3507246511
      7.2818257790      0.3692910381      0.3542892635
      7.2927104214      0.3706892335      0.3580870142
      7.3035950638      0.3720911102      0.3620966183
      7.3144797062      0.3734966682      0.3662922263
      7.3253643487      0.3749059076      0.3706436832
      7.3362489911      0.3763188283      0.3751168942
      7.3471336335      0.3777350904      0.3796742885
      7.3580182759      0.3791539188      0.3842753753
      7.3689029183      0.3805752833      0.3888773800
      7.3797875608      0.3819991841      0.3934359472
      7.3906722032      0.3834256210      0.3979058964
      7.4015568456      0.3848545751      0.4022420132
      7.4124414880      0.3862856072      0.4063998585
      7.4233261304      0.3877185338      0.4103365769
      7.4342107729      0.3891533550      0.4140116865
      7.4450954153      0.3905900707      0.4173878306
      7.4559800577      0.3920082822      0.4204314741
      7.4668647001      0.3933215385      0.4231135290
      7.4777493425      0.3943815069      0.4254098927
      7.4886339850      0.3950132351      0.4273018876
      7.4995186274      0.3953304698      0.4287765912
      7.5104032698      0.3957144311      0.4298270496
      7.5212879122      0.3961705056      0.4304523689
      7.5321725546      0.3966889399      0.4306576836
      7.5430571971      0.3967450744      0.4304540027
      7.5539418395      0.3967200425      0.4298579383
      7.5648264819      0.3967588615      0.4288913233
      7.5757111243      0.3968615314      0.4275807289
      7.5865957667      0.3970280523      0.4259568923
      7.5974804092      0.3972583010      0.4240540715
      7.6083650516      0.3975517877      0.4219093392
      7.6192496940      0.3979084619      0.4195618367
      7.6301343364      0.3983283233      0.4170520018
      7.6410189788      0.3988113721      0.4144207907
      7.6519036213      0.3993576082      0.4117089109
      7.6627882637      0.3999670316      0.4089560816
      7.6736729061      0.4006396424      0.4062003370
      7.6845575485      0.4013754405      0.4034773876
      7.6954421909      0.4021723742      0.4008200518
      7.7063268334      0.4030152436      0.3982577664
      7.7172114758      0.4038822327      0.3958161863
      7.7280961182      0.4047727312      0.3935168774
      7.7389807606      0.4057330133      0.3913771061
      7.7498654030      0.4070835628      0.3894097260
      7.7607500455      0.4088856327      0.3876231603
      7.7716346879      0.4111392230      0.3860214750
      7.7825193303      0.4138443337      0.3846045380
      7.7934039727      0.4170009647      0.3833682550
      7.8042886151      0.4197835019      0.3823048739
      7.8151732576      0.4215876664      0.3814033459
      7.8260579000      0.4232211700      0.3806497341
      7.8369425424      0.4247263895      0.3800276543
      7.8478271848      0.4260708261      0.3795187401
      7.8587118272      0.4272422149      0.3791031168
      7.8695964697      0.4282405557      0.3787598752
      7.8804811121      0.4290658486      0.3784675339
      7.8913657545      0.4297180935      0.3782044809
      7.9022503969      0.4301982349      0.3779493852
      7.9131350393      0.4305272772      0.3776815736
      7.9240196818      0.4308714593      0.3773813654
      7.9349043242      0.4310464583      0.3770303618
      7.9457889666      0.4310522740      0.3766116884
      7.9566736090      0.4308889064      0.3761101890
      7.9675582514      0.4305581736      0.3755125719
      7.9784428939      0.4300830281      0.3748075100
      7.9893275363      0.4294695798      0.3739856996
      8.0002121787      0.4287167827      0.3730398787
      8.0110968211      0.4277501673      0.3719648124
      8.0219814635      0.4263667059      0.3707572492
      8.0328661060      0.4245536521      0.3694158542
      8.0437507484      0.4221381222      0.3679411233
      8.0546353908      0.4179909584      0.3663352867
      8.0655200332      0.4119077809      0.3646022029
      8.0764046756      0.4038885897      0.3627472518
      8.0872893181      0.3971701555      0.3607772264
      8.0981739605      0.3915215327      0.3587002304
      8.1090586029      0.3862885004      0.3565255810
      8.1199432453      0.3814710586      0.3542637192
      8.1308278877      0.3770692073      0.3519261293
      8.1417125302      0.3730829464      0.3495252650
      8.1525971726      0.3695122761      0.3470744835
      8.1634818150      0.3663558998      0.3445879849
