#      energy (eV)      DOS (tetra.)      DOS (gauss.)
    -13.6058030250      0.0000000000      0.0000000000
    -13.5949183826      0.0000000000      0.0000000000
    -13.5840337402      0.0000000000      0.0000000000
    -13.5731490977      0.0000000000      0.0000000000
    -13.5622644553      0.0000000000      0.0000000000
    -13.5513798129      0.0000000000      0.0000000000
    -13.5404951705      0.0000000000      0.0000000000
    -13.5296105281      0.0000000000      0.0000000000
    -13.5187258856      0.0000000000      0.0000000000
    -13.5078412432      0.0000000000      0.0000000000
    -13.4969566008      0.0000000000      0.0000000000
    -13.4860719584      0.0000000000      0.0000000000
    -13.4751873160      0.0000000000      0.0000000000
    -13.4643026735      0.0000000000      0.0000000000
    -13.4534180311      0.0000000000      0.0000000000
    -13.4425333887      0.0000000000      0.0000000000
    -13.4316487463      0.0000000000      0.0000000000
    -13.4207641039      0.0000000000      0.0000000000
    -13.4098794614      0.0000000000      0.0000000000
    -13.3989948190      0.0000000000      0.0000000000
    -13.3881101766      0.0000000000      0.0000000000
    -13.3772255342      0.0000000000      0.0000000000
    -13.3663408918      0.0000000000      0.0000000000
    -13.3554562493      0.0000000000      0.0000000000
    -13.3445716069      0.0000000000      0.0000000000
    -13.3336869645      0.0000000000      0.0000000000
    -13.3228023221      0.0000000000      0.0000000000
    -13.3119176797      0.0000000000      0.0000000000
    -13.3010330372      0.0000000000      0.0000000000
    -13.2901483948      0.0000000000      0.0000000000
    -13.2792637524      0.0000000000      0.0000000000
    -13.2683791100      0.0000000000      0.0000000000
    -13.2574944676      0.0000000000      0.0000000000
    -13.2466098251      0.0000000000      0.0000000000
    -13.2357251827      0.0000000000      0.0000000000
    -13.2248405403      0.0000000000      0.0000000000
    -13.2139558979      0.0000000000      0.0000000000
    -13.2030712555      0.0000000000      0.0000000000
    -13.1921866130      0.0000000000      0.0000000000
    -13.1813019706      0.0000000000      0.0000000000
    -13.1704173282      0.0000000000      0.0000000000
    -13.1595326858      0.0000000000      0.0000000000
    -13.1486480434      0.0000000000      0.0000000000
    -13.1377634009      0.0000000000      0.0000000000
    -13.1268787585      0.0000000000      0.0000000000
    -13.1159941161      0.0000000000      0.0000000000
    -13.1051094737      0.0000000000      0.0000000000
    -13.0942248313      0.0000000000      0.0000000000
    -13.0833401888      0.0000000000      0.0000000000
    -13.0724555464      0.0000000000      0.0000000000
    -13.0615709040      0.0000000000      0.0000000000
    -13.0506862616      0.0000000000      0.0000000000
    -13.0398016192      0.0000000000      0.0000000000
    -13.0289169767      0.0000000000      0.0000000000
    -13.0180323343      0.0000000000      0.0000000000
    -13.0071476919      0.0000000000      0.0000000000
    -12.9962630495      0.0000000000      0.0000000000
    -12.9853784071      0.0000000000      0.0000000000
    -12.9744937646      0.0000000000      0.0000000000
    -12.9636091222      0.0000000000      0.0000000000
    -12.9527244798      0.0000000000      0.0000000000
    -12.9418398374      0.0000000000      0.0000000000
    -12.9309551950      0.0000000000      0.0000000000
    -12.9200705525      0.0000000000      0.0000000000
    -12.9091859101      0.0000000000      0.0000000000
    -12.8983012677      0.0000000000      0.0000000000
    -12.8874166253      0.0000000000      0.0000000000
    -12.8765319829      0.0000000000      0.0000000000
    -12.8656473404      0.0000000000      0.0000000000
    -12.8547626980      0.0000000000      0.0000000000
    -12.8438780556      0.0000000000      0.0000000000
    -12.8329934132      0.0000000000      0.0000000000
    -12.8221087708      0.0000000000      0.0000000000
    -12.8112241283      0.0000000000      0.0000000000
    -12.8003394859      0.0000000000      0.0000000000
    -12.7894548435      0.0000000000      0.0000000000
    -12.7785702011      0.0000000000      0.0000000000
    -12.7676855587      0.0000000000      0.0000000000
    -12.7568009162      0.0000000000      0.0000000000
    -12.7459162738      0.0000000000      0.0000000000
    -12.7350316314      0.0000000000      0.0000000000
    -12.7241469890      0.0000000000      0.0000000000
    -12.7132623466      0.0000000000      0.0000000000
    -12.7023777041      0.0000000000      0.0000000000
    -12.6914930617      0.0000000000      0.0000000000
    -12.6806084193      0.0000000000      0.0000000000
    -12.6697237769      0.0000000000      0.0000000000
    -12.6588391345      0.0000000000      0.0000000000
    -12.6479544920      0.0000000000      0.0000000000
    -12.6370698496      0.0000000000      0.0000000000
    -12.6261852072      0.0000000000      0.0000000000
    -12.6153005648      0.0000000000      0.0000000000
    -12.6044159224      0.0000000000      0.0000000000
    -12.5935312799      0.0000000000      0.0000000000
    -12.5826466375      0.0000000000      0.0000000000
    -12.5717619951      0.0000000000      0.0000000000
    -12.5608773527      0.0000000000      0.0000000000
    -12.5499927103      0.0000000000      0.0000000000
    -12.5391080678      0.0000000000      0.0000000000
    -12.5282234254      0.0000000000      0.0000000000
    -12.5173387830      0.0000000000      0.0000000000
    -12.5064541406      0.0000000000      0.0000000000
    -12.4955694982      0.0000000000      0.0000000000
    -12.4846848557      0.0000000000      0.0000000000
    -12.4738002133      0.0000000000      0.0000000000
    -12.4629155709      0.0000000000      0.0000000000
    -12.4520309285      0.0000000000      0.0000000000
    -12.4411462861      0.0000000000      0.0000000000
    -12.4302616436      0.0000000000      0.0000000000
    -12.4193770012      0.0000000000      0.0000000000
    -12.4084923588      0.0000000000      0.0000000000
    -12.3976077164      0.0000000000      0.0000000000
    -12.3867230740      0.0000000000      0.0000000000
    -12.3758384315      0.0000000000      0.0000000000
    -12.3649537891      0.0000000000      0.0000000000
    -12.3540691467      0.0000000000      0.0000000000
    -12.3431845043      0.0000000000      0.0000000000
    -12.3322998619      0.0000000000      0.0000000000
    -12.3214152194      0.0000000000      0.0000000000
    -12.3105305770      0.0000000000      0.0000000000
    -12.2996459346      0.0000000000      0.0000000000
    -12.2887612922      0.0000000000      0.0000000000
    -12.2778766498      0.0000000000      0.0000000000
    -12.2669920073      0.0000000000      0.0000000000
    -12.2561073649      0.0000000000      0.0000000000
    -12.2452227225      0.0000000000      0.0000000000
    -12.2343380801      0.0000000000      0.0000000000
    -12.2234534377      0.0000000000      0.0000000000
    -12.2125687952      0.0000000000      0.0000000000
    -12.2016841528      0.0000000000      0.0000000000
    -12.1907995104      0.0000000000      0.0000000000
    -12.1799148680      0.0000000000      0.0000000000
    -12.1690302256      0.0000000000      0.0000000000
    -12.1581455831      0.0000000000      0.0000000000
    -12.1472609407      0.0000000000      0.0000000000
    -12.1363762983      0.0000000000      0.0000000000
    -12.1254916559      0.0000000000      0.0000000000
    -12.1146070135      0.0000000000      0.0000000000
    -12.1037223710      0.0000000000      0.0000000000
    -12.0928377286      0.0000000000      0.0000000000
    -12.0819530862      0.0000000000      0.0000000000
    -12.0710684438      0.0000000000      0.0000000000
    -12.0601838014      0.0000000000      0.0000000000
    -12.0492991589      0.0000000000      0.0000000000
    -12.0384145165      0.0000000000      0.0000000000
    -12.0275298741      0.0000000000      0.0000000000
    -12.0166452317      0.0000000000      0.0000000000
    -12.0057605893      0.0000000000      0.0000000000
    -11.9948759468      0.0000000000      0.0000000000
    -11.9839913044      0.0000000000      0.0000000000
    -11.9731066620      0.0000000000      0.0000000000
    -11.9622220196      0.0000000000      0.0000000000
    -11.9513373772      0.0000000000      0.0000000000
    -11.9404527347      0.0000000000      0.0000000000
    -11.9295680923      0.0000000000      0.0000000000
    -11.9186834499      0.0000000000      0.0000000000
    -11.9077988075      0.0000000000      0.0000000000
    -11.8969141651      0.0000000000      0.0000000000
    -11.8860295226      0.0000000000      0.0000000000
    -11.8751448802      0.0000000000      0.0000000000
    -11.8642602378      0.0000000000      0.0000000000
    -11.8533755954      0.0000000000      0.0000000000
    -11.8424909530      0.0000000000      0.0000000000
    -11.8316063105      0.0000000000      0.0000000000
    -11.8207216681      0.0000000000      0.0000000000
    -11.8098370257      0.0000000000      0.0000000000
    -11.7989523833      0.0000000000      0.0000000000
    -11.7880677409      0.0000000000      0.0000000000
    -11.7771830984      0.0000000000      0.0000000000
    -11.7662984560      0.0000000000      0.0000000000
    -11.7554138136      0.0000000000      0.0000000000
    -11.7445291712      0.0000000000      0.0000000000
    -11.7336445288      0.0000000000      0.0000000000
    -11.7227598863      0.0000000000      0.0000000000
    -11.7118752439      0.0000000000      0.0000000000
    -11.7009906015      0.0000000000      0.0000000000
    -11.6901059591      0.0000000000      0.0000000000
    -11.6792213167      0.0000000000      0.0000000000
    -11.6683366742      0.0000000000      0.0000000000
    -11.6574520318      0.0000000000      0.0000000000
    -11.6465673894      0.0000000000      0.0000000000
    -11.6356827470      0.0000000000      0.0000000000
    -11.6247981046      0.0000000000      0.0000000000
    -11.6139134621      0.0000000000      0.0000000000
    -11.6030288197      0.0000000000      0.0000000000
    -11.5921441773      0.0000000000      0.0000000000
    -11.5812595349      0.0000000000      0.0000000000
    -11.5703748925      0.0000000000      0.0000000000
    -11.5594902500      0.0000000000      0.0000000000
    -11.5486056076      0.0000000000      0.0000000000
    -11.5377209652      0.0000000000      0.0000000000
    -11.5268363228      0.0000000000      0.0000000000
    -11.5159516804      0.0000000000      0.0000000000
    -11.5050670379      0.0000000000      0.0000000000
    -11.4941823955      0.0000000000      0.0000000000
    -11.4832977531      0.0000000000      0.0000000000
    -11.4724131107      0.0000000000      0.0000000000
    -11.4615284683      0.0000000000      0.0000000000
    -11.4506438258      0.0000000000      0.0000000000
    -11.4397591834      0.0000000000      0.0000000000
    -11.4288745410      0.0000000000      0.0000000000
    -11.4179898986      0.0000000000      0.0000000000
    -11.4071052562      0.0000000000      0.0000000000
    -11.3962206137      0.0000000000      0.0000000000
    -11.3853359713      0.0000000000      0.0000000000
    -11.3744513289      0.0000000000      0.0000000000
    -11.3635666865      0.0000000000      0.0000000000
    -11.3526820441      0.0000000000      0.0000000000
    -11.3417974016      0.0000000000      0.0000000000
    -11.3309127592      0.0000000000      0.0000000000
    -11.3200281168      0.0000000000      0.0000000000
    -11.3091434744      0.0000000000      0.0000000000
    -11.2982588320      0.0000000000      0.0000000000
    -11.2873741895      0.0000000000      0.0000000000
    -11.2764895471      0.0000000000      0.0000000000
    -11.2656049047      0.0000000000      0.0000000000
    -11.2547202623      0.0000000000      0.0000000000
    -11.2438356199      0.0000000000      0.0000000000
    -11.2329509774      0.0000000000      0.0000000000
    -11.2220663350      0.0000000000      0.0000000000
    -11.2111816926      0.0000000000      0.0000000000
    -11.2002970502      0.0000000000      0.0000000000
    -11.1894124078      0.0000000000      0.0000000000
    -11.1785277653      0.0000000000      0.0000000000
    -11.1676431229      0.0000000000      0.0000000000
    -11.1567584805      0.0000000000      0.0000000000
    -11.1458738381      0.0000000000      0.0000000000
    -11.1349891957      0.0000000000      0.0000000000
    -11.1241045532      0.0000000000      0.0000000000
    -11.1132199108      0.0000000000      0.0000000000
    -11.1023352684      0.0000000000      0.0000000000
    -11.0914506260      0.0000000000      0.0000000000
    -11.0805659836      0.0000000000      0.0000000000
    -11.0696813411      0.0000000000      0.0000000000
    -11.0587966987      0.0000000000      0.0000000000
    -11.0479120563      0.0000000000      0.0000000000
    -11.0370274139      0.0000000000      0.0000000000
    -11.0261427715      0.0000000000      0.0000000000
    -11.0152581290      0.0000000000      0.0000000000
    -11.0043734866      0.0000000000      0.0000000000
    -10.9934888442      0.0000000000      0.0000000000
    -10.9826042018      0.0000000000      0.0000000000
    -10.9717195594      0.0000000000      0.0000000000
    -10.9608349169      0.0000000000      0.0000000000
    -10.9499502745      0.0000000000      0.0000000000
    -10.9390656321      0.0000000000      0.0000000000
    -10.9281809897      0.0000000000      0.0000000000
    -10.9172963473      0.0000000000      0.0000000000
    -10.9064117048      0.0000000000      0.0000000000
    -10.8955270624      0.0000000000      0.0000000000
    -10.8846424200      0.0000000000      0.0000000000
    -10.8737577776      0.0000000000      0.0000000000
    -10.8628731352      0.0000000000      0.0000000000
    -10.8519884927      0.0000000000      0.0000000000
    -10.8411038503      0.0000000000      0.0000000000
    -10.8302192079      0.0000000000      0.0000000000
    -10.8193345655      0.0000000000      0.0000000000
    -10.8084499231      0.0000000000      0.0000000000
    -10.7975652806      0.0000000000      0.0000000000
    -10.7866806382      0.0000000000      0.0000000000
    -10.7757959958      0.0000000000      0.0000000000
    -10.7649113534      0.0000000000      0.0000000000
    -10.7540267110      0.0000000000      0.0000000000
    -10.7431420685      0.0000000000      0.0000000000
    -10.7322574261      0.0000000000      0.0000000000
    -10.7213727837      0.0000000000      0.0000000000
    -10.7104881413      0.0000000000      0.0000000000
    -10.6996034989      0.0000000000      0.0000000000
    -10.6887188564      0.0000000000      0.0000000000
    -10.6778342140      0.0000000000      0.0000000000
    -10.6669495716      0.0000000000      0.0000000000
    -10.6560649292      0.0000000000      0.0000000000
    -10.6451802868      0.0000000000      0.0000000000
    -10.6342956443      0.0000000000      0.0000000000
    -10.6234110019      0.0000000000      0.0000000000
    -10.6125263595      0.0000000000      0.0000000000
    -10.6016417171      0.0000000000      0.0000000000
    -10.5907570747      0.0000000000      0.0000000000
    -10.5798724322      0.0000000000      0.0000000000
    -10.5689877898      0.0000000000      0.0000000000
    -10.5581031474      0.0000000000      0.0000000000
    -10.5472185050      0.0000000000      0.0000000000
    -10.5363338626      0.0000000000      0.0000000000
    -10.5254492201      0.0000000000      0.0000000000
    -10.5145645777      0.0000000000      0.0000000000
    -10.5036799353      0.0000000000      0.0000000000
    -10.4927952929      0.0000000000      0.0000000000
    -10.4819106505      0.0000000000      0.0000000000
    -10.4710260080      0.0000000000      0.0000000000
    -10.4601413656      0.0000000000      0.0000000000
    -10.4492567232      0.0000000000      0.0000000000
    -10.4383720808      0.0000000000      0.0000000000
    -10.4274874384      0.0000000000      0.0000000000
    -10.4166027959      0.0000000000      0.0000000000
    -10.4057181535      0.0000000000      0.0000000000
    -10.3948335111      0.0000000000      0.0000000000
    -10.3839488687      0.0000000000      0.0000000000
    -10.3730642263      0.0000000000      0.0000000000
    -10.3621795838      0.0000000000      0.0000000000
    -10.3512949414      0.0000000000      0.0000000000
    -10.3404102990      0.0000000000      0.0000000000
    -10.3295256566      0.0000000000      0.0000000000
    -10.3186410142      0.0000000000      0.0000000000
    -10.3077563717      0.0000000000      0.0000000000
    -10.2968717293      0.0000000000      0.0000000000
    -10.2859870869      0.0000000000      0.0000000000
    -10.2751024445      0.0000000000      0.0000000000
    -10.2642178021      0.0000000000      0.0000000000
    -10.2533331596      0.0000000000      0.0000000000
    -10.2424485172      0.0000000000      0.0000000000
    -10.2315638748      0.0000000000      0.0000000000
    -10.2206792324      0.0000000000      0.0000000001
    -10.2097945900      0.0000000000      0.0000000001
    -10.1989099475      0.0000000000      0.0000000001
    -10.1880253051      0.0000000000      0.0000000002
    -10.1771406627      0.0000000000      0.0000000002
    -10.1662560203      0.0000000000      0.0000000003
    -10.1553713779      0.0000000000      0.0000000004
    -10.1444867354      0.0000000000      0.0000000006
    -10.1336020930      0.0000000000      0.0000000008
    -10.1227174506      0.0000000000      0.0000000011
    -10.1118328082      0.0000000000      0.0000000015
    -10.1009481658      0.0000000000      0.0000000020
    -10.0900635233      0.0000000000      0.0000000027
    -10.0791788809      0.0000000000      0.0000000036
    -10.0682942385      0.0000000000      0.0000000048
    -10.0574095961      0.0000000000      0.0000000063
    -10.0465249537      0.0000000000      0.0000000083
    -10.0356403112      0.0000000000      0.0000000109
    -10.0247556688      0.0000000000      0.0000000144
    -10.0138710264      0.0000000000      0.0000000188
    -10.0029863840      0.0000000000      0.0000000245
     -9.9921017416      0.0000000000      0.0000000318
     -9.9812170991      0.0000000000      0.0000000412
     -9.9703324567      0.0000000000      0.0000000532
     -9.9594478143      0.0000000000      0.0000000685
     -9.9485631719      0.0000000000      0.0000000880
     -9.9376785295      0.0000000000      0.0000001125
     -9.9267938870      0.0000000000      0.0000001435
     -9.9159092446      0.0000000000      0.0000001825
     -9.9050246022      0.0000000000      0.0000002313
     -9.8941399598      0.0000000000      0.0000002923
     -9.8832553174      0.0000000000      0.0000003682
     -9.8723706749      0.0000000000      0.0000004623
     -9.8614860325      0.0000000000      0.0000005788
     -9.8506013901      0.0000000000      0.0000007224
     -9.8397167477      0.0000000000      0.0000008988
     -9.8288321053      0.0000000000      0.0000011149
     -9.8179474628      0.0000000000      0.0000013788
     -9.8070628204      0.0000000000      0.0000017000
     -9.7961781780      0.0000000000      0.0000020896
     -9.7852935356      0.0000000000      0.0000025609
     -9.7744088932      0.0000000000      0.0000031290
     -9.7635242507      0.0000000000      0.0000038119
     -9.7526396083      0.0000000000      0.0000046300
     -9.7417549659      0.0000000000      0.0000056073
     -9.7308703235      0.0000000000      0.0000067709
     -9.7199856811      0.0000000000      0.0000081523
     -9.7091010386      0.0000000000      0.0000097873
     -9.6982163962      0.0000000000      0.0000117167
     -9.6873317538      0.0000000000      0.0000139866
     -9.6764471114      0.0000000000      0.0000166493
     -9.6655624690      0.0000000000      0.0000197639
     -9.6546778265      0.0000000000      0.0000233965
     -9.6437931841      0.0000000000      0.0000276212
     -9.6329085417      0.0000000000      0.0000325209
     -9.6220238993      0.0000000000      0.0000381879
     -9.6111392569      0.0000000000      0.0000447244
     -9.6002546144      0.0000000000      0.0000522440
     -9.5893699720      0.0000000000      0.0000608718
     -9.5784853296      0.0000000000      0.0000707459
     -9.5676006872      0.0000000000      0.0000820180
     -9.5567160448      0.0000000000      0.0000948544
     -9.5458314023      0.0000000000      0.0001094370
     -9.5349467599      0.0000000000      0.0001259646
     -9.5240621175      0.0000000000      0.0001446540
     -9.5131774751      0.0000000000      0.0001657405
     -9.5022928327      0.0000000000      0.0001894802
     -9.4914081902      0.0000000000      0.0002161503
     -9.4805235478      0.0000000000      0.0002460509
     -9.4696389054      0.0000000000      0.0002795061
     -9.4587542630      0.0000000000      0.0003168652
     -9.4478696206      0.0000000000      0.0003585044
     -9.4369849781      0.0000000000      0.0004048277
     -9.4261003357      0.0000000000      0.0004562682
     -9.4152156933      0.0000000000      0.0005132892
     -9.4043310509      0.0000000000      0.0005763852
     -9.3934464085      0.0000000000      0.0006460826
     -9.3825617660      0.0000000000      0.0007229398
     -9.3716771236      0.0000000000      0.0008075478
     -9.3607924812      0.0000000000      0.0009005296
     -9.3499078388      0.0000000000      0.0010025391
     -9.3390231964      0.0000000000      0.0011142599
     -9.3281385539      0.0000000000      0.0012364028
     -9.3172539115      0.0000000000      0.0013697030
     -9.3063692691      0.0000000000      0.0015149159
     -9.2954846267      0.0000000000      0.0016728120
     -9.2845999843      0.0000000000      0.0018441709
     -9.2737153418      0.0000000000      0.0020297742
     -9.2628306994      0.0000000000      0.0022303966
     -9.2519460570      0.0000000000      0.0024467965
     -9.2410614146      0.0000000000      0.0026797049
     -9.2301767722      0.0000000000      0.0029298134
     -9.2192921297      0.0000000000      0.0031977607
     -9.2084074873      0.0000000000      0.0034841184
     -9.1975228449      0.0000000000      0.0037893763
     -9.1866382025      0.0000000000      0.0041139262
     -9.1757535601      0.0000000000      0.0044580462
     -9.1648689176      0.0000000000      0.0048218847
     -9.1539842752      0.0000000000      0.0052054443
     -9.1430996328      0.0000000000      0.0056085670
     -9.1322149904      0.0000000000      0.0060309202
     -9.1213303480      0.0000000000      0.0064719840
     -9.1104457055      0.0000000000      0.0069310409
     -9.0995610631      0.0000111768      0.0074071680
     -9.0886764207      0.0000558907      0.0078992311
     -9.0777917783      0.0001347653      0.0084058837
     -9.0669071359      0.0002478006      0.0089255681
     -9.0560224934      0.0003949966      0.0094565212
     -9.0451378510      0.0005763533      0.0099967846
     -9.0342532086      0.0007918707      0.0105442188
     -9.0233685662      0.0010415488      0.0110965221
     -9.0124839238      0.0013253876      0.0116512532
     -9.0015992813      0.0016433871      0.0122058594
     -8.9907146389      0.0019955472      0.0127577075
     -8.9798299965      0.0023818681      0.0133041191
     -8.9689453541      0.0028023497      0.0138424085
     -8.9580607117      0.0032569920      0.0143699242
     -8.9471760692      0.0037457950      0.0148840906
     -8.9362914268      0.0042687586      0.0153824525
     -8.9254067844      0.0048258830      0.0158627185
     -8.9145221420      0.0054171681      0.0163228046
     -8.9036374996      0.0060426138      0.0167608756
     -8.8927528571      0.0067022203      0.0171753841
     -8.8818682147      0.0073959874      0.0175651065
     -8.8709835723      0.0081239153      0.0179291740
     -8.8600989299      0.0088860039      0.0182670989
     -8.8492142875      0.0153174968      0.0185787949
     -8.8383296450      0.0205053023      0.0188645912
     -8.8274450026      0.0238927988      0.0191252396
     -8.8165603602      0.0254799861      0.0193619143
     -8.8056757178      0.0252668644      0.0195762050
     -8.7947910754      0.0232534337      0.0197701017
     -8.7839064329      0.0194396939      0.0199459737
     -8.7730217905      0.0159477612      0.0201065410
     -8.7621371481      0.0163091677      0.0202548396
     -8.7512525057      0.0166737574      0.0203941814
     -8.7403678633      0.0170415301      0.0205281095
     -8.7294832208      0.0174124859      0.0206603489
     -8.7185985784      0.0177866248      0.0207947546
     -8.7077139360      0.0181639468      0.0209352580
     -8.6968292936      0.0185444518      0.0210858110
     -8.6859446512      0.0189281400      0.0212503314
     -8.6750600087      0.0193150112      0.0214326483
     -8.6641753663      0.0197050655      0.0216364491
     -8.6532907239      0.0200983028      0.0218652295
     -8.6424060815      0.0204947233      0.0221222460
     -8.6315214391      0.0208943268      0.0224104726
     -8.6206367966      0.0212971134      0.0227325614
     -8.6097521542      0.0217030831      0.0230908073
     -8.5988675118      0.0221122359      0.0234871179
     -8.5879828694      0.0225245717      0.0239229876
     -8.5770982270      0.0229400907      0.0243994762
     -8.5662135845      0.0233587927      0.0249171924
     -8.5553289421      0.0237806778      0.0254762815
     -8.5444442997      0.0242057459      0.0260764165
     -8.5335596573      0.0246339972      0.0267167941
     -8.5226750149      0.0250654315      0.0273961330
     -8.5117903724      0.0255000489      0.0281126767
     -8.5009057300      0.0259378494      0.0288641985
     -8.4900210876      0.0263788330      0.0296480101
     -8.4791364452      0.0268229996      0.0304609725
     -8.4682518028      0.0272703493      0.0312995112
     -8.4573671603      0.0277208822      0.0321596327
     -8.4464825179      0.0282823258      0.0330369460
     -8.4355978755      0.0290101656      0.0339266866
     -8.4247132331      0.0297080537      0.0348237445
     -8.4138285907      0.0303759900      0.0357226969
     -8.4029439482      0.0310139746      0.0366178447
     -8.3920593058      0.0316220075      0.0375032541
     -8.3811746634      0.0322000887      0.0383728030
     -8.3702900210      0.0327482181      0.0392202327
     -8.3594053786      0.0332663959      0.0400392042
     -8.3485207361      0.0337546219      0.0408233604
     -8.3376360937      0.0342128961      0.0415663918
     -8.3267514513      0.0346412187      0.0422621072
     -8.3158668089      0.0350395895      0.0429045078
     -8.3049821665      0.0354080086      0.0434878640
     -8.2940975240      0.0357464760      0.0440067934
     -8.2832128816      0.0360549916      0.0444563404
     -8.2723282392      0.0363335556      0.0448320540
     -8.2614435968      0.0365821678      0.0451300637
     -8.2505589544      0.0368008283      0.0453471523
     -8.2396743119      0.0369895370      0.0454808228
     -8.2287896695      0.0371482940      0.0455293588
     -8.2179050271      0.0372770994      0.0454918773
     -8.2070203847      0.0372132824      0.0453683713
     -8.1961357423      0.0365814917      0.0451597427
     -8.1852510998      0.0360882414      0.0448678228
     -8.1743664574      0.0357335316      0.0444953809
     -8.1634818150      0.0355173622      0.0440461200
     -8.1525971726      0.0354397333      0.0435246592
     -8.1417125302      0.0355006448      0.0429365030
     -8.1308278877      0.0356992649      0.0422879981
     -8.1199432453      0.0359546469      0.0415862776
     -8.1090586029      0.0362133476      0.0408391936
     -8.0981739605      0.0364753670      0.0400552397
     -8.0872893181      0.0367407051      0.0392434642
     -8.0764046756      0.0370093619      0.0384133752
     -8.0655200332      0.0372813375      0.0375748399
     -8.0546353908      0.0375566317      0.0367379785
     -8.0437507484      0.0378352447      0.0359130555
     -8.0328661060      0.0381171763      0.0351103686
     -8.0219814635      0.0384024267      0.0343401388
     -8.0110968211      0.0386909958      0.0336124005
     -8.0002121787      0.0389828836      0.0329368953
     -7.9893275363      0.0392780901      0.0323229694
     -7.9784428939      0.0395766153      0.0317794759
     -7.9675582514      0.0398784593      0.0313146829
     -7.9566736090      0.0401836219      0.0309361887
     -7.9457889666      0.0404921033      0.0306508435
     -7.9349043242      0.0408039033      0.0304646793
     -7.9240196818      0.0411190221      0.0303828476
     -7.9131350393      0.0414374596      0.0304095654
     -7.9022503969      0.0417592158      0.0305480697
     -7.8913657545      0.0420842907      0.0308005804
     -7.8804811121      0.0424126843      0.0311682720
     -7.8695964697      0.0427443966      0.0316512544
     -7.8587118272      0.0430794277      0.0322485623
     -7.8478271848      0.0434177774      0.0329581537
     -7.8369425424      0.0437594459      0.0337769183
     -7.8260579000      0.0441044330      0.0347006948
     -7.8151732576      0.0444527389      0.0357242981
     -7.8042886151      0.0448034225      0.0368415570
     -7.7934039727      0.0451549416      0.0380453621
     -7.7825193303      0.0455072741      0.0393277231
     -7.7716346879      0.0458604198      0.0406798384
     -7.7607500455      0.0462143788      0.0420921741
     -7.7498654030      0.0465691511      0.0435545533
     -7.7389807606      0.0469247368      0.0450562563
     -7.7280961182      0.0472811357      0.0465861299
     -7.7172114758      0.0476383479      0.0481327047
     -7.7063268334      0.0479963734      0.0496843215
     -7.6954421909      0.0483552122      0.0512292633
     -7.6845575485      0.0487148643      0.0527558918
     -7.6736729061      0.0490753297      0.0542527876
     -7.6627882637      0.0494366083      0.0557088914
     -7.6519036213      0.0497987003      0.0571136433
     -7.6410189788      0.0501616056      0.0584571194
     -7.6301343364      0.0505253242      0.0597301618
     -7.6192496940      0.0508898560      0.0609245001
     -7.6083650516      0.0512552012      0.0620328620
     -7.5974804092      0.0516213597      0.0630490705
     -7.5865957667      0.0519883414      0.0639681254
     -7.5757111243      0.0523358947      0.0647862676
     -7.5648264819      0.0526427041      0.0655010236
     -7.5539418395      0.0529087698      0.0661112299
     -7.5430571971      0.0531340916      0.0666170363
     -7.5321725546      0.0533186697      0.0670198867
     -7.5212879122      0.0534625040      0.0673224788
     -7.5104032698      0.0535655944      0.0675287023
     -7.4995186274      0.0537559308      0.0676435570
     -7.4886339850      0.0539944998      0.0676730522
     -7.4777493425      0.0542318456      0.0676240888
     -7.4668647001      0.0544679679      0.0675043282
     -7.4559800577      0.0547028670      0.0673220476
     -7.4450954153      0.0549365427      0.0670859874
     -7.4342107729      0.0551689950      0.0668051927
     -7.4233261304      0.0554002240      0.0664888508
     -7.4124414880      0.0556302297      0.0661461307
     -7.4015568456      0.0558590121      0.0657860248
     -7.3906722032      0.0560865711      0.0654171974
     -7.3797875608      0.0563129068      0.0650478431
     -7.3689029183      0.0565380191      0.0646855560
     -7.3580182759      0.0567619081      0.0643372136
     -7.3471336335      0.0569845737      0.0640088761
     -7.3362489911      0.0572060161      0.0637057030
     -7.3253643487      0.0574262350      0.0634318884
     -7.3144797062      0.0576452307      0.0631906144
     -7.3035950638      0.0578630030      0.0629840249
     -7.2927104214      0.0580795520      0.0628132171
     -7.2818257790      0.0582948776      0.0626782523
     -7.2709411366      0.0585089799      0.0625781850
     -7.2600564941      0.0587218588      0.0625111073
     -7.2491718517      0.0589335144      0.0624742098
     -7.2382872093      0.0591439467      0.0624638564
     -7.2274025669      0.0593531557      0.0624756706
     -7.2165179245      0.0595611413      0.0625046337
     -7.2056332820      0.0596934193      0.0625451905
     -7.1947486396      0.0598274917      0.0625913631
     -7.1838639972      0.0599735601      0.0626368700
     -7.1729793548      0.0601316244      0.0626752479
     -7.1620947124      0.0603016847      0.0626999767
     -7.1512100699      0.0604837410      0.0627046035
     -7.1403254275      0.0606777933      0.0626828670
     -7.1294407851      0.0608838415      0.0626288174
     -7.1185561427      0.0611018857      0.0625369335
     -7.1076715003      0.0613319259      0.0624022338
     -7.0967868578      0.0615739620      0.0622203810
     -7.0859022154      0.0618279941      0.0619877786
     -7.0750175730      0.0620940222      0.0617016583
     -7.0641329306      0.0623720462      0.0613601579
     -7.0532482882      0.0626620662      0.0609623872
     -7.0423636457      0.0629640822      0.0605084822
     -7.0314790033      0.0632780941      0.0599996474
     -7.0205943609      0.0636041020      0.0594381830
     -7.0097097185      0.0639419888      0.0588274989
     -6.9988250761      0.0642877660      0.0581721139
     -6.9879404336      0.0646399472      0.0574776401
     -6.9770557912      0.0650007337      0.0567507514
     -6.9661711488      0.0653636525      0.0559991379
     -6.9552865064      0.0657287035      0.0552314443
     -6.9444018640      0.0660958869      0.0544571947
     -6.9335172215      0.0664652026      0.0536867023
     -6.9226325791      0.0668366506      0.0529309667
     -6.9117479367      0.0672102308      0.0522015582
     -6.9008632943      0.0675859434      0.0515104913
     -6.8899786519      0.0679637883      0.0508700877
     -6.8790940094      0.0683437655      0.0502928317
     -6.8682093670      0.0687258749      0.0497912173
     -6.8573247246      0.0691101167      0.0493775918
     -6.8464400822      0.0694964908      0.0490639942
     -6.8355554398      0.0698849972      0.0488619932
     -6.8246707973      0.0702756359      0.0487825255
     -6.8137861549      0.0706684069      0.0488357358
     -6.8029015125      0.0710633102      0.0490308219
     -6.7920168701      0.0714603458      0.0493758857
     -6.7811322277      0.0718595137      0.0498777930
     -6.7702475852      0.0722608139      0.0505420429
     -6.7593629428      0.0726642464      0.0513726509
     -6.7484783004      0.0730698112      0.0523720445
     -6.7375936580      0.0734775083      0.0535409761
     -6.7267090156      0.0738873377      0.0548784531
     -6.7158243731      0.0742992994      0.0563816873
     -6.7049397307      0.0747133934      0.0580460656
     -6.6940550883      0.0751296198      0.0598651422
     -6.6831704459      0.0755479784      0.0618306544
     -6.6722858035      0.0759684693      0.0639325628
     -6.6614011610      0.0763910925      0.0661591160
     -6.6505165186      0.0768158480      0.0684969399
     -6.6396318762      0.0772427359      0.0709311534
     -6.6287472338      0.0776708075      0.0734455069
     -6.6178625914      0.0780897652      0.0760225464
     -6.6069779489      0.0784967946      0.0786437987
     -6.5960933065      0.0788918957      0.0812899777
     -6.5852086641      0.0792750685      0.0839412096
     -6.5743240217      0.0796463131      0.0865772732
     -6.5634393793      0.0800056293      0.0891778529
     -6.5525547368      0.0803530174      0.0917228009
     -6.5416700944      0.0806884771      0.0941924036
     -6.5307854520      0.0810120085      0.0965676490
     -6.5199008096      0.0813236117      0.0988304901
     -6.5090161672      0.0816232866      0.1009640987
     -6.4981315247      0.0819110333      0.1029531060
     -6.4872468823      0.0821868516      0.1047838249
     -6.4763622399      0.0824507417      0.1064444485
     -6.4654775975      0.0827027035      0.1079252216
     -6.4545929551      0.0829427371      0.1092185810
     -6.4437083126      0.0831708423      0.1103192607
     -6.4328236702      0.0834239743      0.1112243599
     -6.4219390278      0.0839378206      0.1119333717
     -6.4110543854      0.0845949136      0.1124481710
     -6.4001697430      0.0853952532      0.1127729612
     -6.3892851005      0.0859996450      0.1129141814
     -6.3784004581      0.0864438502      0.1128803736
     -6.3675158157      0.0868925933      0.1126820141
     -6.3566311733      0.0873448309      0.1123313112
     -6.3457465309      0.0878005510      0.1118419736
     -6.3348618884      0.0882597536      0.1112289541
     -6.3239772460      0.0887224387      0.1105081736
     -6.3130926036      0.0891886063      0.1096962314
     -6.3022079612      0.0896582565      0.1088101074
     -6.2913233188      0.0901313891      0.1078668628
     -6.2804386763      0.0906080043      0.1068833449
     -6.2695540339      0.0910881020      0.1058759020
     -6.2586693915      0.0915716822      0.1048601151
     -6.2477847491      0.0920587450      0.1038505500
     -6.2369001067      0.0925492902      0.1028605357
     -6.2260154642      0.0930433180      0.1019019731
     -6.2151308218      0.0935408283      0.1009851761
     -6.2042461794      0.0940418211      0.1001187500
     -6.1933615370      0.0945462964      0.0993095063
     -6.1824768946      0.0950542543      0.0985624162
     -6.1715922521      0.0955656947      0.0978806027
     -6.1607076097      0.0960806175      0.0972653705
     -6.1498229673      0.0965990229      0.0967162713
     -6.1389383249      0.0971209108      0.0962312038
     -6.1280536825      0.0976462813      0.0958065436
     -6.1171690400      0.0981751342      0.0954373017
     -6.1062843976      0.0986994957      0.0951173063
     -6.0953997552      0.0992137141      0.0948394036
     -6.0845151128      0.0997315563      0.0945956747
     -6.0736304704      0.1002530224      0.0943776625
     -6.0627458279      0.1007781124      0.0941766055
     -6.0518611855      0.1013068263      0.0939836719
     -6.0409765431      0.1018391640      0.0937901927
     -6.0300919007      0.1023751255      0.0935878864
     -6.0192072583      0.1029147109      0.0933690743
     -6.0083226158      0.1034579202      0.0931268804
     -5.9974379734      0.1040047534      0.0928554150
     -5.9865533310      0.1045538995      0.0925499370
     -5.9756686886      0.1050701657      0.0922069945
     -5.9647840462      0.1056058705      0.0918245405
     -5.9538994037      0.1061610139      0.0914020224
     -5.9430147613      0.1067355957      0.0909404446
     -5.9321301189      0.1073296162      0.0904424034
     -5.9212454765      0.1079430751      0.0899120939
     -5.9103608341      0.1085759727      0.0893552885
     -5.8994761916      0.1092283087      0.0887792894
     -5.8885915492      0.1099000833      0.0881928536
     -5.8777069068      0.1105912965      0.0876060936
     -5.8668222644      0.1112995929      0.0870303549
     -5.8559376220      0.1120218463      0.0864780715
     -5.8450529795      0.1127580414      0.0859626031
     -5.8341683371      0.1135081782      0.0854980551
     -5.8232836947      0.1142722568      0.0850990852
     -5.8123990523      0.1150502771      0.0847806989
     -5.8015144099      0.1158422391      0.0845580369
     -5.7906297674      0.1166481428      0.0844461583
     -5.7797451250      0.1174679740      0.0844598220
     -5.7688604826      0.1183001544      0.0846132707
     -5.7579758402      0.1191436136      0.0849200193
     -5.7470911978      0.1199983515      0.0853926519
     -5.7362065553      0.1208643681      0.0860426313
     -5.7253219129      0.1217416635      0.0868801211
     -5.7144372705      0.1226302376      0.0879138268
     -5.7035526281      0.1235300905      0.0891508551
     -5.6926679857      0.1244412220      0.0905965955
     -5.6817833432      0.1253636323      0.0922546252
     -5.6708987008      0.1262973214      0.0941266393
     -5.6600140584      0.1272422892      0.0962124059
     -5.6491294160      0.1281985357      0.0985097487
     -5.6382447736      0.1291660609      0.1010145554
     -5.6273601311      0.1301448649      0.1037208132
     -5.6164754887      0.1311349477      0.1066206691
     -5.6055908463      0.1321363091      0.1097045154
     -5.5947062039      0.1331489493      0.1129610978
     -5.5838215615      0.1341728683      0.1163776448
     -5.5729369190      0.1352080659      0.1199400162
     -5.5620522766      0.1362545423      0.1236328679
     -5.5511676342      0.1373122975      0.1274398314
     -5.5402829918      0.1383813314      0.1313437032
     -5.5293983494      0.1394616440      0.1353266432
     -5.5185137069      0.1405475462      0.1393703785
     -5.5076290645      0.1416316063      0.1434564086
     -5.4967444221      0.1427327388      0.1475662106
     -5.4858597797      0.1438509438      0.1516814404
     -5.4749751373      0.1449862212      0.1557841276
     -5.4640904948      0.1461649788      0.1598568621
     -5.4532058524      0.1474241038      0.1638829697
     -5.4423212100      0.1487304486      0.1678466739
     -5.4314365676      0.1500840132      0.1717332443
     -5.4205519252      0.1514847975      0.1755291282
     -5.4096672827      0.1529328016      0.1792220656
     -5.3987826403      0.1544280255      0.1828011862
     -5.3878979979      0.1559631776      0.1862570892
     -5.3770133555      0.1574490152      0.1895819035
     -5.3661287131      0.1589526496      0.1927693322
     -5.3552440706      0.1604740807      0.1958146779
     -5.3443594282      0.1620133085      0.1987148536
     -5.3334747858      0.1635703330      0.2014683765
     -5.3225901434      0.1651451541      0.2040753496
     -5.3117055010      0.1667377720      0.2065374290
     -5.3008208585      0.1683481866      0.2088577816
     -5.2899362161      0.1699763979      0.2110410320
     -5.2790515737      0.1765742215      0.2130932023
     -5.2681669313      0.1788939598      0.2150216446
     -5.2572822889      0.1812684183      0.2168349687
     -5.2463976464      0.1836975970      0.2185429660
     -5.2355130040      0.1861814960      0.2201565305
     -5.2246283616      0.1887201152      0.2216875777
     -5.2137437192      0.1913134546      0.2231489623
     -5.2028590768      0.1939615142      0.2245543961
     -5.1919744343      0.1966642941      0.2259183641
     -5.1810897919      0.1994217941      0.2272560415
     -5.1702051495      0.2022340145      0.2285832093
     -5.1593205071      0.2051009550      0.2299161698
     -5.1484358647      0.2080226157      0.2312716608
     -5.1375512222      0.2109989967      0.2326667682
     -5.1266665798      0.2140300979      0.2341188365
     -5.1157819374      0.2171159193      0.2356453767
     -5.1048972950      0.2202564610      0.2372639721
     -5.0940126526      0.2234517229      0.2389921791
     -5.0831280101      0.2267798345      0.2408474267
     -5.0722433677      0.2302503332      0.2428469113
     -5.0613587253      0.2337898682      0.2450074893
     -5.0504740829      0.2380137594      0.2473455668
     -5.0395894405      0.2424243747      0.2498769878
     -5.0287047980      0.2469697948      0.2526169218
     -5.0178201556      0.2516540880      0.2555797518
     -5.0069355132      0.2564772544      0.2587789639
     -4.9960508708      0.2614392940      0.2622270412
     -4.9851662284      0.2665402068      0.2659353615
     -4.9742815859      0.2717799927      0.2699141024
     -4.9633969435      0.2771586518      0.2741721546
     -4.9525123011      0.2826761840      0.2787170445
     -4.9416276587      0.2883325894      0.2835548684
     -4.9307430163      0.2941278680      0.2886902380
     -4.9198583738      0.3000620198      0.2941262399
     -4.9089737314      0.3061350447      0.2998644078
     -4.8980890890      0.3123469428      0.3059047092
     -4.8872044466      0.3186977140      0.3122455451
     -4.8763198042      0.3252591023      0.3188837632
     -4.8654351617      0.3324775265      0.3258146843
     -4.8545505193      0.3401625766      0.3330321389
     -4.8436658769      0.3482988399      0.3405285149
     -4.8327812345      0.3568863162      0.3482948143
     -4.8218965921      0.3659250057      0.3563207167
     -4.8110119496      0.3794831327      0.3645946495
     -4.8001273072      0.4245169141      0.3731038614
     -4.7892426648      0.4432680703      0.3818345003
     -4.7783580224      0.4357366014      0.3907716932
     -4.7674733800      0.4019225072      0.3998996266
     -4.7565887375      0.4031838063      0.4092016289
     -4.7457040951      0.4088211777      0.4186602535
     -4.7348194527      0.4146128365      0.4282573627
     -4.7239348103      0.4205587828      0.4379742146
     -4.7130501679      0.4283426732      0.4477915521
     -4.7021655254      0.4437522331      0.4576896968
     -4.6912808830      0.4617637872      0.4676486495
     -4.6803962406      0.4767469568      0.4776481979
     -4.6695115982      0.4930116247      0.4876680342
     -4.6586269558      0.5109217837      0.4976878844
     -4.6477423133      0.5304774339      0.5076876504
     -4.6368576709      0.5564432291      0.5176475653
     -4.6259730285      0.5813959666      0.5275483650
     -4.6150883861      0.6064522578      0.5373714725
     -4.6042037437      0.6216078666      0.5470991981
     -4.5933191012      0.6269210404      0.5567149503
     -4.5824344588      0.6297528810      0.5662034582
     -4.5715498164      0.6301033885      0.5755510002
     -4.5606651740      0.6279725629      0.5847456357
     -4.5497805316      0.6233604040      0.5937774344
     -4.5388958891      0.6190188331      0.6026386985
     -4.5280112467      0.6247571775      0.6113241705
     -4.5171266043      0.6306743254      0.6198312206
     -4.5062419619      0.6358378100      0.6281600069
     -4.4953573195      0.6397473516      0.6363136013
     -4.4844726770      0.6441912879      0.6442980741
     -4.4735880346      0.6491283405      0.6521225323
     -4.4627033922      0.6517963449      0.6597991051
     -4.4518187498      0.6550325869      0.6673428731
     -4.4409341074      0.6588328448      0.6747717373
     -4.4300494649      0.6631971188      0.6821062270
     -4.4191648225      0.6681254088      0.6893692457
     -4.4082801801      0.6736045640      0.6965857574
     -4.3973955377      0.6924349900      0.7037824159
     -4.3865108953      0.7623584796      0.7109871426
     -4.3756262528      0.7166826358      0.7182286593
     -4.3647416104      0.7166602859      0.7255359844
     -4.3538569680      0.7150755385      0.7329379027
     -4.3429723256      0.7126282040      0.7404624184
     -4.3320876832      0.7113964592      0.7481362041
     -4.3212030407      0.7108487060      0.7559840576
     -4.3103183983      0.7102016200      0.7640283787
     -4.2994337559      0.7094552011      0.7722886787
     -4.2885491135      0.7086094494      0.7807811327
     -4.2776644711      0.7076643647      0.7895181882
     -4.2667798286      0.7066199473      0.7985082364
     -4.2558951862      0.7054761969      0.8077553559
     -4.2450105438      0.7042934534      0.8172591352
     -4.2341259014      0.7042817283      0.8270145765
     -4.2232412590      0.7094183883      0.8370120847
     -4.2123566165      0.7201022775      0.8472375407
     -4.2014719741      0.7363333957      0.8576724570
     -4.1905873317      0.7581117430      0.8682942116
     -4.1797026893      0.7854607656      0.8790763539
     -4.1688180469      0.9147487901      0.8899889759
     -4.1579334044      0.9718481412      0.9009991381
     -4.1470487620      0.9200112856      0.9120713414
     -4.1361641196      0.9804273189      0.9231680337
     -4.1252794772      1.0155819651      0.9342501402
     -4.1143948348      1.0481936618      0.9452776048
     -4.1035101923      1.0736507122      0.9562099341
     -4.0926255499      1.0915888403      0.9670067316
     -4.0817409075      1.1020080461      0.9776282124
     -4.0708562651      1.1143465219      0.9880356921
     -4.0599716227      1.1318764564      0.9981920403
     -4.0490869802      1.1396244683      1.0080620945
     -4.0382023378      1.1659675726      1.0176130293
     -4.0273176954      1.1881833635      1.0268146789
     -4.0164330530      1.2086816475      1.0356398103
     -4.0055484106      1.2246988568      1.0440643488
     -3.9946637681      1.2202972259      1.0520675544
     -3.9837791257      1.2428321210      1.0596321548
     -3.9728944833      1.2511777845      1.0667444341
     -3.9620098409      1.2558130421      1.0733942836
     -3.9511251985      1.2588870062      1.0795752170
     -3.9402405560      1.2514576217      1.0852843549
     -3.9293559136      1.2375109473      1.0905223824
     -3.9184712712      1.2193912306      1.0952934827
     -3.9075866288      1.1970477044      1.0996052516
     -3.8967019864      1.1703623330      1.1034685956
     -3.8858173439      1.1365628633      1.1068976139
     -3.8749327015      1.0961804184      1.1099094695
     -3.8640480591      1.0394524679      1.1125242475
     -3.8531634167      0.9694437578      1.1147648035
     -3.8422787743      0.8969114487      1.1166566005
     -3.8313941318      0.8446785033      1.1182275352
     -3.8205094894      0.8283825952      1.1195077532
     -3.8096248470      0.8195365481      1.1205294511
     -3.7987402046      0.8184461185      1.1213266672
     -3.7878555622      0.8259681767      1.1219350575
     -3.7769709197      0.8422646933      1.1223916592
     -3.7660862773      0.8703633740      1.1227346396
     -3.7552016349      0.9116613925      1.1230030334
     -3.7443169925      0.9616711797      1.1232364663
     -3.7334323501      1.0194978520      1.1234748698
     -3.7225477076      1.0797993041      1.1237581872
     -3.7116630652      1.0922751636      1.1241260737
     -3.7007784228      1.1184064905      1.1246175952
     -3.6898937804      1.1468907546      1.1252709279
     -3.6790091380      1.1732333265      1.1261230640
     -3.6681244955      1.1969675360      1.1272095264
     -3.6572398531      1.2180933830      1.1285640982
     -3.6463552107      1.2289392047      1.1302185699
     -3.6354705683      1.2320728871      1.1322025099
     -3.6245859259      1.2278573178      1.1345430602
     -3.6137012834      1.2164861230      1.1372647628
     -3.6028166410      1.2008251521      1.1403894180
     -3.5919319986      1.1848766120      1.1439359774
     -3.5810473562      1.1714845877      1.1479204734
     -3.5701627138      1.1586538352      1.1523559850
     -3.5592780713      1.1463365347      1.1572526411
     -3.5483934289      1.1345326864      1.1626176596
     -3.5375087865      1.1229709236      1.1684554206
     -3.5266241441      1.1115807737      1.1747675725
     -3.5157395017      1.0997677614      1.1815531669
     -3.5048548592      1.0873942863      1.1888088203
     -3.4939702168      1.0752348635      1.1965288974
     -3.4830855744      1.0697277248      1.2047057131
     -3.4722009320      1.0669495168      1.2133297485
     -3.4613162896      1.0659842240      1.2223898767
     -3.4504316471      1.0716489832      1.2318735941
     -3.4395470047      1.0808488700      1.2417672528
     -3.4286623623      1.0889520709      1.2520562914
     -3.4177777199      1.1393396441      1.2627254592
     -3.4068930775      1.1522297211      1.2737590317
     -3.3960084350      1.1661793769      1.2851410143
     -3.3851237926      1.1311431110      1.2968553310
     -3.3742391502      1.0975042015      1.3088859986
     -3.3633545078      1.1036691860      1.3212172814
     -3.3524698654      1.1216563888      1.3338338279
     -3.3415852229      1.1616935243      1.3467207876
     -3.3307005805      1.1958080929      1.3598639071
     -3.3198159381      1.2232684408      1.3732496045
     -3.3089312957      1.2351338487      1.3868650235
     -3.2980466533      1.2279178256      1.4006980648
     -3.2871620108      1.2203723761      1.4147373957
     -3.2762773684      1.2472481644      1.4289724370
     -3.2653927260      1.2863190925      1.4433933282
     -3.2545080836      1.3283181436      1.4579908683
     -3.2436234412      1.3704911178      1.4727564344
     -3.2327387987      1.4142468892      1.4876818762
     -3.2218541563      1.4622458320      1.5027593869
     -3.2109695139      1.5341023016      1.5179813498
     -3.2000848715      1.6210304847      1.5333401619
     -3.1892002291      1.7772084332      1.5488280340
     -3.1783155866      1.8244841322      1.5644367686
     -3.1674309442      1.7969487309      1.5801575170
     -3.1565463018      1.7532264780      1.5959805184
     -3.1456616594      1.7565457938      1.6118948212
     -3.1347770170      1.7604814736      1.6278879936
     -3.1238923745      1.7417969813      1.6439458241
     -3.1130077321      1.7345639719      1.6600520190
     -3.1021230897      1.7317364728      1.6761879019
     -3.0912384473      1.7323221878      1.6923321207
     -3.0803538049      1.7352923669      1.7084603706
     -3.0694691624      1.7363965497      1.7245451392
     -3.0585845200      1.7332708496      1.7405554827
     -3.0476998776      1.7383139488      1.7564568401
     -3.0368152352      1.7436038698      1.7722108944
     -3.0259305928      1.7452821163      1.7877754891
     -3.0150459503      1.7575092044      1.8031046063
     -3.0041613079      1.8524605002      1.8181484152
     -2.9932766655      1.9430214582      1.8328533953
     -2.9823920231      1.9110337576      1.8471625418
     -2.9715073807      1.9509303516      1.8610156546
     -2.9606227382      2.0552732754      1.8743497151
     -2.9497380958      2.0607871849      1.8870993518
     -2.9388534534      2.0365103509      1.8991973915
     -2.9279688110      2.0138000568      1.9105754966
     -2.9170841686      1.9972358036      1.9211648802
     -2.9061995261      1.9966761351      1.9308970950
     -2.8953148837      2.0088877061      1.9397048858
     -2.8844302413      2.0435142734      1.9475230946
     -2.8735455989      2.1248048288      1.9542896071
     -2.8626609565      2.2409526603      1.9599463252
     -2.8517763140      2.4352235961      1.9644401511
     -2.8408916716      2.8746034672      1.9677239651
     -2.8300070292      2.7324631168      1.9697575808
     -2.8191223868      2.5489402504      1.9705086593
     -2.8082377444      2.3385603312      1.9699535635
     -2.7973531019      2.1843542101      1.9680781358
     -2.7864684595      2.0955239423      1.9648783812
     -2.7755838171      2.1195511283      1.9603610390
     -2.7646991747      2.1456115629      1.9545440296
     -2.7538145323      2.2119566134      1.9474567616
     -2.7429298898      2.2809426191      1.9391402888
     -2.7320452474      2.3269707322      1.9296473089
     -2.7211606050      2.2913765155      1.9190419968
     -2.7102759626      1.8476759818      1.9073996694
     -2.6993913202      1.7814335987      1.8948062825
     -2.6885066777      1.6805314478      1.8813577607
     -2.6776220353      1.6137022850      1.8671591688
     -2.6667373929      1.6008351783      1.8523237298
     -2.6558527505      1.5078321931      1.8369717054
     -2.6449681081      1.5355575118      1.8212291498
     -2.6340834656      1.5448822883      1.8052265555
     -2.6231988232      1.6024506106      1.7890974109
     -2.6123141808      1.5480455938      1.7729766882
     -2.6014295384      1.5332837465      1.7569992868
     -2.5905448960      1.5234079543      1.7412984539
     -2.5796602535      1.5160830390      1.7260042074
     -2.5687756111      1.5151663621      1.7112417851
     -2.5578909687      1.5231764629      1.6971301450
     -2.5470063263      1.5401297374      1.6837805398
     -2.5361216839      1.5660331957      1.6712951884
     -2.5252370414      1.5779736172      1.6597660655
     -2.5143523990      1.5780319704      1.6492738288
     -2.5034677566      1.5298159690      1.6398869008
     -2.4925831142      1.4936114418      1.6316607201
     -2.4816984718      1.4710351222      1.6246371745
     -2.4708138293      1.4583982462      1.6188442250
     -2.4599291869      1.4587235418      1.6142957267
     -2.4490445445      1.4629114604      1.6109914513
     -2.4381599021      1.4755346810      1.6089173085
     -2.4272752597      1.4844257071      1.6080457659
     -2.4163906172      1.4968812822      1.6083364600
     -2.4055059748      1.5105194676      1.6097369879
     -2.3946213324      1.4939004740      1.6121838697
     -2.3837366900      1.4453882368      1.6156036645
     -2.3728520476      1.4365980675      1.6199142241
     -2.3619674051      1.4429661184      1.6250260630
     -2.3510827627      1.4487567284      1.6308438248
     -2.3401981203      1.4545715087      1.6372678195
     -2.3293134779      1.4651247675      1.6441956091
     -2.3184288355      1.4813705414      1.6515236143
     -2.3075441930      1.5448505438      1.6591487168
     -2.2966595506      1.6346137093      1.6669698313
     -2.2857749082      1.7245998945      1.6748894221
     -2.2748902658      1.8133624032      1.6828149377
     -2.2640056234      1.9005684037      1.6906601421
     -2.2531209809      1.9889511161      1.6983463203
     -2.2422363385      2.0478559372      1.7058033386
     -2.2313516961      2.1127858564      1.7129705428
     -2.2204670537      2.1447291470      1.7197974806
     -2.2095824113      2.1563826274      1.7262444386
     -2.1986977688      2.1483127884      1.7322827842
     -2.1878131264      2.1344322294      1.7378951120
     -2.1769284840      2.1281950473      1.7430751915
     -2.1660438416      2.0851711644      1.7478277228
     -2.1551591992      1.9781431813      1.7521679051
     -2.1442745567      1.9591750730      1.7561208295
     -2.1333899143      1.9399848608      1.7597207102
     -2.1225052719      1.8953475473      1.7630099683
     -2.1116206295      1.9158880429      1.7660381892
     -2.1007359871      1.9335467086      1.7688609721
     -2.0898513446      1.8405270050      1.7715386933
     -2.0789667022      1.8146949961      1.7741352061
     -2.0680820598      1.7925763462      1.7767165000
     -2.0571974174      1.7760129990      1.7793493405
     -2.0463127750      1.7456679714      1.7820999117
     -2.0354281325      1.6919669046      1.7850324817
     -2.0245434901      1.6482991284      1.7882081097
     -2.0136588477      1.6364267928      1.7916834111
     -2.0027742053      1.6281436082      1.7955093967
     -1.9918895629      1.6181610976      1.7997303970
     -1.9810049204      1.6103356598      1.8043830827
     -1.9701202780      1.6046672947      1.8094955906
     -1.9592356356      1.6078455847      1.8150867593
     -1.9483509932      1.6282246373      1.8211654814
     -1.9374663508      1.6725738897      1.8277301730
     -1.9265817083      1.6039935602      1.8347683633
     -1.9156970659      1.6065260233      1.8422564055
     -1.9048124235      1.6170160536      1.8501593076
     -1.8939277811      1.6311077756      1.8584306838
     -1.8830431387      1.6487447420      1.8670128261
     -1.8721584962      1.6849826849      1.8758368946
     -1.8612738538      1.7447563655      1.8848232278
     -1.8503892114      1.8028957135      1.8938817711
     -1.8395045690      1.7530903831      1.9029126253
     -1.8286199266      1.7445279966      1.9118067135
     -1.8177352841      1.7718721838      1.9204465676
     -1.8068506417      1.7988427260      1.9287072334
     -1.7959659993      1.8195299697      1.9364572925
     -1.7850813569      1.8269220793      1.9435599999
     -1.7741967145      1.8136935877      1.9498745322
     -1.7633120720      1.8169159916      1.9552573410
     -1.7524274296      1.8426342815      1.9595636042
     -1.7415427872      1.8669435439      1.9626487642
     -1.7306581448      1.8891027819      1.9643701405
     -1.7197735024      1.9108676187      1.9645886006
     -1.7088888599      1.9268358325      1.9631702706
     -1.6980042175      1.9927398627      1.9599882650
     -1.6871195751      1.9981193250      1.9549244108
     -1.6762349327      2.0601231917      1.9478709411
     -1.6653502903      2.1592790321      1.9387321304
     -1.6544656478      2.2128158719      1.9274258420
     -1.6435810054      2.3590197852      1.9138849606
     -1.6326963630      2.7793777395      1.8980586786
     -1.6218117206      3.0227101623      1.8799136101
     -1.6109270782      3.2027592706      1.8594347056
     -1.6000424357      3.3425090377      1.8366259450
     -1.5891577933      3.4540693187      1.8115107865
     -1.5782731509      3.5480772467      1.7841323583
     -1.5673885085      3.2325699489      1.7545533783
     -1.5565038661      3.0683899460      1.7228557974
     -1.5456192236      2.9004042700      1.6891401646
     -1.5347345812      2.3807341973      1.6535247178
     -1.5238499388      2.1309297701      1.6161442111
     -1.5129652964      1.9769291526      1.5771484941
     -1.5020806540      1.8919956885      1.5367008641
     -1.4911960115      1.8241839976      1.4949762170
     -1.4803113691      1.7310405844      1.4521590281
     -1.4694267267      1.5810861134      1.4084411951
     -1.4585420843      1.3682622153      1.3640197823
     -1.4476574419      1.1383802744      1.3190947036
     -1.4367727994      0.8998816575      1.2738663847
     -1.4258881570      0.6557188234      1.2285334464
     -1.4150035146      0.4371491268      1.1832904471
     -1.4041188722      0.2441725677      1.1383257238
     -1.3932342298      0.2299561736      1.0938193678
     -1.3823495873      0.2300011819      1.0499413667
     -1.3714649449      0.2300451837      1.0068499431
     -1.3605803025      0.2300881791      0.9646901135
     -1.3496956601      0.2301301682      0.9235924862
     -1.3388110177      0.2301711508      0.8836723146
     -1.3279263752      0.2302111271      0.8450288125
     -1.3170417328      0.2302500969      0.8077447362
     -1.3061570904      0.2321403038      0.7718862308
     -1.2952724480      0.2352531491      0.7375029336
     -1.2843878056      0.2370300887      0.7046283226
     -1.2735031631      0.2374711226      0.6732802940
     -1.2626185207      0.2365762507      0.6434619475
     -1.2517338783      0.2343454731      0.6151625565
     -1.2408492359      0.2307787897      0.5883586967
     -1.2299645935      0.2258762006      0.5630155051
     -1.2190799510      0.2223890144      0.5390880388
     -1.2081953086      0.2205744835      0.5165227054
     -1.1973106662      0.2188562545      0.4952587335
     -1.1864260238      0.2172343275      0.4752296546
     -1.1755413814      0.2154430000      0.4563647692
     -1.1646567389      0.2128611336      0.4385905701
     -1.1537720965      0.2099315213      0.4218321006
     -1.1428874541      0.2066541631      0.4060142260
     -1.1320028117      0.2030043950      0.3910628008
     -1.1211181693      0.1988818533      0.3769057173
     -1.1102335268      0.1952621677      0.3634738251
     -1.0993488844      0.1925946234      0.3507017124
     -1.0884642420      0.1904172179      0.3385283458
     -1.0775795996      0.1891074149      0.3268975680
     -1.0666949572      0.1879811791      0.3157584540
     -1.0558103147      0.1870385103      0.3050655317
     -1.0449256723      0.1862794086      0.2947788737
     -1.0340410299      0.1857038740      0.2848640698
     -1.0231563875      0.1850591645      0.2752920921
     -1.0122717451      0.1843478630      0.2660390639
     -1.0013871026      0.1836720806      0.2570859475
     -0.9905024602      0.1830318172      0.2484181647
     -0.9796178178      0.1824270728      0.2400251642
     -0.9687331754      0.1818578475      0.2318999514
     -0.9578485330      0.1813241413      0.2240385933
     -0.9469638905      0.1808259541      0.2164397138
     -0.9360792481      0.1803632860      0.2091039895
     -0.9251946057      0.1799361369      0.2020336602
     -0.9143099633      0.1795445068      0.1952320611
     -0.9034253209      0.1791883958      0.1887031887
     -0.8925406784      0.1788623458      0.1824513042
     -0.8816560360      0.1785532341      0.1764805827
     -0.8707713936      0.1782604851      0.1707948112
     -0.8598867512      0.1779840989      0.1653971378
     -0.8490021088      0.1777240754      0.1602898742
     -0.8381174663      0.1774804148      0.1554743511
     -0.8272328239      0.1772530026      0.1509508244
     -0.8163481815      0.1770415828      0.1467184317
     -0.8054635391      0.1768461458      0.1427751938
     -0.7945788967      0.1766666915      0.1391180585
     -0.7836942542      0.1765032201      0.1357429813
     -0.7728096118      0.1763557314      0.1326450380
     -0.7619249694      0.1762242255      0.1298185631
     -0.7510403270      0.1761087024      0.1272573092
     -0.7401556846      0.1760091621      0.1249546197
     -0.7292710421      0.1759256046      0.1229036106
     -0.7183863997      0.1758576714      0.1210973542
     -0.7075017573      0.1758021464      0.1195290596
     -0.6966171149      0.1757582652      0.1181922445
     -0.6857324725      0.1757260278      0.1170808930
     -0.6748478300      0.1757054343      0.1161895953
     -0.6639631876      0.1756964847      0.1155136649
     -0.6530785452      0.1756991789      0.1150492295
     -0.6421939028      0.1757135169      0.1147932932
     -0.6313092604      0.1757394989      0.1147437674
     -0.6204246179      0.1757771246      0.1148994691
     -0.6095399755      0.1758263942      0.1152600851
     -0.5986553331      0.1759012408      0.1158261027
     -0.5877706907      0.1760027264      0.1165987068
     -0.5768860483      0.1761050686      0.1175796460
     -0.5660014058      0.1762082673      0.1187710678
     -0.5551167634      0.1763123226      0.1201753283
     -0.5442321210      0.1764172345      0.1217947775
     -0.5333474786      0.1765230029      0.1236315266
     -0.5224628362      0.1766296278      0.1256872006
     -0.5115781937      0.1767371093      0.1279626822
     -0.5006935513      0.1768454474      0.1304578536
     -0.4898089089      0.1769546420      0.1331713407
     -0.4789242665      0.1770646932      0.1361002671
     -0.4680396241      0.1785478781      0.1392400249
     -0.4571549816      0.1800143198      0.1425840677
     -0.4462703392      0.1813675313      0.1461237313
     -0.4353856968      0.1826075125      0.1498480904
     -0.4245010544      0.1837342635      0.1537438538
     -0.4136164120      0.1847477842      0.1577953038
     -0.4027317695      0.1856480748      0.1619842837
     -0.3918471271      0.1864351350      0.1662902354
     -0.3809624847      0.1871089651      0.1706902886
     -0.3700778423      0.1876695649      0.1751594033
     -0.3591931999      0.1881169345      0.1796705627
     -0.3483085574      0.1884510739      0.1841950159
     -0.3374239150      0.1886719830      0.1887025668
     -0.3265392726      0.1887796619      0.1931619037
     -0.3156546302      0.1887741106      0.1975409655
     -0.3047699878      0.1886553290      0.2018073357
     -0.2938853453      0.1884233172      0.2059286588
     -0.2830007029      0.1880780752      0.2098730689
     -0.2721160605      0.1875656641      0.2136096230
     -0.2612314181      0.1867192061      0.2171087296
     -0.2503467757      0.1855268588      0.2203425632
     -0.2394621332      0.1839886221      0.2232854567
     -0.2285774908      0.1821146845      0.2259142623
     -0.2176928484      0.1799247123      0.2282086742
     -0.2068082060      0.1774192005      0.2301515060
     -0.1959235636      0.1745981491      0.2317289164
     -0.1850389211      0.1714615582      0.2329305801
     -0.1741542787      0.1683871767      0.2337497997
     -0.1632696363      0.1668198207      0.2341835574
     -0.1523849939      0.1662402874      0.2342325061
     -0.1415003515      0.1656764381      0.2339009012
     -0.1306157090      0.1651282727      0.2331964755
     -0.1197310666      0.1645957914      0.2321302611
     -0.1088464242      0.1640789939      0.2307163640
     -0.0979617818      0.1635778805      0.2289716961
     -0.0870771394      0.1630924510      0.2269156718
     -0.0761924969      0.1626227055      0.2245698780
     -0.0653078545      0.1621686440      0.2219577221
     -0.0544232121      0.1617302664      0.2191040690
     -0.0435385697      0.1613075728      0.2160348724
     -0.0326539273      0.1609005632      0.2127768092
     -0.0217692848      0.1605092375      0.2093569224
     -0.0108846424      0.1601335958      0.2058022807
     -0.0000000000      0.1597732480      0.2021396574
      0.0108846424      0.1594238339      0.1983952362
      0.0217692848      0.1590841002      0.1945943445
      0.0326539273      0.1587538496      0.1907612187
      0.0435385697      0.1584330536      0.1869188020
      0.0544232121      0.1581217122      0.1830885760
      0.0653078545      0.1578198253      0.1792904252
      0.0761924969      0.1575273931      0.1755425336
      0.0870771394      0.1572444155      0.1718613127
      0.0979617818      0.1569708924      0.1682613570
      0.1088464242      0.1567068240      0.1647554262
      0.1197310666      0.1564522101      0.1613544498
      0.1306157090      0.1562070509      0.1580675530
      0.1415003515      0.1559716985      0.1549020997
      0.1523849939      0.1557428486      0.1518637496
      0.1632696363      0.1555182688      0.1489565289
      0.1741542787      0.1552979591      0.1461829100
      0.1850389211      0.1550819193      0.1435438996
      0.1959235636      0.1548701497      0.1410391333
      0.2068082060      0.1546626500      0.1386669753
      0.2176928484      0.1544594204      0.1364246223
      0.2285774908      0.1542604609      0.1343082113
      0.2394621332      0.1540657714      0.1323129296
      0.2503467757      0.1538753519      0.1304331281
      0.2612314181      0.1536892025      0.1286624372
      0.2721160605      0.1535073231      0.1269938845
      0.2830007029      0.1533297138      0.1254200148
      0.2938853453      0.1531563745      0.1239330116
      0.3047699878      0.1529873052      0.1225248201
      0.3156546302      0.1528225060      0.1211872703
      0.3265392726      0.1526619768      0.1199122005
      0.3374239150      0.1525057177      0.1186915788
      0.3483085574      0.1523537286      0.1175176225
      0.3591931999      0.1522060096      0.1163829132
      0.3700778423      0.1520625606      0.1152805067
      0.3809624847      0.1519233816      0.1142040354
      0.3918471271      0.1517884727      0.1131478025
      0.4027317695      0.1516570551      0.1121068649
      0.4136164120      0.1515287070      0.1110771045
      0.4245010544      0.1514034434      0.1100552865
      0.4353856968      0.1512812645      0.1090391022
      0.4462703392      0.1511621701      0.1080271964
      0.4571549816      0.1510461603      0.1070191791
      0.4680396241      0.1509332351      0.1060156197
      0.4789242665      0.1508233945      0.1050180252
      0.4898089089      0.1507166384      0.1040288017
      0.5006935513      0.1506129670      0.1030512002
      0.5115781937      0.1505123801      0.1020892488
      0.5224628362      0.1504148778      0.1011476706
      0.5333474786      0.1503204600      0.1002317909
      0.5442321210      0.1502291269      0.0993474344
      0.5551167634      0.1501408783      0.0985008152
      0.5660014058      0.1500557659      0.0976984211
      0.5768860483      0.1499741196      0.0969468954
      0.5877706907      0.1498959980      0.0962529175
      0.5986553331      0.1498214012      0.0956230856
      0.6095399755      0.1497503290      0.0950638025
      0.6204246179      0.1496827816      0.0945811681
      0.6313092604      0.1496187588      0.0941808787
      0.6421939028      0.1495582608      0.0938681367
      0.6530785452      0.1495012874      0.0936475708
      0.6639631876      0.1494478388      0.0935231678
      0.6748478300      0.1493979149      0.0934982186
      0.6857324725      0.1493515157      0.0935752770
      0.6966171149      0.1493086412      0.0937561334
      0.7075017573      0.1492692914      0.0940418020
      0.7183863997      0.1492334664      0.0944325232
      0.7292710421      0.1492011660      0.0949277791
      0.7401556846      0.1491723903      0.0955263224
      0.7510403270      0.1491471394      0.0962262181
      0.7619249694      0.1491254131      0.0970248960
      0.7728096118      0.1490872037      0.0979192140
      0.7836942542      0.1490493799      0.0989055298
      0.7945788967      0.1490156257      0.0999797806
      0.8054635391      0.1489859411      0.1011375673
      0.8163481815      0.1489603262      0.1023742441
      0.8272328239      0.1489387809      0.1036850093
      0.8381174663      0.1489213053      0.1050649966
      0.8490021088      0.1489078994      0.1065093647
      0.8598867512      0.1488985631      0.1080133833
      0.8707713936      0.1488932964      0.1095725135
      0.8816560360      0.1488920995      0.1111824810
      0.8925406784      0.1488949721      0.1128393393
      0.9034253209      0.1489019144      0.1145395231
      0.9143099633      0.1489129264      0.1162798881
      0.9251946057      0.1487665027      0.1180577380
      0.9360792481      0.1485490321      0.1198708355
      0.9469638905      0.1483222092      0.1217173991
      0.9578485330      0.1480860341      0.1235960823
      0.9687331754      0.1478405066      0.1255059374
      0.9796178178      0.1475856269      0.1274463627
      0.9905024602      0.1473213948      0.1294170350
      1.0013871026      0.1470478105      0.1314178268
      1.0122717451      0.1467648738      0.1334487114
      1.0231563875      0.1464887036      0.1355096570
      1.0340410299      0.1462452408      0.1376005119
      1.0449256723      0.1460348335      0.1397208837
      1.0558103147      0.1458574817      0.1418700159
      1.0666949572      0.1457131853      0.1440466644
      1.0775795996      0.1456019445      0.1462489778
      1.0884642420      0.1455237591      0.1484743847
      1.0993488844      0.1454621865      0.1507194919
      1.1102335268      0.1453970111      0.1529799969
      1.1211181693      0.1453281804      0.1552506172
      1.1320028117      0.1452556943      0.1575250407
      1.1428874541      0.1451795528      0.1597958987
      1.1537720965      0.1450997559      0.1620547641
      1.1646567389      0.1450163037      0.1642921762
      1.1755413814      0.1449291961      0.1664976935
      1.1864260238      0.1448384332      0.1686599737
      1.1973106662      0.1447440148      0.1707668820
      1.2081953086      0.1446459411      0.1728056247
      1.2190799510      0.1445442120      0.1747629079
      1.2299645935      0.1444388275      0.1766251174
      1.2408492359      0.1443297877      0.1783785168
      1.2517338783      0.1442062739      0.1800094608
      1.2626185207      0.1440851846      0.1815046181
      1.2735031631      0.1439939033      0.1828511990
      1.2843878056      0.1439324302      0.1840371844
      1.2952724480      0.1439009907      0.1850515491
      1.3061570904      0.1439060310      0.1858844748
      1.3170417328      0.1439505061      0.1865275481
      1.3279263752      0.1440344160      0.1869739377
      1.3388110177      0.1441577605      0.1872185483
      1.3496956601      0.1443205399      0.1872581442
      1.3605803025      0.1445705868      0.1870914429
      1.3714649449      0.1448703615      0.1867191734
      1.3823495873      0.1451895330      0.1861440986
      1.3932342298      0.1455281013      0.1853710012
      1.4041188722      0.1458572602      0.1844066330
      1.4150035146      0.1459427647      0.1832596275
      1.4258881570      0.1460339461      0.1819403791
      1.4367727994      0.1461308045      0.1804608900
      1.4476574419      0.1462333398      0.1788345899
      1.4585420843      0.1463415520      0.1770761303
      1.4694267267      0.1464554412      0.1752011592
      1.4803113691      0.1465750072      0.1732260809
      1.4911960115      0.1467002502      0.1711678061
      1.5020806540      0.1468311701      0.1690434969
      1.5129652964      0.1469677669      0.1668703126
      1.5238499388      0.1464996148      0.1646651616
      1.5347345812      0.1459580742      0.1624444632
      1.5456192236      0.1454392333      0.1602239252
      1.5565038661      0.1449430921      0.1580183394
      1.5673885085      0.1444696506      0.1558414010
      1.5782731509      0.1440189088      0.1537055516
      1.5891577933      0.1435908667      0.1516218498
      1.6000424357      0.1431855243      0.1495998709
      1.6109270782      0.1428028815      0.1476476351
      1.6218117206      0.1424429384      0.1457715645
      1.6326963630      0.1421056707      0.1439764694
      1.6435810054      0.1417742634      0.1422655612
      1.6544656478      0.1414342990      0.1406404907
      1.6653502903      0.1410857772      0.1391014098
      1.6762349327      0.1407286983      0.1376470537
      1.6871195751      0.1403630621      0.1362748413
      1.6980042175      0.1399888686      0.1349809902
      1.7088888599      0.1396061180      0.1337606443
      1.7197735024      0.1392148100      0.1326080097
      1.7306581448      0.1388176317      0.1315164977
      1.7415427872      0.1384288503      0.1304788706
      1.7524274296      0.1380487571      0.1294873887
      1.7633120720      0.1376773520      0.1285339569
      1.7741967145      0.1373146351      0.1276102668
      1.7850813569      0.1369606062      0.1267079357
      1.7959659993      0.1366152655      0.1258186380
      1.8068506417      0.1362786129      0.1249342305
      1.8177352841      0.1359506484      0.1240468693
      1.8286199266      0.1356313720      0.1231491181
      1.8395045690      0.1353207838      0.1222340478
      1.8503892114      0.1350188836      0.1212953263
      1.8612738538      0.1347256716      0.1203273003
      1.8721584962      0.1344411478      0.1193250662
      1.8830431387      0.1341653120      0.1182845325
      1.8939277811      0.1338981643      0.1172024735
      1.9048124235      0.1336397048      0.1160765724
      1.9156970659      0.1333899334      0.1149054562
      1.9265817083      0.1331488502      0.1136887209
      1.9374663508      0.1329164550      0.1124269478
      1.9483509932      0.1326311937      0.1111217093
      1.9592356356      0.1322819782      0.1097755665
      1.9701202780      0.1319353493      0.1083920552
      1.9810049204      0.1315913068      0.1069756638
      1.9918895629      0.1312498508      0.1055317992
      2.0027742053      0.1309109812      0.1040667438
      2.0136588477      0.1305746981      0.1025876006
      2.0245434901      0.1302410015      0.1011022299
      2.0354281325      0.1299098913      0.0996191734
      2.0463127750      0.1295813676      0.0981475702
      2.0571974174      0.1292554304      0.0966970622
      2.0680820598      0.1289320796      0.0952776909
      2.0789667022      0.1286113153      0.0938997860
      2.0898513446      0.1282931375      0.0925738468
      2.1007359871      0.1279775461      0.0913104178
      2.1116206295      0.1276645412      0.0901199591
      2.1225052719      0.1273541227      0.0890127144
      2.1333899143      0.1270462908      0.0879985780
      2.1442745567      0.1267410452      0.0870869608
      2.1551591992      0.1264392202      0.0862866609
      2.1660438416      0.1261418897      0.0856057373
      2.1769284840      0.1258490579      0.0850513909
      2.1878131264      0.1255607248      0.0846298542
      2.1986977688      0.1252768903      0.0843462917
      2.2095824113      0.1249975545      0.0842047137
      2.2204670537      0.1247227174      0.0842079032
      2.2313516961      0.1244523789      0.0843573600
      2.2422363385      0.1241865392      0.0846532620
      2.2531209809      0.1239251980      0.0850944435
      2.2640056234      0.1236683556      0.0856783943
      2.2748902658      0.1234160119      0.0864012755
      2.2857749082      0.1231681668      0.0872579565
      2.2966595506      0.1229248204      0.0882420679
      2.3075441930      0.1226859726      0.0893460738
      2.3184288355      0.1224516236      0.0905613582
      2.3293134779      0.1222217732      0.0918783264
      2.3401981203      0.1219964215      0.0932865177
      2.3510827627      0.1217755684      0.0947747285
      2.3619674051      0.1215592140      0.0963311410
      2.3728520476      0.1213473583      0.0979434574
      2.3837366900      0.1211400013      0.0995990351
      2.3946213324      0.1209371430      0.1012850199
      2.4055059748      0.1207387833      0.1029884763
      2.4163906172      0.1204567870      0.1046965107
      2.4272752597      0.1201346499      0.1063963861
      2.4381599021      0.1198128628      0.1080756266
      2.4490445445      0.1194914256      0.1097221096
      2.4599291869      0.1191703383      0.1113241457
      2.4708138293      0.1188496010      0.1128705445
      2.4816984718      0.1185338042      0.1143506674
      2.4925831142      0.1182505075      0.1157544672
      2.5034677566      0.1179957983      0.1170725152
      2.5143523990      0.1177696767      0.1182960175
      2.5252370414      0.1175721426      0.1194168218
      2.5361216839      0.1174031960      0.1204274163
      2.5470063263      0.1172628369      0.1213209231
      2.5578909687      0.1171510655      0.1220910881
      2.5687756111      0.1170678815      0.1227322688
      2.5796602535      0.1170132851      0.1232394236
      2.5905448960      0.1169872762      0.1236081021
      2.6014295384      0.1169898548      0.1238344400
      2.6123141808      0.1170210210      0.1239151591
      2.6231988232      0.1170807747      0.1238475724
      2.6340834656      0.1171691160      0.1236295963
      2.6449681081      0.1172860448      0.1232597689
      2.6558527505      0.1174315611      0.1227372738
      2.6667373929      0.1176056650      0.1220619699
      2.6776220353      0.1178083564      0.1212344239
      2.6885066777      0.1180396353      0.1202559471
      2.6993913202      0.1182995018      0.1191286308
      2.7102759626      0.1181681037      0.1178553828
      2.7211606050      0.1177223120      0.1164399588
      2.7320452474      0.1172826450      0.1148869908
      2.7429298898      0.1168491027      0.1132020068
      2.7538145323      0.1164216849      0.1113914429
      2.7646991747      0.1160003918      0.1094626456
      2.7755838171      0.1155852233      0.1074238618
      2.7864684595      0.1151761795      0.1052842174
      2.7973531019      0.1147732602      0.1030536835
      2.8082377444      0.1143764657      0.1007430295
      2.8191223868      0.1139858283      0.0983637640
      2.8300070292      0.1136039382      0.0959280644
      2.8408916716      0.1132324289      0.0934486954
      2.8517763140      0.1128713003      0.0909389189
      2.8626609565      0.1125205525      0.0884123951
      2.8735455989      0.1121801854      0.0858830789
      2.8844302413      0.1118501991      0.0833651116
      2.8953148837      0.1115305936      0.0808727100
      2.9061995261      0.1112213689      0.0784200562
      2.9170841686      0.1109225249      0.0760211879
      2.9279688110      0.1106340617      0.0736898922
      2.9388534534      0.1103559792      0.0714396044
      2.9497380958      0.1100882775      0.0692833114
      2.9606227382      0.1098309566      0.0672334635
      2.9715073807      0.1095840164      0.0653018918
      2.9823920231      0.1093474570      0.0634997348
      2.9932766655      0.1091212784      0.0618373723
      3.0041613079      0.1089054805      0.0603243674
      3.0150459503      0.1087000634      0.0589694162
      3.0259305928      0.1085050271      0.0577803040
      3.0368152352      0.1083203715      0.0567638694
      3.0476998776      0.1081460967      0.0559259731
      3.0585845200      0.1079820070      0.0552714727
      3.0694691624      0.1078211614      0.0548042021
      3.0803538049      0.1076601037      0.0545269550
      3.0912384473      0.1074988337      0.0544414720
      3.1021230897      0.1073373515      0.0545484317
      3.1130077321      0.1071756571      0.0548474442
      3.1238923745      0.1070137505      0.0553370487
      3.1347770170      0.1068516317      0.0560147141
      3.1456616594      0.1066893006      0.0568768440
      3.1565463018      0.1065267574      0.0579187850
      3.1674309442      0.1063640019      0.0591348416
      3.1783155866      0.1062010343      0.0605182948
      3.1892002291      0.1060378544      0.0620614287
      3.2000848715      0.1058744623      0.0637555632
      3.2109695139      0.1057108580      0.0655910947
      3.2218541563      0.1055470415      0.0675575451
      3.2327387987      0.1053830128      0.0696436199
      3.2436234412      0.1052187719      0.0718372746
      3.2545080836      0.1050543188      0.0741257907
      3.2653927260      0.1048896535      0.0764958610
      3.2762773684      0.1047247759      0.0789336834
      3.2871620108      0.1045596862      0.0814250620
      3.2980466533      0.1043943842      0.0839555167
      3.3089312957      0.1041867426      0.0865103984
      3.3198159381      0.1038697746      0.0890750092
      3.3307005805      0.1034426255      0.0916347264
      3.3415852229      0.1029052953      0.0941751282
      3.3524698654      0.1022577838      0.0966821204
      3.3633545078      0.1015000912      0.0991420609
      3.3742391502      0.1006322174      0.1015418822
      3.3851237926      0.0996541624      0.1038692079
      3.3960084350      0.0985659263      0.1061124635
      3.4068930775      0.0973675089      0.1082609789
      3.4177777199      0.0960589104      0.1103050810
      3.4286623623      0.0946401308      0.1122361759
      3.4395470047      0.0936790256      0.1140468181
      3.4504316471      0.0927361649      0.1157307676
      3.4613162896      0.0918032425      0.1172830325
      3.4722009320      0.0908802584      0.1186998969
      3.4830855744      0.0899672125      0.1199789347
      3.4939702168      0.0890641049      0.1211190074
      3.5048548592      0.0881709356      0.1221202475
      3.5157395017      0.0872877045      0.1229840267
      3.5266241441      0.0864144117      0.1237129099
      3.5375087865      0.0855510571      0.1243105954
      3.5483934289      0.0846976409      0.1247818417
      3.5592780713      0.0838541628      0.1251323826
      3.5701627138      0.0830206231      0.1253688308
      3.5810473562      0.0821970216      0.1254985719
      3.5919319986      0.0813833584      0.1255296502
      3.6028166410      0.0805796334      0.1254706472
      3.6137012834      0.0797958355      0.1253305550
      3.6245859259      0.0791292761      0.1251186462
      3.6354705683      0.0784960366      0.1248443417
      3.6463552107      0.0778705476      0.1245170797
      3.6572398531      0.0772528090      0.1241461859
      3.6681244955      0.0766428209      0.1237407484
      3.6790091380      0.0760405833      0.1233094992
      3.6898937804      0.0754460962      0.1228607033
      3.7007784228      0.0748593596      0.1224020591
      3.7116630652      0.0742803734      0.1219406098
      3.7225477076      0.0737091378      0.1214826697
      3.7334323501      0.0731456526      0.1210337649
      3.7443169925      0.0725899179      0.1205985919
      3.7552016349      0.0720651129      0.1201809930
      3.7660862773      0.0716166174      0.1197839509
      3.7769709197      0.0712456217      0.1194096017
      3.7878555622      0.0709521258      0.1190592670
      3.7987402046      0.0707361297      0.1187335052
      3.8096248470      0.0705976334      0.1184321799
      3.8205094894      0.0705366368      0.1181545453
      3.8313941318      0.0705531401      0.1178993463
      3.8422787743      0.0706526401      0.1176649322
      3.8531634167      0.0708878045      0.1174493809
      3.8640480591      0.0711966778      0.1172506306
      3.8749327015      0.0715792602      0.1170666172
      3.8858173439      0.0720355516      0.1168954134
      3.8967019864      0.0725655519      0.1167353658
      3.9075866288      0.0731692613      0.1165852276
      3.9184712712      0.0738466797      0.1164442829
      3.9293559136      0.0745978071      0.1163124589
      3.9402405560      0.0754226435      0.1161904239
      3.9511251985      0.0776633023      0.1160796668
      3.9620098409      0.0819578338      0.1159825571
      3.9728944833      0.0853503185      0.1159023819
      3.9837791257      0.0878407564      0.1158433592
      3.9946637681      0.0894291476      0.1158106256
      4.0055484106      0.0901154921      0.1158101990
      4.0164330530      0.0898997897      0.1158489154
      4.0273176954      0.0887820407      0.1159343406
      4.0382023378      0.0867622448      0.1160746595
      4.0490869802      0.0853415017      0.1162785429
      4.0599716227      0.0861810736      0.1165549967
      4.0708562651      0.0870248767      0.1169131947
      4.0817409075      0.0878729112      0.1173622998
      4.0926255499      0.0887251770      0.1179112772
      4.1035101923      0.0895795425      0.1185687035
      4.1143948348      0.0903858531      0.1193425769
      4.1252794772      0.0911229493      0.1202401319
      4.1361641196      0.0917908311      0.1212676636
      4.1470487620      0.0923894985      0.1224303658
      4.1579334044      0.0929189514      0.1237321860
      4.1688180469      0.0933791898      0.1251757012
      4.1797026893      0.0937702138      0.1267620174
      4.1905873317      0.0940920234      0.1284906952
      4.2014719741      0.0943446185      0.1303597021
      4.2123566165      0.0945279992      0.1323653933
      4.2232412590      0.0946421654      0.1345025211
      4.2341259014      0.0946871172      0.1367642712
      4.2450105438      0.0946628545      0.1391423258
      4.2558951862      0.0945693774      0.1416269501
      4.2667798286      0.0944066859      0.1442071013
      4.2776644711      0.0941747799      0.1468705543
      4.2885491135      0.0938736595      0.1496040437
      4.2994337559      0.0935033246      0.1523934155
      4.3103183983      0.0930637753      0.1552237863
      4.3212030407      0.0925550115      0.1580797055
      4.3320876832      0.0919746799      0.1609453161
      4.3429723256      0.0913148089      0.1638045118
      4.3538569680      0.0905747442      0.1666410862
      4.3647416104      0.0897544858      0.1694388717
      4.3756262528      0.0888540337      0.1721818669
      4.3865108953      0.0878733878      0.1748543488
      4.3973955377      0.0871108878      0.1774409722
      4.4082801801      0.0869925247      0.1799268529
      4.4191648225      0.0869165069      0.1822976373
      4.4300494649      0.0868828345      0.1845395590
      4.4409341074      0.0868915076      0.1866394831
      4.4518187498      0.0869425435      0.1885849413
      4.4627033922      0.0870396186      0.1903641594
      4.4735880346      0.0871855077      0.1919660795
      4.4844726770      0.0873802107      0.1933803799
      4.4953573195      0.0876237277      0.1945974950
      4.5062419619      0.0879160585      0.1956086365
      4.5171266043      0.0882572034      0.1964058190
      4.5280112467      0.0886471622      0.1969818910
      4.5388958891      0.0890859349      0.1973305714
      4.5497805316      0.0895735216      0.1974464932
      4.5606651740      0.0901099222      0.1973252537
      4.5715498164      0.0906951368      0.1969634697
      4.5824344588      0.0913291653      0.1963588381
      4.5933191012      0.0920120077      0.1955101984
      4.6042037437      0.0927436641      0.1944175960
      4.6150883861      0.0935427248      0.1930823432
      4.6259730285      0.0943991426      0.1915070762
      4.6368576709      0.0952522552      0.1896958033
      4.6477423133      0.0961020624      0.1876539441
      4.6586269558      0.0966881011      0.1853883548
      4.6695115982      0.0969359549      0.1829073393
      4.6803962406      0.0972762065      0.1802206422
      4.6912808830      0.0976397507      0.1773394238
      4.7021655254      0.0980265875      0.1742762156
      4.7130501679      0.0984367170      0.1710448560
      4.7239348103      0.0988701390      0.1676604063
      4.7348194527      0.0993268537      0.1641390486
      4.7457040951      0.0998068610      0.1604979665
      4.7565887375      0.1003101608      0.1567552107
      4.7674733800      0.1008367534      0.1529295527
      4.7783580224      0.1013866385      0.1490403276
      4.7892426648      0.1019598162      0.1451072726
      4.8001273072      0.1025562866      0.1411503601
      4.8110119496      0.1031760495      0.1371896323
      4.8218965921      0.1038045202      0.1332450390
      4.8327812345      0.1044267965      0.1293362812
      4.8436658769      0.1050428779      0.1254826639
      4.8545505193      0.1056527645      0.1217029608
      4.8654351617      0.1062564562      0.1180152909
      4.8763198042      0.1068539530      0.1144370105
      4.8872044466      0.1074452550      0.1109846194
      4.8980890890      0.1080303621      0.1076736828
      4.9089737314      0.1086092744      0.1045187672
      4.9198583738      0.1091819918      0.1015333907
      4.9307430163      0.1097485143      0.0987299848
      4.9416276587      0.1103088420      0.0961198676
      4.9525123011      0.1108629749      0.0937132247
      4.9633969435      0.1114109129      0.0915190964
      4.9742815859      0.1119526560      0.0895453689
      4.9851662284      0.1124882042      0.0877987671
      4.9960508708      0.1130175577      0.0862848469
      5.0069355132      0.1135407162      0.0850079846
      5.0178201556      0.1140576799      0.0839713636
      5.0287047980      0.1145685050      0.0831769550
      5.0395894405      0.1150747230      0.0826254940
      5.0504740829      0.1155770220      0.0823164500
      5.0613587253      0.1160754021      0.0822479927
      5.0722433677      0.1165698632      0.0824169544
      5.0831280101      0.1170604054      0.0828187908
      5.0940126526      0.1175470287      0.0834475416
      5.1048972950      0.1180297330      0.0842957949
      5.1157819374      0.1185085183      0.0853546573
      5.1266665798      0.1189833848      0.0866137335
      5.1375512222      0.1194543323      0.0880611179
      5.1484358647      0.1199213608      0.0896834027
      5.1593205071      0.1203844705      0.0914657046
      5.1702051495      0.1208436611      0.0933917134
      5.1810897919      0.1212989329      0.0954437649
      5.1919744343      0.1217502857      0.0976029397
      5.2028590768      0.1221977195      0.0998491898
      5.2137437192      0.1226412344      0.1021614928
      5.2246283616      0.1230808304      0.1045180335
      5.2355130040      0.1235165074      0.1068964131
      5.2463976464      0.1239482655      0.1092738821
      5.2572822889      0.1243761047      0.1116275954
      5.2681669313      0.1248000249      0.1139348863
      5.2790515737      0.1252200262      0.1161735538
      5.2899362161      0.1256361085      0.1183221594
      5.3008208585      0.1260482719      0.1203603280
      5.3117055010      0.1264565164      0.1222690455
      5.3225901434      0.1268608419      0.1240309489
      5.3334747858      0.1272612485      0.1256306012
      5.3443594282      0.1279654581      0.1270547456
      5.3552440706      0.1287756126      0.1282925317
      5.3661287131      0.1294978946      0.1293357106
      5.3770133555      0.1301323042      0.1301787905
      5.3878979979      0.1306784773      0.1308191505
      5.3987826403      0.1311355949      0.1312571085
      5.4096672827      0.1315036262      0.1314959395
      5.4205519252      0.1317825710      0.1315418439
      5.4314365676      0.1319724294      0.1314038640
      5.4423212100      0.1320732014      0.1310937486
      5.4532058524      0.1320848870      0.1306257695
      5.4640904948      0.1321627081      0.1300164893
      5.4749751373      0.1324536466      0.1292844864
      5.4858597797      0.1327599940      0.1284500410
      5.4967444221      0.1330817502      0.1275347871
      5.5076290645      0.1334189153      0.1265613377
      5.5185137069      0.1337714892      0.1255528894
      5.5293983494      0.1341394720      0.1245328133
      5.5402829918      0.1345228636      0.1235242415
      5.5511676342      0.1349216640      0.1225496552
      5.5620522766      0.1353358733      0.1216304833
      5.5729369190      0.1357654914      0.1207867194
      5.5838215615      0.1362105184      0.1200365633
      5.5947062039      0.1366709542      0.1193960959
      5.6055908463      0.1371467989      0.1188789913
      5.6164754887      0.1376380524      0.1184962738
      5.6273601311      0.1381447148      0.1182561236
      5.6382447736      0.1386667860      0.1181637338
      5.6491294160      0.1392042660      0.1182212239
      5.6600140584      0.1397571549      0.1184276086
      5.6708987008      0.1403254526      0.1187788247
      5.6817833432      0.1409091592      0.1192678144
      5.6926679857      0.1415082746      0.1198846629
      5.7035526281      0.1421227989      0.1206167895
      5.7144372705      0.1427527320      0.1214491867
      5.7253219129      0.1433980740      0.1223647036
      5.7362065553      0.1440588248      0.1233443686
      5.7470911978      0.1447349844      0.1243677448
      5.7579758402      0.1454265529      0.1254133125
      5.7688604826      0.1461335302      0.1264588706
      5.7797451250      0.1468559164      0.1274819508
      5.7906297674      0.1475937114      0.1284602376
      5.8015144099      0.1483469153      0.1293719845
      5.8123990523      0.1491135382      0.1301964219
      5.8232836947      0.1498858252      0.1309141481
      5.8341683371      0.1506629959      0.1315074967
      5.8450529795      0.1514450502      0.1319608749
      5.8559376220      0.1522319882      0.1322610670
      5.8668222644      0.1530238098      0.1323974972
      5.8777069068      0.1538205151      0.1323624493
      5.8885915492      0.1546221041      0.1321512380
      5.8994761916      0.1554285767      0.1317623300
      5.9103608341      0.1562399330      0.1311974139
      5.9212454765      0.1570561730      0.1304614170
      5.9321301189      0.1578772966      0.1295624692
      5.9430147613      0.1564812538      0.1285118151
      5.9538994037      0.1592329873      0.1273236767
      5.9647840462      0.1609531403      0.1260150672
      5.9756686886      0.1610865901      0.1246055615
      5.9865533310      0.1612199246      0.1231170253
      5.9974379734      0.1613531439      0.1215733083
      6.0083226158      0.1614862479      0.1199999058
      6.0192072583      0.1616192367      0.1184235944
      6.0300919007      0.1617521102      0.1168720477
      6.0409765431      0.1618848684      0.1153734367
      6.0518611855      0.1620175114      0.1139560225
      6.0627458279      0.1621500391      0.1126477459
      6.0736304704      0.1622824516      0.1114758212
      6.0845151128      0.1624147488      0.1104663390
      6.0953997552      0.1625469307      0.1096438847
      6.1062843976      0.1626789974      0.1090311771
      6.1171690400      0.1628109488      0.1086487336
      6.1280536825      0.1629427849      0.1085145652
      6.1389383249      0.1630745058      0.1086439065
      6.1498229673      0.1632061115      0.1090489843
      6.1607076097      0.1633376018      0.1097388279
      6.1715922521      0.1634689770      0.1107191233
      6.1824768946      0.1636002368      0.1119921136
      6.1933615370      0.1637313814      0.1135565476
      6.2042461794      0.1638624107      0.1154076754
      6.2151308218      0.1639933248      0.1175372922
      6.2260154642      0.1641241236      0.1199338298
      6.2369001067      0.1642548072      0.1225824929
      6.2477847491      0.1643841116      0.1254654392
      6.2586693915      0.1645015505      0.1285619996
      6.2695540339      0.1646047826      0.1318489360
      6.2804386763      0.1646938079      0.1353007313
      6.2913233188      0.1647686264      0.1388899084
      6.3022079612      0.1648292381      0.1425873713
      6.3130926036      0.1648756429      0.1463627653
      6.3239772460      0.1649078410      0.1501848482
      6.3348618884      0.1649258322      0.1540218681
      6.3457465309      0.1649296166      0.1578419412
      6.3566311733      0.1649191942      0.1616134236
      6.3675158157      0.1648945649      0.1653052722
      6.3784004581      0.1648557289      0.1688873883
      6.3892851005      0.1648026860      0.1723309388
      6.4001697430      0.1647354363      0.1756086520
      6.4110543854      0.1646641966      0.1786950816
      6.4219390278      0.1652729707      0.1815668384
      6.4328236702      0.1669741142      0.1842027854
      6.4437083126      0.1697676270      0.1865841950
      6.4545929551      0.1736535091      0.1886948682
      6.4654775975      0.1786317607      0.1905212157
      6.4763622399      0.1835428075      0.1920523007
      6.4872468823      0.1831847321      0.1932798468
      6.4981315247      0.1826892314      0.1941982116
      6.5090161672      0.1820563056      0.1948043304
      6.5199008096      0.1812853416      0.1950976325
      6.5307854520      0.1803765252      0.1950799337
      6.5416700944      0.1793298635      0.1947553105
      6.5525547368      0.1781453563      0.1941299581
      6.5634393793      0.1768230036      0.1932120383
      6.5743240217      0.1753628055      0.1920115194
      6.5852086641      0.1737647619      0.1905400130
      6.5960933065      0.1720288729      0.1888106115
      6.6069779489      0.1701551385      0.1868377270
      6.6178625914      0.1681435586      0.1846369359
      6.6287472338      0.1659941332      0.1822248307
      6.6396318762      0.1637068624      0.1796188791
      6.6505165186      0.1612817462      0.1768372920
      6.6614011610      0.1587187845      0.1738989006
      6.6722858035      0.1560179773      0.1708230408
      6.6831704459      0.1535358300      0.1676294464
      6.6940550883      0.1527756664      0.1643381474
      6.7049397307      0.1520514946      0.1609693747
      6.7158243731      0.1514131661      0.1575434666
      6.7267090156      0.1508123570      0.1540807791
      6.7375936580      0.1502190652      0.1506015952
      6.7484783004      0.1496308777      0.1471260342
      6.7593629428      0.1490477518      0.1436739593
      6.7702475852      0.1484696875      0.1402648814
      6.7811322277      0.1478966848      0.1369178608
      6.7920168701      0.1473287437      0.1336514051
      6.8029015125      0.1467658641      0.1304833642
      6.8137861549      0.1462080462      0.1274308225
      6.8246707973      0.1456552898      0.1245099900
      6.8355554398      0.1451075950      0.1217360936
      6.8464400822      0.1445649618      0.1191232683
      6.8573247246      0.1440273902      0.1166844533
      6.8682093670      0.1434948801      0.1144312918
      6.8790940094      0.1429674316      0.1123740379
      6.8899786519      0.1424450448      0.1105214729
      6.9008632943      0.1419277195      0.1088808315
      6.9117479367      0.1414154558      0.1074577411
      6.9226325791      0.1409082536      0.1062561750
      6.9335172215      0.1404061131      0.1052784207
      6.9444018640      0.1399090341      0.1045250651
      6.9552865064      0.1394170168      0.1039949972
      6.9661711488      0.1389300610      0.1036854275
      6.9770557912      0.1384481667      0.1035919273
      6.9879404336      0.1379713341      0.1037084839
      6.9988250761      0.1374995631      0.1040275742
      7.0097097185      0.1370330186      0.1045402552
      7.0205943609      0.1365723045      0.1052362687
      7.0314790033      0.1361174764      0.1061041619
      7.0423636457      0.1356685345      0.1071314190
      7.0532482882      0.1352254787      0.1083046045
      7.0641329306      0.1347883089      0.1096095149
      7.0750175730      0.1343631924      0.1110313372
      7.0859022154      0.1339626558      0.1125548114
      7.0967868578      0.1335870635      0.1141643954
      7.1076715003      0.1332364154      0.1158444288
      7.1185561427      0.1329107115      0.1175792949
      7.1294407851      0.1326099518      0.1193535763
      7.1403254275      0.1323341363      0.1211522044
      7.1512100699      0.1320832651      0.1229605979
      7.1620947124      0.1318573380      0.1247647915
      7.1729793548      0.1316563552      0.1265515496
      7.1838639972      0.1314803166      0.1283084675
      7.1947486396      0.1313292222      0.1300240549
      7.2056332820      0.1313519765      0.1316878040
      7.2165179245      0.1314482736      0.1332902406
      7.2274025669      0.1315682673      0.1348229580
      7.2382872093      0.1317119575      0.1362786338
      7.2491718517      0.1321251273      0.1376510317
      7.2600564941      0.1325586942      0.1389349873
      7.2709411366      0.1330032304      0.1401263814
      7.2818257790      0.1334587360      0.1412221001
      7.2927104214      0.1339252110      0.1422199862
      7.3035950638      0.1344026553      0.1431187818
      7.3144797062      0.1348910690      0.1439180651
      7.3253643487      0.1353824830      0.1446181845
      7.3362489911      0.1358546869      0.1452201899
      7.3471336335      0.1363063697      0.1457257659
      7.3580182759      0.1367375311      0.1461371664
      7.3689029183      0.1371481713      0.1464571534
      7.3797875608      0.1375382903      0.1466889419
      7.3906722032      0.1379078881      0.1468361494
      7.4015568456      0.1382569646      0.1469027534
      7.4124414880      0.1385855199      0.1468930546
      7.4233261304      0.1388935539      0.1468116471
      7.4342107729      0.1391810667      0.1466633941
      7.4450954153      0.1394480582      0.1464534084
      7.4559800577      0.1396945285      0.1461870362
      7.4668647001      0.1399204776      0.1458698430
      7.4777493425      0.1401258667      0.1455075994
      7.4886339850      0.1403152714      0.1451062659
      7.4995186274      0.1404954840      0.1446719738
      7.5104032698      0.1406665044      0.1442110025
      7.5212879122      0.1408283326      0.1437297497
      7.5321725546      0.1409809688      0.1432346950
      7.5430571971      0.1411244127      0.1427323560
      7.5539418395      0.1412586646      0.1422292357
      7.5648264819      0.1413837243      0.1417317627
      7.5757111243      0.1414995918      0.1412462231
      7.5865957667      0.1416062672      0.1407786875
      7.5974804092      0.1417037504      0.1403349323
      7.6083650516      0.1417918967      0.1399203580
      7.6192496940      0.1418700914      0.1395399075
      7.6301343364      0.1419388809      0.1391979856
      7.6410189788      0.1419945337      0.1388983822
      7.6519036213      0.1420202614      0.1386442033
      7.6627882637      0.1420140294      0.1384378103
      7.6736729061      0.1419758377      0.1382807712
      7.6845575485      0.1419056862      0.1381738250
      7.6954421909      0.1418035751      0.1381168620
      7.7063268334      0.1416695042      0.1381089193
      7.7172114758      0.1415034736      0.1381481942
      7.7280961182      0.1413054833      0.1382320748
      7.7389807606      0.1410755332      0.1383571861
      7.7498654030      0.1408136235      0.1385194535
      7.7607500455      0.1405197540      0.1387141784
      7.7716346879      0.1401939248      0.1389361275
      7.7825193303      0.1398361359      0.1391796305
      7.7934039727      0.1394463873      0.1394386846
      7.8042886151      0.1390246790      0.1397070634
      7.8151732576      0.1385710109      0.1399784255
      7.8260579000      0.1380853832      0.1402464210
      7.8369425424      0.1375677957      0.1405047922
      7.8478271848      0.1370646854      0.1407474668
      7.8587118272      0.1366224188      0.1409686400
      7.8695964697      0.1361838586      0.1411628446
      7.8804811121      0.1357563086      0.1413250072
      7.8913657545      0.1354342603      0.1414504911
      7.9022503969      0.1350966702      0.1415351236
      7.9131350393      0.1347683012      0.1415752105
      7.9240196818      0.1344572820      0.1415675377
      7.9349043242      0.1341636126      0.1415093616
      7.9457889666      0.1338872930      0.1413983911
      7.9566736090      0.1336283232      0.1412327633
      7.9675582514      0.1333867031      0.1410110154
      7.9784428939      0.1331624329      0.1407320564
      7.9893275363      0.1329555125      0.1403951412
      8.0002121787      0.1327659418      0.1399998492
      8.0110968211      0.1325937210      0.1395460708
      8.0219814635      0.1324388499      0.1390340040
      8.0328661060      0.1323013287      0.1384641614
      8.0437507484      0.1321811572      0.1378373897
      8.0546353908      0.1320783356      0.1371549027
      8.0655200332      0.1319928637      0.1364183251
      8.0764046756      0.1319247416      0.1356297485
      8.0872893181      0.1318739694      0.1347917972
      8.0981739605      0.1318405116      0.1339077002
      8.1090586029      0.1318242649      0.1329813688
      8.1199432453      0.1318252226      0.1320174748
      8.1308278877      0.1318433849      0.1310215253
      8.1417125302      0.1318787516      0.1299999323
      8.1525971726      0.1319313227      0.1289600711
      8.1634818150      0.1320010983      0.1279103243
