#      energy (eV)      DOS (tetra.)      DOS (gauss.)
    -13.6058030250      0.0000000000      0.0000000000
    -13.5949183826      0.0000000000      0.0000000000
    -13.5840337402      0.0000000000      0.0000000000
    -13.5731490977      0.0000000000      0.0000000000
    -13.5622644553      0.0000000000      0.0000000000
    -13.5513798129      0.0000000000      0.0000000000
    -13.5404951705      0.0000000000      0.0000000000
    -13.5296105281      0.0000000000      0.0000000000
    -13.5187258856      0.0000000000      0.0000000000
    -13.5078412432      0.0000000000      0.0000000000
    -13.4969566008      0.0000000000      0.0000000000
    -13.4860719584      0.0000000000      0.0000000000
    -13.4751873160      0.0000000000      0.0000000000
    -13.4643026735      0.0000000000      0.0000000000
    -13.4534180311      0.0000000000      0.0000000000
    -13.4425333887      0.0000000000      0.0000000000
    -13.4316487463      0.0000000000      0.0000000000
    -13.4207641039      0.0000000000      0.0000000000
    -13.4098794614      0.0000000000      0.0000000000
    -13.3989948190      0.0000000000      0.0000000000
    -13.3881101766      0.0000000000      0.0000000000
    -13.3772255342      0.0000000000      0.0000000000
    -13.3663408918      0.0000000000      0.0000000000
    -13.3554562493      0.0000000000      0.0000000000
    -13.3445716069      0.0000000000      0.0000000000
    -13.3336869645      0.0000000000      0.0000000000
    -13.3228023221      0.0000000000      0.0000000000
    -13.3119176797      0.0000000000      0.0000000000
    -13.3010330372      0.0000000000      0.0000000000
    -13.2901483948      0.0000000000      0.0000000000
    -13.2792637524      0.0000000000      0.0000000000
    -13.2683791100      0.0000000000      0.0000000000
    -13.2574944676      0.0000000000      0.0000000000
    -13.2466098251      0.0000000000      0.0000000000
    -13.2357251827      0.0000000000      0.0000000000
    -13.2248405403      0.0000000000      0.0000000000
    -13.2139558979      0.0000000000      0.0000000000
    -13.2030712555      0.0000000000      0.0000000000
    -13.1921866130      0.0000000000      0.0000000000
    -13.1813019706      0.0000000000      0.0000000000
    -13.1704173282      0.0000000000      0.0000000000
    -13.1595326858      0.0000000000      0.0000000000
    -13.1486480434      0.0000000000      0.0000000000
    -13.1377634009      0.0000000000      0.0000000000
    -13.1268787585      0.0000000000      0.0000000000
    -13.1159941161      0.0000000000      0.0000000000
    -13.1051094737      0.0000000000      0.0000000000
    -13.0942248313      0.0000000000      0.0000000000
    -13.0833401888      0.0000000000      0.0000000000
    -13.0724555464      0.0000000000      0.0000000000
    -13.0615709040      0.0000000000      0.0000000000
    -13.0506862616      0.0000000000      0.0000000000
    -13.0398016192      0.0000000000      0.0000000000
    -13.0289169767      0.0000000000      0.0000000000
    -13.0180323343      0.0000000000      0.0000000000
    -13.0071476919      0.0000000000      0.0000000000
    -12.9962630495      0.0000000000      0.0000000000
    -12.9853784071      0.0000000000      0.0000000000
    -12.9744937646      0.0000000000      0.0000000000
    -12.9636091222      0.0000000000      0.0000000000
    -12.9527244798      0.0000000000      0.0000000000
    -12.9418398374      0.0000000000      0.0000000000
    -12.9309551950      0.0000000000      0.0000000000
    -12.9200705525      0.0000000000      0.0000000000
    -12.9091859101      0.0000000000      0.0000000000
    -12.8983012677      0.0000000000      0.0000000000
    -12.8874166253      0.0000000000      0.0000000000
    -12.8765319829      0.0000000000      0.0000000000
    -12.8656473404      0.0000000000      0.0000000000
    -12.8547626980      0.0000000000      0.0000000000
    -12.8438780556      0.0000000000      0.0000000000
    -12.8329934132      0.0000000000      0.0000000000
    -12.8221087708      0.0000000000      0.0000000000
    -12.8112241283      0.0000000000      0.0000000000
    -12.8003394859      0.0000000000      0.0000000000
    -12.7894548435      0.0000000000      0.0000000000
    -12.7785702011      0.0000000000      0.0000000000
    -12.7676855587      0.0000000000      0.0000000000
    -12.7568009162      0.0000000000      0.0000000000
    -12.7459162738      0.0000000000      0.0000000000
    -12.7350316314      0.0000000000      0.0000000000
    -12.7241469890      0.0000000000      0.0000000000
    -12.7132623466      0.0000000000      0.0000000000
    -12.7023777041      0.0000000000      0.0000000000
    -12.6914930617      0.0000000000      0.0000000000
    -12.6806084193      0.0000000000      0.0000000000
    -12.6697237769      0.0000000000      0.0000000000
    -12.6588391345      0.0000000000      0.0000000000
    -12.6479544920      0.0000000000      0.0000000000
    -12.6370698496      0.0000000000      0.0000000000
    -12.6261852072      0.0000000000      0.0000000000
    -12.6153005648      0.0000000000      0.0000000000
    -12.6044159224      0.0000000000      0.0000000000
    -12.5935312799      0.0000000000      0.0000000000
    -12.5826466375      0.0000000000      0.0000000000
    -12.5717619951      0.0000000000      0.0000000000
    -12.5608773527      0.0000000000      0.0000000000
    -12.5499927103      0.0000000000      0.0000000000
    -12.5391080678      0.0000000000      0.0000000000
    -12.5282234254      0.0000000000      0.0000000000
    -12.5173387830      0.0000000000      0.0000000000
    -12.5064541406      0.0000000000      0.0000000000
    -12.4955694982      0.0000000000      0.0000000000
    -12.4846848557      0.0000000000      0.0000000000
    -12.4738002133      0.0000000000      0.0000000000
    -12.4629155709      0.0000000000      0.0000000000
    -12.4520309285      0.0000000000      0.0000000000
    -12.4411462861      0.0000000000      0.0000000000
    -12.4302616436      0.0000000000      0.0000000000
    -12.4193770012      0.0000000000      0.0000000000
    -12.4084923588      0.0000000000      0.0000000000
    -12.3976077164      0.0000000000      0.0000000000
    -12.3867230740      0.0000000000      0.0000000000
    -12.3758384315      0.0000000000      0.0000000000
    -12.3649537891      0.0000000000      0.0000000000
    -12.3540691467      0.0000000000      0.0000000000
    -12.3431845043      0.0000000000      0.0000000000
    -12.3322998619      0.0000000000      0.0000000000
    -12.3214152194      0.0000000000      0.0000000000
    -12.3105305770      0.0000000000      0.0000000000
    -12.2996459346      0.0000000000      0.0000000000
    -12.2887612922      0.0000000000      0.0000000000
    -12.2778766498      0.0000000000      0.0000000000
    -12.2669920073      0.0000000000      0.0000000000
    -12.2561073649      0.0000000000      0.0000000000
    -12.2452227225      0.0000000000      0.0000000000
    -12.2343380801      0.0000000000      0.0000000000
    -12.2234534377      0.0000000000      0.0000000000
    -12.2125687952      0.0000000000      0.0000000000
    -12.2016841528      0.0000000000      0.0000000000
    -12.1907995104      0.0000000000      0.0000000000
    -12.1799148680      0.0000000000      0.0000000000
    -12.1690302256      0.0000000000      0.0000000000
    -12.1581455831      0.0000000000      0.0000000000
    -12.1472609407      0.0000000000      0.0000000000
    -12.1363762983      0.0000000000      0.0000000000
    -12.1254916559      0.0000000000      0.0000000000
    -12.1146070135      0.0000000000      0.0000000000
    -12.1037223710      0.0000000000      0.0000000000
    -12.0928377286      0.0000000000      0.0000000000
    -12.0819530862      0.0000000000      0.0000000000
    -12.0710684438      0.0000000000      0.0000000000
    -12.0601838014      0.0000000000      0.0000000000
    -12.0492991589      0.0000000000      0.0000000000
    -12.0384145165      0.0000000000      0.0000000000
    -12.0275298741      0.0000000000      0.0000000000
    -12.0166452317      0.0000000000      0.0000000000
    -12.0057605893      0.0000000000      0.0000000000
    -11.9948759468      0.0000000000      0.0000000000
    -11.9839913044      0.0000000000      0.0000000000
    -11.9731066620      0.0000000000      0.0000000000
    -11.9622220196      0.0000000000      0.0000000000
    -11.9513373772      0.0000000000      0.0000000000
    -11.9404527347      0.0000000000      0.0000000000
    -11.9295680923      0.0000000000      0.0000000000
    -11.9186834499      0.0000000000      0.0000000000
    -11.9077988075      0.0000000000      0.0000000000
    -11.8969141651      0.0000000000      0.0000000000
    -11.8860295226      0.0000000000      0.0000000000
    -11.8751448802      0.0000000000      0.0000000000
    -11.8642602378      0.0000000000      0.0000000000
    -11.8533755954      0.0000000000      0.0000000000
    -11.8424909530      0.0000000000      0.0000000000
    -11.8316063105      0.0000000000      0.0000000000
    -11.8207216681      0.0000000000      0.0000000000
    -11.8098370257      0.0000000000      0.0000000000
    -11.7989523833      0.0000000000      0.0000000000
    -11.7880677409      0.0000000000      0.0000000000
    -11.7771830984      0.0000000000      0.0000000000
    -11.7662984560      0.0000000000      0.0000000000
    -11.7554138136      0.0000000000      0.0000000000
    -11.7445291712      0.0000000000      0.0000000000
    -11.7336445288      0.0000000000      0.0000000000
    -11.7227598863      0.0000000000      0.0000000000
    -11.7118752439      0.0000000000      0.0000000000
    -11.7009906015      0.0000000000      0.0000000000
    -11.6901059591      0.0000000000      0.0000000000
    -11.6792213167      0.0000000000      0.0000000000
    -11.6683366742      0.0000000000      0.0000000000
    -11.6574520318      0.0000000000      0.0000000000
    -11.6465673894      0.0000000000      0.0000000000
    -11.6356827470      0.0000000000      0.0000000000
    -11.6247981046      0.0000000000      0.0000000000
    -11.6139134621      0.0000000000      0.0000000000
    -11.6030288197      0.0000000000      0.0000000000
    -11.5921441773      0.0000000000      0.0000000000
    -11.5812595349      0.0000000000      0.0000000000
    -11.5703748925      0.0000000000      0.0000000000
    -11.5594902500      0.0000000000      0.0000000000
    -11.5486056076      0.0000000000      0.0000000000
    -11.5377209652      0.0000000000      0.0000000000
    -11.5268363228      0.0000000000      0.0000000000
    -11.5159516804      0.0000000000      0.0000000000
    -11.5050670379      0.0000000000      0.0000000000
    -11.4941823955      0.0000000000      0.0000000000
    -11.4832977531      0.0000000000      0.0000000000
    -11.4724131107      0.0000000000      0.0000000000
    -11.4615284683      0.0000000000      0.0000000000
    -11.4506438258      0.0000000000      0.0000000000
    -11.4397591834      0.0000000000      0.0000000000
    -11.4288745410      0.0000000000      0.0000000000
    -11.4179898986      0.0000000000      0.0000000000
    -11.4071052562      0.0000000000      0.0000000000
    -11.3962206137      0.0000000000      0.0000000000
    -11.3853359713      0.0000000000      0.0000000000
    -11.3744513289      0.0000000000      0.0000000000
    -11.3635666865      0.0000000000      0.0000000000
    -11.3526820441      0.0000000000      0.0000000000
    -11.3417974016      0.0000000000      0.0000000000
    -11.3309127592      0.0000000000      0.0000000000
    -11.3200281168      0.0000000000      0.0000000000
    -11.3091434744      0.0000000000      0.0000000000
    -11.2982588320      0.0000000000      0.0000000000
    -11.2873741895      0.0000000000      0.0000000000
    -11.2764895471      0.0000000000      0.0000000000
    -11.2656049047      0.0000000000      0.0000000000
    -11.2547202623      0.0000000000      0.0000000000
    -11.2438356199      0.0000000000      0.0000000000
    -11.2329509774      0.0000000000      0.0000000000
    -11.2220663350      0.0000000000      0.0000000000
    -11.2111816926      0.0000000000      0.0000000000
    -11.2002970502      0.0000000000      0.0000000000
    -11.1894124078      0.0000000000      0.0000000000
    -11.1785277653      0.0000000000      0.0000000000
    -11.1676431229      0.0000000000      0.0000000000
    -11.1567584805      0.0000000000      0.0000000000
    -11.1458738381      0.0000000000      0.0000000000
    -11.1349891957      0.0000000000      0.0000000000
    -11.1241045532      0.0000000000      0.0000000000
    -11.1132199108      0.0000000000      0.0000000000
    -11.1023352684      0.0000000000      0.0000000000
    -11.0914506260      0.0000000000      0.0000000000
    -11.0805659836      0.0000000000      0.0000000000
    -11.0696813411      0.0000000000      0.0000000000
    -11.0587966987      0.0000000000      0.0000000000
    -11.0479120563      0.0000000000      0.0000000000
    -11.0370274139      0.0000000000      0.0000000000
    -11.0261427715      0.0000000000      0.0000000000
    -11.0152581290      0.0000000000      0.0000000000
    -11.0043734866      0.0000000000      0.0000000000
    -10.9934888442      0.0000000000      0.0000000000
    -10.9826042018      0.0000000000      0.0000000000
    -10.9717195594      0.0000000000      0.0000000000
    -10.9608349169      0.0000000000      0.0000000000
    -10.9499502745      0.0000000000      0.0000000000
    -10.9390656321      0.0000000000      0.0000000000
    -10.9281809897      0.0000000000      0.0000000000
    -10.9172963473      0.0000000000      0.0000000000
    -10.9064117048      0.0000000000      0.0000000000
    -10.8955270624      0.0000000000      0.0000000000
    -10.8846424200      0.0000000000      0.0000000000
    -10.8737577776      0.0000000000      0.0000000000
    -10.8628731352      0.0000000000      0.0000000000
    -10.8519884927      0.0000000000      0.0000000000
    -10.8411038503      0.0000000000      0.0000000000
    -10.8302192079      0.0000000000      0.0000000000
    -10.8193345655      0.0000000000      0.0000000000
    -10.8084499231      0.0000000000      0.0000000000
    -10.7975652806      0.0000000000      0.0000000000
    -10.7866806382      0.0000000000      0.0000000000
    -10.7757959958      0.0000000000      0.0000000000
    -10.7649113534      0.0000000000      0.0000000000
    -10.7540267110      0.0000000000      0.0000000000
    -10.7431420685      0.0000000000      0.0000000000
    -10.7322574261      0.0000000000      0.0000000000
    -10.7213727837      0.0000000000      0.0000000000
    -10.7104881413      0.0000000000      0.0000000000
    -10.6996034989      0.0000000000      0.0000000000
    -10.6887188564      0.0000000000      0.0000000000
    -10.6778342140      0.0000000000      0.0000000000
    -10.6669495716      0.0000000000      0.0000000000
    -10.6560649292      0.0000000000      0.0000000000
    -10.6451802868      0.0000000000      0.0000000000
    -10.6342956443      0.0000000000      0.0000000000
    -10.6234110019      0.0000000000      0.0000000000
    -10.6125263595      0.0000000000      0.0000000000
    -10.6016417171      0.0000000000      0.0000000000
    -10.5907570747      0.0000000000      0.0000000000
    -10.5798724322      0.0000000000      0.0000000000
    -10.5689877898      0.0000000000      0.0000000000
    -10.5581031474      0.0000000000      0.0000000000
    -10.5472185050      0.0000000000      0.0000000000
    -10.5363338626      0.0000000000      0.0000000000
    -10.5254492201      0.0000000000      0.0000000000
    -10.5145645777      0.0000000000      0.0000000000
    -10.5036799353      0.0000000000      0.0000000000
    -10.4927952929      0.0000000000      0.0000000000
    -10.4819106505      0.0000000000      0.0000000000
    -10.4710260080      0.0000000000      0.0000000000
    -10.4601413656      0.0000000000      0.0000000000
    -10.4492567232      0.0000000000      0.0000000000
    -10.4383720808      0.0000000000      0.0000000000
    -10.4274874384      0.0000000000      0.0000000000
    -10.4166027959      0.0000000000      0.0000000000
    -10.4057181535      0.0000000000      0.0000000000
    -10.3948335111      0.0000000000      0.0000000000
    -10.3839488687      0.0000000000      0.0000000000
    -10.3730642263      0.0000000000      0.0000000000
    -10.3621795838      0.0000000000      0.0000000000
    -10.3512949414      0.0000000000      0.0000000001
    -10.3404102990      0.0000000000      0.0000000001
    -10.3295256566      0.0000000000      0.0000000001
    -10.3186410142      0.0000000000      0.0000000002
    -10.3077563717      0.0000000000      0.0000000002
    -10.2968717293      0.0000000000      0.0000000003
    -10.2859870869      0.0000000000      0.0000000004
    -10.2751024445      0.0000000000      0.0000000006
    -10.2642178021      0.0000000000      0.0000000008
    -10.2533331596      0.0000000000      0.0000000010
    -10.2424485172      0.0000000000      0.0000000014
    -10.2315638748      0.0000000000      0.0000000019
    -10.2206792324      0.0000000000      0.0000000025
    -10.2097945900      0.0000000000      0.0000000034
    -10.1989099475      0.0000000000      0.0000000045
    -10.1880253051      0.0000000000      0.0000000059
    -10.1771406627      0.0000000000      0.0000000078
    -10.1662560203      0.0000000000      0.0000000103
    -10.1553713779      0.0000000000      0.0000000135
    -10.1444867354      0.0000000000      0.0000000177
    -10.1336020930      0.0000000000      0.0000000231
    -10.1227174506      0.0000000000      0.0000000301
    -10.1118328082      0.0000000000      0.0000000390
    -10.1009481658      0.0000000000      0.0000000504
    -10.0900635233      0.0000000000      0.0000000649
    -10.0791788809      0.0000000000      0.0000000833
    -10.0682942385      0.0000000000      0.0000001066
    -10.0574095961      0.0000000000      0.0000001361
    -10.0465249537      0.0000000000      0.0000001731
    -10.0356403112      0.0000000000      0.0000002196
    -10.0247556688      0.0000000000      0.0000002776
    -10.0138710264      0.0000000000      0.0000003499
    -10.0029863840      0.0000000000      0.0000004396
     -9.9921017416      0.0000000000      0.0000005507
     -9.9812170991      0.0000000000      0.0000006877
     -9.9703324567      0.0000000000      0.0000008561
     -9.9594478143      0.0000000000      0.0000010625
     -9.9485631719      0.0000000000      0.0000013146
     -9.9376785295      0.0000000000      0.0000016216
     -9.9267938870      0.0000000000      0.0000019943
     -9.9159092446      0.0000000000      0.0000024452
     -9.9050246022      0.0000000000      0.0000029891
     -9.8941399598      0.0000000000      0.0000036431
     -9.8832553174      0.0000000000      0.0000044269
     -9.8723706749      0.0000000000      0.0000053635
     -9.8614860325      0.0000000000      0.0000064792
     -9.8506013901      0.0000000000      0.0000078041
     -9.8397167477      0.0000000000      0.0000093727
     -9.8288321053      0.0000000000      0.0000112243
     -9.8179474628      0.0000000000      0.0000134032
     -9.8070628204      0.0000000000      0.0000159599
     -9.7961781780      0.0000000000      0.0000189511
     -9.7852935356      0.0000000000      0.0000224403
     -9.7744088932      0.0000000000      0.0000264989
     -9.7635242507      0.0000000000      0.0000312066
     -9.7526396083      0.0000000000      0.0000366519
     -9.7417549659      0.0000000000      0.0000429332
     -9.7308703235      0.0000000000      0.0000501594
     -9.7199856811      0.0000000000      0.0000584505
     -9.7091010386      0.0000000000      0.0000679390
     -9.6982163962      0.0000000000      0.0000787702
     -9.6873317538      0.0000000000      0.0000911032
     -9.6764471114      0.0000000000      0.0001051124
     -9.6655624690      0.0000000000      0.0001209877
     -9.6546778265      0.0000000000      0.0001389361
     -9.6437931841      0.0000000000      0.0001591828
     -9.6329085417      0.0000000000      0.0001819718
     -9.6220238993      0.0000000000      0.0002075679
     -9.6111392569      0.0000000000      0.0002362571
     -9.6002546144      0.0000000000      0.0002683485
     -9.5893699720      0.0000000000      0.0003041752
     -9.5784853296      0.0000000000      0.0003440959
     -9.5676006872      0.0000000000      0.0003884958
     -9.5567160448      0.0000000000      0.0004377881
     -9.5458314023      0.0000000000      0.0004924153
     -9.5349467599      0.0000000000      0.0005528498
     -9.5240621175      0.0000000000      0.0006195953
     -9.5131774751      0.0000000000      0.0006931868
     -9.5022928327      0.0000000000      0.0007741915
     -9.4914081902      0.0000000000      0.0008632086
     -9.4805235478      0.0000000000      0.0009608685
     -9.4696389054      0.0000000000      0.0010678319
     -9.4587542630      0.0000000000      0.0011847880
     -9.4478696206      0.0000000000      0.0013124522
     -9.4369849781      0.0000000000      0.0014515620
     -9.4261003357      0.0000000000      0.0016028736
     -9.4152156933      0.0000000000      0.0017671554
     -9.4043310509      0.0000000000      0.0019451822
     -9.3934464085      0.0000000000      0.0021377273
     -9.3825617660      0.0000000000      0.0023455530
     -9.3716771236      0.0000000000      0.0025694009
     -9.3607924812      0.0000000000      0.0028099802
     -9.3499078388      0.0000000000      0.0030679549
     -9.3390231964      0.0000000000      0.0033439301
     -9.3281385539      0.0000000000      0.0036384376
     -9.3172539115      0.0000000000      0.0039519201
     -9.3063692691      0.0000000000      0.0042847155
     -9.2954846267      0.0000000000      0.0046370407
     -9.2845999843      0.0000000000      0.0050089755
     -9.2737153418      0.0000000000      0.0054004468
     -9.2628306994      0.0000000000      0.0058112142
     -9.2519460570      0.0000000000      0.0062408563
     -9.2410614146      0.0000000000      0.0066887590
     -9.2301767722      0.0000058200      0.0071541059
     -9.2192921297      0.0000418963      0.0076358715
     -9.2084074873      0.0001109440      0.0081328172
     -9.1975228449      0.0002129634      0.0086434911
     -9.1866382025      0.0003479542      0.0091662310
     -9.1757535601      0.0005159165      0.0096991724
     -9.1648689176      0.0007168504      0.0102402601
     -9.1539842752      0.0009507558      0.0107872645
     -9.1430996328      0.0012176327      0.0113378022
     -9.1322149904      0.0015174812      0.0118893613
     -9.1213303480      0.0018503012      0.0124393307
     -9.1104457055      0.0022160926      0.0129850331
     -9.0995610631      0.0026148557      0.0135237621
     -9.0886764207      0.0030465902      0.0140528212
     -9.0777917783      0.0035112962      0.0145695660
     -9.0669071359      0.0040089738      0.0150714476
     -9.0560224934      0.0045396229      0.0155560566
     -9.0451378510      0.0051032435      0.0160211669
     -9.0342532086      0.0056998357      0.0164647787
     -9.0233685662      0.0063293994      0.0168851593
     -9.0124839238      0.0069919345      0.0172808810
     -9.0015992813      0.0076874413      0.0176508551
     -8.9907146389      0.0084159195      0.0179943609
     -8.9798299965      0.0119565633      0.0183110703
     -8.9689453541      0.0179017396      0.0186010647
     -8.9580607117      0.0221088854      0.0188648469
     -8.9471760692      0.0245780006      0.0191033448
     -8.9362914268      0.0253090853      0.0193179083
     -8.9254067844      0.0243021394      0.0195102993
     -8.9145221420      0.0215571629      0.0196826734
     -8.9036374996      0.0170741558      0.0198375559
     -8.8927528571      0.0159133432      0.0199778104
     -8.8818682147      0.0162679213      0.0201066018
     -8.8709835723      0.0166255777      0.0202273541
     -8.8600989299      0.0169863126      0.0203437038
     -8.8492142875      0.0173501258      0.0204594495
     -8.8383296450      0.0177170174      0.0205784989
     -8.8274450026      0.0180869873      0.0207048149
     -8.8165603602      0.0184600357      0.0208423605
     -8.8056757178      0.0188361624      0.0209950438
     -8.7947910754      0.0192153675      0.0211666653
     -8.7839064329      0.0195976510      0.0213608663
     -8.7730217905      0.0199830129      0.0215810808
     -8.7621371481      0.0203714531      0.0218304905
     -8.7512525057      0.0207629717      0.0221119844
     -8.7403678633      0.0211575687      0.0224281214
     -8.7294832208      0.0215552441      0.0227810994
     -8.7185985784      0.0219559979      0.0231727269
     -8.7077139360      0.0223598300      0.0236044013
     -8.6968292936      0.0227667405      0.0240770900
     -8.6859446512      0.0231767294      0.0245913170
     -8.6750600087      0.0235897967      0.0251471526
     -8.6641753663      0.0240059424      0.0257442079
     -8.6532907239      0.0244251664      0.0263816316
     -8.6424060815      0.0248474688      0.0270581105
     -8.6315214391      0.0252728496      0.0277718731
     -8.6206367966      0.0257013088      0.0285206951
     -8.6097521542      0.0261328463      0.0293019080
     -8.5988675118      0.0265674623      0.0301124099
     -8.5879828694      0.0270051566      0.0309486788
     -8.5770982270      0.0274459292      0.0318067887
     -8.5662135845      0.0280160139      0.0326824283
     -8.5553289421      0.0287260255      0.0335709228
     -8.5444442997      0.0294071056      0.0344672597
     -8.5335596573      0.0300592541      0.0353661176
     -8.5226750149      0.0306824711      0.0362619002
     -8.5117903724      0.0312767565      0.0371487740
     -8.5009057300      0.0318421105      0.0380207115
     -8.4900210876      0.0323785329      0.0388715394
     -8.4791364452      0.0328860237      0.0396949914
     -8.4682518028      0.0333645831      0.0404847674
     -8.4573671603      0.0338142109      0.0412345961
     -8.4464825179      0.0342349072      0.0419383034
     -8.4355978755      0.0346266720      0.0425898840
     -8.4247132331      0.0349895052      0.0431835766
     -8.4138285907      0.0353234070      0.0437139407
     -8.4029439482      0.0356283771      0.0441759350
     -8.3920593058      0.0359044158      0.0445649956
     -8.3811746634      0.0361515229      0.0448771122
     -8.3702900210      0.0363696986      0.0451089009
     -8.3594053786      0.0365589426      0.0452576735
     -8.3485207361      0.0367192552      0.0453214996
     -8.3376360937      0.0368506362      0.0452992610
     -8.3267514513      0.0369318456      0.0451906979
     -8.3158668089      0.0362903105      0.0449964444
     -8.3049821665      0.0357827268      0.0447180524
     -8.2940975240      0.0354090947      0.0443580038
     -8.2832128816      0.0351694139      0.0439197100
     -8.2723282392      0.0350636847      0.0434074979
     -8.2614435968      0.0350919069      0.0428265833
     -8.2505589544      0.0352540806      0.0421830312
     -8.2396743119      0.0355021803      0.0414837036
     -8.2287896695      0.0357548326      0.0407361964
     -8.2179050271      0.0360107036      0.0399487643
     -8.2070203847      0.0362697934      0.0391302380
     -8.1961357423      0.0365321019      0.0382899322
     -8.1852510998      0.0367976291      0.0374375473
     -8.1743664574      0.0370663751      0.0365830662
     -8.1634818150      0.0373383399      0.0357366480
     -8.1525971726      0.0376135234      0.0349085193
     -8.1417125302      0.0378919256      0.0341088656
     -8.1308278877      0.0381735466      0.0333477240
     -8.1199432453      0.0384583864      0.0326348783
     -8.1090586029      0.0387464449      0.0319797574
     -8.0981739605      0.0390377221      0.0313913397
     -8.0872893181      0.0393322181      0.0308780618
     -8.0764046756      0.0396299328      0.0304477345
     -8.0655200332      0.0399308663      0.0301074651
     -8.0546353908      0.0402350185      0.0298635879
     -8.0437507484      0.0405423895      0.0297216011
     -8.0328661060      0.0408529792      0.0296861130
     -8.0219814635      0.0411667877      0.0297607947
     -8.0110968211      0.0414838150      0.0299483420
     -8.0002121787      0.0418040609      0.0302504441
     -7.9893275363      0.0421275256      0.0306677619
     -7.9784428939      0.0424542091      0.0311999129
     -7.9675582514      0.0427841113      0.0318454656
     -7.9566736090      0.0431172323      0.0326019412
     -7.9457889666      0.0434535720      0.0334658250
     -7.9349043242      0.0437931305      0.0344325862
     -7.9240196818      0.0441358023      0.0354967064
     -7.9131350393      0.0444798729      0.0366517185
     -7.9022503969      0.0448247402      0.0378902549
     -7.8913657545      0.0451704042      0.0392041056
     -7.8804811121      0.0455168649      0.0405842867
     -7.8695964697      0.0458641223      0.0420211193
     -7.8587118272      0.0462121764      0.0435043182
     -7.8478271848      0.0465610273      0.0450230906
     -7.8369425424      0.0469106748      0.0465662445
     -7.8260579000      0.0472611190      0.0481223052
     -7.8151732576      0.0476123600      0.0496796399
     -7.8042886151      0.0479643976      0.0512265880
     -7.7934039727      0.0483172320      0.0527515970
     -7.7825193303      0.0486708631      0.0542433604
     -7.7716346879      0.0490252908      0.0556909577
     -7.7607500455      0.0493805153      0.0570839919
     -7.7498654030      0.0497365365      0.0584127242
     -7.7389807606      0.0500933544      0.0596682018
     -7.7280961182      0.0504509690      0.0608423779
     -7.7172114758      0.0508093803      0.0619282199
     -7.7063268334      0.0511685884      0.0629198038
     -7.6954421909      0.0515281860      0.0638123941
     -7.6845575485      0.0518626796      0.0646025044
     -7.6736729061      0.0521577686      0.0652879402
     -7.6627882637      0.0524134531      0.0658678200
     -7.6519036213      0.0526297330      0.0663425759
     -7.6410189788      0.0528066083      0.0667139316
     -7.6301343364      0.0529440791      0.0669848596
     -7.6192496940      0.0530421453      0.0671595161
     -7.6083650516      0.0532492924      0.0672431573
     -7.5974804092      0.0534839191      0.0672420360
     -7.5865957667      0.0537173715      0.0671632822
     -7.5757111243      0.0539496494      0.0670147694
     -7.5648264819      0.0541807529      0.0668049692
     -7.5539418395      0.0544106820      0.0665427975
     -7.5430571971      0.0546394367      0.0662374544
     -7.5321725546      0.0548670170      0.0658982631
     -7.5212879122      0.0550934229      0.0655345074
     -7.5104032698      0.0553186544      0.0651552754
     -7.4995186274      0.0555427115      0.0647693082
     -7.4886339850      0.0557655942      0.0643848589
     -7.4777493425      0.0559873025      0.0640095638
     -7.4668647001      0.0562078364      0.0636503273
     -7.4559800577      0.0564271959      0.0633132230
     -7.4450954153      0.0566453811      0.0630034124
     -7.4342107729      0.0568623918      0.0627250810
     -7.4233261304      0.0570782281      0.0624813943
     -7.4124414880      0.0572928900      0.0622744722
     -7.4015568456      0.0575063775      0.0621053823
     -7.3906722032      0.0577186906      0.0619741519
     -7.3797875608      0.0579298292      0.0618797969
     -7.3689029183      0.0581397935      0.0618203674
     -7.3580182759      0.0583485834      0.0617930083
     -7.3471336335      0.0585561989      0.0617940329
     -7.3362489911      0.0587626400      0.0618190096
     -7.3253643487      0.0589679067      0.0618628576
     -7.3144797062      0.0591096640      0.0619199518
     -7.3035950638      0.0592404585      0.0619842343
     -7.2927104214      0.0593829342      0.0620493313
     -7.2818257790      0.0595370911      0.0621086728
     -7.2709411366      0.0597029291      0.0621556150
     -7.2600564941      0.0598804482      0.0621835620
     -7.2491718517      0.0600696484      0.0621860876
     -7.2382872093      0.0602705298      0.0621570536
     -7.2274025669      0.0604830923      0.0620907243
     -7.2165179245      0.0607073359      0.0619818772
     -7.2056332820      0.0609432607      0.0618259055
     -7.1947486396      0.0611908666      0.0616189153
     -7.1838639972      0.0614501536      0.0613578125
     -7.1729793548      0.0617211218      0.0610403822
     -7.1620947124      0.0620037711      0.0606653558
     -7.1512100699      0.0622981015      0.0602324684
     -7.1403254275      0.0626041130      0.0597425032
     -7.1294407851      0.0629218057      0.0591973236
     -7.1185561427      0.0632511795      0.0585998913
     -7.1076715003      0.0635898693      0.0579542712
     -7.0967868578      0.0639343775      0.0572656210
     -7.0859022154      0.0642873998      0.0565401672
     -7.0750175730      0.0646438604      0.0557851651
     -7.0641329306      0.0650024148      0.0550088456
     -7.0532482882      0.0653630630      0.0542203467
     -7.0423636457      0.0657258050      0.0534296309
     -7.0314790033      0.0660906409      0.0526473904
     -7.0205943609      0.0664575706      0.0518849387
     -7.0097097185      0.0668265940      0.0511540911
     -6.9988250761      0.0671977114      0.0504670356
     -6.9879404336      0.0675709225      0.0498361936
     -6.9770557912      0.0679462274      0.0492740743
     -6.9661711488      0.0683236262      0.0487931224
     -6.9552865064      0.0687031188      0.0484055623
     -6.9444018640      0.0690847052      0.0481232392
     -6.9335172215      0.0694683855      0.0479574597
     -6.9226325791      0.0698541595      0.0479188347
     -6.9117479367      0.0702420274      0.0480171239
     -6.9008632943      0.0706319891      0.0482610865
     -6.8899786519      0.0710240446      0.0486583386
     -6.8790940094      0.0714181939      0.0492152198
     -6.8682093670      0.0718144370      0.0499366696
     -6.8573247246      0.0722127740      0.0508261178
     -6.8464400822      0.0726132048      0.0518853882
     -6.8355554398      0.0730157294      0.0531146185
     -6.8246707973      0.0734203478      0.0545121987
     -6.8137861549      0.0738270600      0.0560747275
     -6.8029015125      0.0742358661      0.0577969903
     -6.7920168701      0.0746467660      0.0596719585
     -6.7811322277      0.0750597597      0.0616908119
     -6.7702475852      0.0754748472      0.0638429846
     -6.7593629428      0.0758920285      0.0661162357
     -6.7484783004      0.0763113036      0.0684967437
     -6.7375936580      0.0767326726      0.0709692265
     -6.7267090156      0.0771529552      0.0735170843
     -6.7158243731      0.0775623679      0.0761225666
     -6.7049397307      0.0779602232      0.0787669603
     -6.6940550883      0.0783465209      0.0814307983
     -6.6831704459      0.0787212611      0.0840940861
     -6.6722858035      0.0790844438      0.0867365428
     -6.6614011610      0.0794360689      0.0893378544
     -6.6505165186      0.0797761366      0.0918779352
     -6.6396318762      0.0801046467      0.0943371933
     -6.6287472338      0.0804215993      0.0966967961
     -6.6178625914      0.0807269944      0.0989389309
     -6.6069779489      0.0810208319      0.1010470558
     -6.5960933065      0.0813031120      0.1030061362
     -6.5852086641      0.0815738345      0.1048028629
     -6.5743240217      0.0818329995      0.1064258453
     -6.5634393793      0.0820806070      0.1078657779
     -6.5525547368      0.0823166569      0.1091155739
     -6.5416700944      0.0825411494      0.1101704649
     -6.5307854520      0.0828344871      0.1110280620
     -6.5199008096      0.0833739193      0.1116883779
     -6.5090161672      0.0840554976      0.1121538075
     -6.4981315247      0.0848792219      0.1124290690
     -6.4872468823      0.0853981107      0.1125211033
     -6.4763622399      0.0858388177      0.1124389360
     -6.4654775975      0.0862836657      0.1121935024
     -6.4545929551      0.0867319403      0.1117974399
     -6.4437083126      0.0871836417      0.1112648520
     -6.4328236702      0.0876387699      0.1106110475
     -6.4219390278      0.0880973247      0.1098522615
     -6.4110543854      0.0885593063      0.1090053632
     -6.4001697430      0.0890247146      0.1080875561
     -6.3892851005      0.0894935497      0.1071160784
     -6.3784004581      0.0899658115      0.1061079069
     -6.3675158157      0.0904415000      0.1050794738
     -6.3566311733      0.0909206153      0.1040463987
     -6.3457465309      0.0914031573      0.1030232434
     -6.3348618884      0.0918891260      0.1020232928
     -6.3239772460      0.0923785214      0.1010583665
     -6.3130926036      0.0928713436      0.1001386639
     -6.3022079612      0.0933675925      0.0992726457
     -6.2913233188      0.0938672682      0.0984669524
     -6.2804386763      0.0943703705      0.0977263621
     -6.2695540339      0.0948768996      0.0970537860
     -6.2586693915      0.0953868555      0.0964503015
     -6.2477847491      0.0959002380      0.0959152211
     -6.2369001067      0.0964170473      0.0954461947
     -6.2260154642      0.0969372834      0.0950393422
     -6.2151308218      0.0974609461      0.0946894139
     -6.2042461794      0.0979807462      0.0943899734
     -6.1933615370      0.0984898159      0.0941335999
     -6.1824768946      0.0990024733      0.0939121052
     -6.1715922521      0.0995187182      0.0937167611
     -6.1607076097      0.1000385508      0.0935385327
     -6.1498229673      0.1005619711      0.0933683125
     -6.1389383249      0.1010889789      0.0931971525
     -6.1280536825      0.1016195744      0.0930164885
     -6.1171690400      0.1021537576      0.0928183548
     -6.1062843976      0.1026915283      0.0925955833
     -6.0953997552      0.1032328867      0.0923419873
     -6.0845151128      0.1037778327      0.0920525232
     -6.0736304704      0.1042894972      0.0917234322
     -6.0627458279      0.1048182982      0.0913523563
     -6.0518611855      0.1053661547      0.0909384296
     -6.0409765431      0.1059330668      0.0904823428
     -6.0300919007      0.1065190344      0.0899863803
     -6.0192072583      0.1071240576      0.0894544305
     -6.0083226158      0.1077481362      0.0888919683
     -5.9974379734      0.1083912704      0.0883060109
     -5.9865533310      0.1090534601      0.0877050484
     -5.9756686886      0.1097347054      0.0870989487
     -5.9647840462      0.1104336158      0.0864988407
     -5.9538994037      0.1111465139      0.0859169752
     -5.9430147613      0.1118732031      0.0853665674
     -5.9321301189      0.1126136835      0.0848616225
     -5.9212454765      0.1133679551      0.0844167472
     -5.9103608341      0.1141360178      0.0840469502
     -5.8994761916      0.1149178717      0.0837674336
     -5.8885915492      0.1157135167      0.0835933800
     -5.8777069068      0.1165229528      0.0835397368
     -5.8668222644      0.1173448321      0.0836210015
     -5.8559376220      0.1181778525      0.0838510120
     -5.8450529795      0.1190220141      0.0842427431
     -5.8341683371      0.1198773169      0.0848081146
     -5.8232836947      0.1207437610      0.0855578114
     -5.8123990523      0.1216213462      0.0865011209
     -5.8015144099      0.1225100726      0.0876457877
     -5.7906297674      0.1234099401      0.0889978896
     -5.7797451250      0.1243209489      0.0905617354
     -5.7688604826      0.1252430989      0.0923397871
     -5.7579758402      0.1261763901      0.0943326068
     -5.7470911978      0.1271208224      0.0965388295
     -5.7362065553      0.1280763960      0.0989551619
     -5.7253219129      0.1290431107      0.1015764070
     -5.7144372705      0.1300209667      0.1043955140
     -5.7035526281      0.1310099638      0.1074036529
     -5.6926679857      0.1320101022      0.1105903121
     -5.6817833432      0.1330213817      0.1139434175
     -5.6708987008      0.1340438024      0.1174494710
     -5.6600140584      0.1350773643      0.1210937064
     -5.6491294160      0.1361220674      0.1248602601
     -5.6382447736      0.1371779117      0.1287323537
     -5.6273601311      0.1382448972      0.1326924861
     -5.6164754887      0.1393230239      0.1367226322
     -5.6055908463      0.1403920007      0.1408044443
     -5.5947062039      0.1414775800      0.1449194557
     -5.5838215615      0.1425800167      0.1490492801
     -5.5729369190      0.1436993107      0.1531758083
     -5.5620522766      0.1448354621      0.1572813958
     -5.5511676342      0.1460500108      0.1613490420
     -5.5402829918      0.1473228246      0.1653625570
     -5.5293983494      0.1486424578      0.1693067154
     -5.5185137069      0.1500089102      0.1731673947
     -5.5076290645      0.1514221819      0.1769316979
     -5.4967444221      0.1528822728      0.1805880591
     -5.4858597797      0.1543891831      0.1841263315
     -5.4749751373      0.1559030655      0.1875378576
     -5.4640904948      0.1573904357      0.1908155220
     -5.4532058524      0.1588955399      0.1939537868
     -5.4423212100      0.1604183783      0.1969487104
     -5.4314365676      0.1619589507      0.1997979510
     -5.4205519252      0.1635172572      0.2025007548
     -5.4096672827      0.1650932978      0.2050579317
     -5.3987826403      0.1666870725      0.2074718186
     -5.3878979979      0.1682985813      0.2097462323
     -5.3770133555      0.1732088240      0.2118864132
     -5.3661287131      0.1769045346      0.2138989624
     -5.3552440706      0.1792437293      0.2157917714
     -5.3443594282      0.1816373201      0.2175739481
     -5.3334747858      0.1840853069      0.2192557386
     -5.3225901434      0.1865876899      0.2208484464
     -5.3117055010      0.1891444688      0.2223643504
     -5.3008208585      0.1917556438      0.2238166206
     -5.2899362161      0.1944212149      0.2252192344
     -5.2790515737      0.1971411821      0.2265868912
     -5.2681669313      0.1999155453      0.2279349270
     -5.2572822889      0.2027443045      0.2292792279
     -5.2463976464      0.2056274598      0.2306361432
     -5.2355130040      0.2085650112      0.2320223969
     -5.2246283616      0.2115569586      0.2334549969
     -5.2137437192      0.2146033021      0.2349511426
     -5.2028590768      0.2177040416      0.2365281301
     -5.1919744343      0.2208591772      0.2382032537
     -5.1810897919      0.2240868613      0.2399937056
     -5.1702051495      0.2275140955      0.2419164712
     -5.1593205071      0.2310099500      0.2439882236
     -5.1484358647      0.2349211773      0.2462252138
     -5.1375512222      0.2392904429      0.2486431614
     -5.1266665798      0.2437552425      0.2512571430
     -5.1157819374      0.2483555580      0.2540814826
     -5.1048972950      0.2530913894      0.2571296432
     -5.0940126526      0.2579627367      0.2604141220
     -5.0831280101      0.2629695998      0.2639463503
     -5.0722433677      0.2681119789      0.2677366013
     -5.0613587253      0.2733898738      0.2717939042
     -5.0504740829      0.2788032845      0.2761259699
     -5.0395894405      0.2843522112      0.2807391266
     -5.0287047980      0.2900366537      0.2856382683
     -5.0178201556      0.2958566121      0.2908268164
     -5.0069355132      0.3018120864      0.2963066948
     -4.9960508708      0.3079030766      0.3020783193
     -4.9851662284      0.3141295826      0.3081406004
     -4.9742815859      0.3205146294      0.3144909602
     -4.9633969435      0.3273774589      0.3211253611
     -4.9525123011      0.3348128005      0.3280383464
     -4.9416276587      0.3426795085      0.3352230907
     -4.9307430163      0.3509775827      0.3426714591
     -4.9198583738      0.3597070233      0.3503740726
     -4.9089737314      0.3688678301      0.3583203787
     -4.8980890890      0.4060637144      0.3664987252
     -4.8872044466      0.4357727252      0.3748964360
     -4.8763198042      0.4391318693      0.3834998858
     -4.8654351617      0.4161411466      0.3922945760
     -4.8545505193      0.3978839320      0.4012652070
     -4.8436658769      0.4035209580      0.4103957499
     -4.8327812345      0.4093237234      0.4196695158
     -4.8218965921      0.4152922281      0.4290692246
     -4.8110119496      0.4214264722      0.4385770729
     -4.8001273072      0.4371212309      0.4481748038
     -4.7892426648      0.4556559029      0.4578437803
     -4.7783580224      0.4706180826      0.4675650631
     -4.7674733800      0.4869280958      0.4773194969
     -4.7565887375      0.5047086107      0.4870878061
     -4.7457040951      0.5239596271      0.4968507033
     -4.7348194527      0.5446811450      0.5065890113
     -4.7239348103      0.5726907749      0.5162838015
     -4.7130501679      0.5973965037      0.5259165491
     -4.7021655254      0.6119469819      0.5354693051
     -4.6912808830      0.6169767440      0.5449248860
     -4.6803962406      0.6196914066      0.5542670788
     -4.6695115982      0.6200909696      0.5634808599
     -4.6586269558      0.6181754330      0.5725526235
     -4.6477423133      0.6139447968      0.5814704174
     -4.6368576709      0.6084084521      0.5902241794
     -4.6259730285      0.6130638954      0.5988059692
     -4.6150883861      0.6186201011      0.6072101894
     -4.6042037437      0.6243092866      0.6154337881
     -4.5933191012      0.6286726889      0.6234764367
     -4.5824344588      0.6322024972      0.6313406740
     -4.5715498164      0.6363205877      0.6390320116
     -4.5606651740      0.6410269605      0.6465589918
     -4.5497805316      0.6441754589      0.6539331933
     -4.5388958891      0.6472893375      0.6611691799
     -4.5280112467      0.6509656035      0.6682843875
     -4.5171266043      0.6552042569      0.6752989488
     -4.5062419619      0.6600052978      0.6822354531
     -4.4953573195      0.6656833391      0.6891186448
     -4.4844726770      0.6939465982      0.6959750617
     -4.4735880346      0.7089793026      0.7028326191
     -4.4627033922      0.7061887983      0.7097201457
     -4.4518187498      0.7056882769      0.7166668807
     -4.4409341074      0.7040576759      0.7237019403
     -4.4300494649      0.7017783918      0.7308537663
     -4.4191648225      0.7011145410      0.7381495673
     -4.4082801801      0.7005320571      0.7456147660
     -4.3973955377      0.6998575084      0.7532724657
     -4.3865108953      0.6990908950      0.7611429462
     -4.3756262528      0.6982322169      0.7692432050
     -4.3647416104      0.6972814741      0.7775865518
     -4.3538569680      0.6962386667      0.7861822667
     -4.3429723256      0.6951037945      0.7950353328
     -4.3320876832      0.6939234685      0.8041462463
     -4.3212030407      0.6945811247      0.8135109105
     -4.3103183983      0.7003162869      0.8231206168
     -4.2994337559      0.7112060399      0.8329621104
     -4.2885491135      0.7272503835      0.8430177404
     -4.2776644711      0.7484493180      0.8532656903
     -4.2667798286      0.7748394582      0.8636802815
     -4.2558951862      0.9057077660      0.8742323425
     -4.2450105438      0.9535674937      0.8848896354
     -4.2341259014      0.8769651867      0.8956173275
     -4.2232412590      0.9595792375      0.9063784988
     -4.2123566165      0.9979213116      0.9171346716
     -4.2014719741      1.0295823249      0.9278463529
     -4.1905873317      1.0543299298      0.9384735760
     -4.1797026893      1.0716137266      0.9489764317
     -4.1688180469      1.0814337152      0.9593155801
     -4.1579334044      1.0910072681      0.9694527318
     -4.1470487620      1.1092088041      0.9793510940
     -4.1361641196      1.1223474110      0.9889757743
     -4.1252794772      1.1364065527      0.9982941376
     -4.1143948348      1.1611924088      1.0072761149
     -4.1035101923      1.1814372601      1.0158944612
     -4.0926255499      1.1995535530      1.0241249649
     -4.0817409075      1.2063343287      1.0319466078
     -4.0708562651      1.2119239037      1.0393416804
     -4.0599716227      1.2276860136      1.0462958556
     -4.0490869802      1.2261490091      1.0527982238
     -4.0382023378      1.2312226302      1.0588412960
     -4.0273176954      1.2279874607      1.0644209775
     -4.0164330530      1.2166269527      1.0695365188
     -4.0055484106      1.2012248515      1.0741904461
     -3.9946637681      1.1821485645      1.0783884774
     -3.9837791257      1.1592903290      1.0821394253
     -3.9728944833      1.1326010282      1.0854550912
     -3.9620098409      1.0986623750      1.0883501513
     -3.9511251985      1.0551625118      1.0908420361
     -3.9402405560      0.9961257944      1.0929508047
     -3.9293559136      0.9268053976      1.0946990114
     -3.9184712712      0.8654391271      1.0961115671
     -3.9075866288      0.8249910458      1.0972155914
     -3.8967019864      0.8115210666      1.0980402557
     -3.8858173439      0.8048787493      1.0986166161
     -3.8749327015      0.8055937422      1.0989774322
     -3.8640480591      0.8143588136      1.0991569744
     -3.8531634167      0.8316701309      1.0991908153
     -3.8422787743      0.8608567202      1.0991156064
     -3.8313941318      0.9025870431      1.0989688401
     -3.8205094894      0.9527435111      1.0987885979
     -3.8096248470      1.0104413623      1.0986132850
     -3.7987402046      1.0655610538      1.0984813551
     -3.7878555622      1.0693124488      1.0984310267
     -3.7769709197      1.0944263370      1.0984999948
     -3.7660862773      1.1210229666      1.0987251418
     -3.7552016349      1.1454402718      1.0991422512
     -3.7443169925      1.1674886828      1.0997857295
     -3.7334323501      1.1871681995      1.1006883400
     -3.7225477076      1.1982646127      1.1018809527
     -3.7116630652      1.2017691334      1.1033923167
     -3.7007784228      1.1985320062      1.1052488558
     -3.6898937804      1.1885532313      1.1074744940
     -3.6790091380      1.1743471269      1.1100905124
     -3.6681244955      1.1589343659      1.1131154394
     -3.6572398531      1.1462319583      1.1165649776
     -3.6463552107      1.1340445952      1.1204519656
     -3.6354705683      1.1222985293      1.1247863779
     -3.6245859259      1.1109936472      1.1295753588
     -3.6137012834      1.1000229356      1.1348232915
     -3.6028166410      1.0891773257      1.1405318987
     -3.5919319986      1.0780327605      1.1467003721
     -3.5810473562      1.0663171016      1.1533255274
     -3.5701627138      1.0540303487      1.1604019815
     -3.5592780713      1.0456864264      1.1679223470
     -3.5483934289      1.0416152367      1.1758774407
     -3.5375087865      1.0394636242      1.1842565008
     -3.5266241441      1.0389885259      1.1930474096
     -3.5157395017      1.0477658275      1.2022369170
     -3.5048548592      1.0557107908      1.2118108620
     -3.4939702168      1.0674466123      1.2217543869
     -3.4830855744      1.1113155031      1.2320521446
     -3.4722009320      1.1235428610      1.2426884928
     -3.4613162896      1.1368786078      1.2536476759
     -3.4504316471      1.0833745873      1.2649139921
     -3.4395470047      1.0681589903      1.2764719439
     -3.4286623623      1.0769135656      1.2883063726
     -3.4177777199      1.0981228748      1.3004025750
     -3.4068930775      1.1363387204      1.3127464038
     -3.3960084350      1.1682065056      1.3253243493
     -3.3851237926      1.1935666221      1.3381236052
     -3.3742391502      1.2030395012      1.3511321161
     -3.3633545078      1.1946379237      1.3643386089
     -3.3524698654      1.1878539598      1.3777326057
     -3.3415852229      1.2151971852      1.3913044206
     -3.3307005805      1.2524447460      1.4050451373
     -3.3198159381      1.2926875395      1.4189465695
     -3.3089312957      1.3329141637      1.4330012012
     -3.2980466533      1.3745053443      1.4472021076
     -3.2871620108      1.4198728109      1.4615428552
     -3.2762773684      1.4834486091      1.4760173802
     -3.2653927260      1.5673457882      1.4906198445
     -3.2545080836      1.7134497046      1.5053444699
     -3.2436234412      1.7803224200      1.5201853482
     -3.2327387987      1.7606404424      1.5351362298
     -3.2218541563      1.7142250119      1.5501902909
     -3.2109695139      1.7120557117      1.5653398800
     -3.2000848715      1.7187096517      1.5805762472
     -3.1892002291      1.7014994883      1.5958892587
     -3.1783155866      1.6923214042      1.6112671003
     -3.1674309442      1.6901131517      1.6266959747
     -3.1565463018      1.6899436741      1.6421597983
     -3.1456616594      1.6909025370      1.6576399029
     -3.1347770170      1.6939155838      1.6731147502
     -3.1238923745      1.6929119309      1.6885596654
     -3.1130077321      1.6923052439      1.7039465992
     -3.1021230897      1.6972620843      1.7192439246
     -3.0912384473      1.6979937891      1.7344162777
     -3.0803538049      1.7048891630      1.7494244509
     -3.0694691624      1.7209022383      1.7642253448
     -3.0585845200      1.8539460924      1.7787719877
     -3.0476998776      1.8918523818      1.7930136274
     -3.0368152352      1.8763488047      1.8068959021
     -3.0259305928      1.9141840288      1.8203610935
     -3.0150459503      2.0155381961      1.8333484660
     -3.0041613079      2.0089876263      1.8457946914
     -2.9932766655      1.9847377794      1.8576343612
     -2.9823920231      1.9641170392      1.8688005814
     -2.9715073807      1.9501712834      1.8792256482
     -2.9606227382      1.9511969574      1.8888417967
     -2.9497380958      1.9615431343      1.8975820153
     -2.9388534534      1.9907920113      1.9053809161
     -2.9279688110      2.0736599361      1.9121756497
     -2.9170841686      2.1843195802      1.9179068507
     -2.9061995261      2.3855107291      1.9225196007
     -2.8953148837      2.8909640889      1.9259643914
     -2.8844302413      2.6341130449      1.9281980725
     -2.8735455989      2.4716315994      1.9291847668
     -2.8626609565      2.2681678520      1.9288967348
     -2.8517763140      2.1247206879      1.9273151723
     -2.8408916716      2.0333255421      1.9244309227
     -2.8300070292      2.0459396060      1.9202450900
     -2.8191223868      2.0643266622      1.9147695352
     -2.8082377444      2.1189327021      1.9080272447
     -2.7973531019      2.1912848642      1.9000525583
     -2.7864684595      2.2506581243      1.8908912478
     -2.7755838171      2.2735015396      1.8806004385
     -2.7646991747      1.8638501285      1.8692483700
     -2.7538145323      1.7418315096      1.8569139952
     -2.7429298898      1.7063324577      1.8436864162
     -2.7320452474      1.5945489673      1.8296641651
     -2.7211606050      1.5741763732      1.8149543330
     -2.7102759626      1.4566751436      1.7996715594
     -2.6993913202      1.4826146917      1.7839368931
     -2.6885066777      1.5060712349      1.7678765408
     -2.6776220353      1.5143729704      1.7516205184
     -2.6667373929      1.5625483675      1.7353012267
     -2.6558527505      1.5084629531      1.7190519687
     -2.6449681081      1.4937486383      1.7030054339
     -2.6340834656      1.4827261877      1.6872921684
     -2.6231988232      1.4786317591      1.6720390572
     -2.6123141808      1.4799336539      1.6573678380
     -2.6014295384      1.4895752409      1.6433936730
     -2.5905448960      1.5075565201      1.6302237967
     -2.5796602535      1.5318370158      1.6179562631
     -2.5687756111      1.5407713996      1.6066788095
     -2.5578909687      1.5360824296      1.5964678563
     -2.5470063263      1.4899111143      1.5873876553
     -2.5361216839      1.4562664569      1.5794896030
     -2.5252370414      1.4351484573      1.5728117261
     -2.5143523990      1.4228315625      1.5673783500
     -2.5034677566      1.4231311252      1.5631999531
     -2.4925831142      1.4268627688      1.5602732115
     -2.4816984718      1.4384744637      1.5585812324
     -2.4708138293      1.4470835185      1.5580939732
     -2.4599291869      1.4584294786      1.5587688403
     -2.4490445445      1.4726308315      1.5605514604
     -2.4381599021      1.4602585955      1.5633766099
     -2.4272752597      1.4170181942      1.5671692923
     -2.4163906172      1.3986582232      1.5718459455
     -2.4055059748      1.4042864726      1.5773157611
     -2.3946213324      1.4093742572      1.5834820971
     -2.3837366900      1.4140168650      1.5902439616
     -2.3728520476      1.4220762806      1.5974975452
     -2.3619674051      1.4354331393      1.6051377790
     -2.3510827627      1.4717663196      1.6130598934
     -2.3401981203      1.5553886751      1.6211609538
     -2.3293134779      1.6409855886      1.6293413500
     -2.3184288355      1.7255343487      1.6375062134
     -2.3075441930      1.8089521356      1.6455667429
     -2.2966595506      1.8906795685      1.6534414155
     -2.2857749082      1.9550659484      1.6610570646
     -2.2748902658      2.0352721872      1.6683498072
     -2.2640056234      2.0832053508      1.6752658081
     -2.2531209809      2.0943478358      1.6817618665
     -2.2422363385      2.0914814480      1.6878058200
     -2.2313516961      2.0778720183      1.6933767586
     -2.2204670537      2.0581419171      1.6984650477
     -2.2095824113      2.0725900400      1.7030721634
     -2.1986977688      2.0043154749      1.7072103438
     -2.1878131264      1.9138062336      1.7109020663
     -2.1769284840      1.9089271673      1.7141793620
     -2.1660438416      1.8830308611      1.7170829820
     -2.1551591992      1.8389450469      1.7196614344
     -2.1442745567      1.8717467631      1.7219699075
     -2.1333899143      1.8735397161      1.7240691043
     -2.1225052719      1.7847857303      1.7260240062
     -2.1116206295      1.7624094105      1.7279025908
     -2.1007359871      1.7417132947      1.7297745235
     -2.0898513446      1.7265264175      1.7317098461
     -2.0789667022      1.6989662304      1.7337776820
     -2.0680820598      1.6492006232      1.7360449768
     -2.0571974174      1.6043041474      1.7385752907
     -2.0463127750      1.5924506326      1.7414276582
     -2.0354281325      1.5850556786      1.7446555275
     -2.0245434901      1.5754626684      1.7483057886
     -2.0136588477      1.5678777044      1.7524178983
     -2.0027742053      1.5623007866      1.7570231072
     -1.9918895629      1.5609406661      1.7621437919
     -1.9810049204      1.5814175142      1.7677928931
     -1.9701202780      1.6456101176      1.7739734600
     -1.9592356356      1.5671605946      1.7806782988
     -1.9483509932      1.5623457159      1.7878897239
     -1.9374663508      1.5710098298      1.7955794086
     -1.9265817083      1.5832080887      1.8037083328
     -1.9156970659      1.5987102564      1.8122268260
     -1.9048124235      1.6176755194      1.8210747029
     -1.8939277811      1.6758486523      1.8301814922
     -1.8830431387      1.7398070296      1.8394667567
     -1.8721584962      1.7448818430      1.8488405070
     -1.8612738538      1.6890581776      1.8582037101
     -1.8503892114      1.7122375628      1.8674488938
     -1.8395045690      1.7396811700      1.8764608520
     -1.8286199266      1.7629210722      1.8851174499
     -1.8177352841      1.7758165504      1.8932905341
     -1.8068506417      1.7754711165      1.9008469468
     -1.7959659993      1.7542791479      1.9076496439
     -1.7850813569      1.7766995120      1.9135589160
     -1.7741967145      1.8010988705      1.9184337060
     -1.7633120720      1.8237024928      1.9221330177
     -1.7524274296      1.8444817167      1.9245174048
     -1.7415427872      1.8652607210      1.9254505279
     -1.7306581448      1.9003890478      1.9248007620
     -1.7197735024      1.9395659222      1.9224428372
     -1.7088888599      1.9520294157      1.9182594894
     -1.6980042175      2.0160407221      1.9121430968
     -1.6871195751      2.1033501984      1.9039972752
     -1.6762349327      2.1593411817      1.8937384046
     -1.6653502903      2.3086250920      1.8812970579
     -1.6544656478      2.7065707104      1.8666193023
     -1.6435810054      2.9379177699      1.8496678448
     -1.6326963630      3.1101698732      1.8304229958
     -1.6218117206      3.2435626211      1.8088834248
     -1.6109270782      3.3504690517      1.7850666875
     -1.6000424357      3.4421268877      1.7590095054
     -1.5891577933      3.1684937361      1.7307677855
     -1.5782731509      3.0246981773      1.7004163707
     -1.5673885085      2.8875521883      1.6680485172
     -1.5565038661      2.4148416460      1.6337751023
     -1.5456192236      2.1283404006      1.5977235695
     -1.5347345812      1.9640687151      1.5600366237
     -1.5238499388      1.8660720199      1.5208706968
     -1.5129652964      1.8025145271      1.4803942069
     -1.5020806540      1.7312574018      1.4387856375
     -1.4911960115      1.6043100345      1.3962314725
     -1.4803113691      1.4277050547      1.3529240181
     -1.4694267267      1.2088988518      1.3090591524
     -1.4585420843      0.9982061909      1.2648340404
     -1.4476574419      0.7542831565      1.2204448531
     -1.4367727994      0.5341471077      1.1760845320
     -1.4258881570      0.3377980446      1.1319406359
     -1.4150035146      0.2261281335      1.0881933048
     -1.4041188722      0.2261974892      1.0450133765
     -1.3932342298      0.2262664072      1.0025606838
     -1.3823495873      0.2263348875      0.9609825571
     -1.3714649449      0.2264029301      0.9204125558
     -1.3605803025      0.2264705350      0.8809694408
     -1.3496956601      0.2265377022      0.8427564024
     -1.3388110177      0.2266044317      0.8058605458
     -1.3279263752      0.2266707235      0.7703526369
     -1.3170417328      0.2306082937      0.7362871015
     -1.3061570904      0.2331341292      0.7037022697
     -1.2952724480      0.2342329552      0.6726208501
     -1.2843878056      0.2339047718      0.6430506170
     -1.2735031631      0.2321495790      0.6149852876
     -1.2626185207      0.2289673768      0.5884055662
     -1.2517338783      0.2243581652      0.5632803278
     -1.2408492359      0.2201026753      0.5395679146
     -1.2299645935      0.2183932258      0.5172175140
     -1.2190799510      0.2167655176      0.4961705920
     -1.2081953086      0.2152195507      0.4763623510
     -1.1973106662      0.2137553252      0.4577231857
     -1.1864260238      0.2119438712      0.4401801108
     -1.1755413814      0.2095121818      0.4236581357
     -1.1646567389      0.2067537401      0.4080815662
     -1.1537720965      0.2036686258      0.3933752126
     -1.1428874541      0.2002136387      0.3794654900
     -1.1320028117      0.1962979806      0.3662813965
     -1.1211181693      0.1928093803      0.3537553617
     -1.1102335268      0.1902325766      0.3418239579
     -1.0993488844      0.1881680728      0.3304284714
     -1.0884642420      0.1869174926      0.3195153347
     -1.0775795996      0.1858522113      0.3090364211
     -1.0666949572      0.1849722289      0.2989492088
     -1.0558103147      0.1842775453      0.2892168205
     -1.0449256723      0.1837681606      0.2798079496
     -1.0340410299      0.1831105820      0.2706966845
     -1.0231563875      0.1824270202      0.2618622413
     -1.0122717451      0.1817777364      0.2532886218
     -1.0013871026      0.1811627307      0.2449642080
     -0.9905024602      0.1805820030      0.2368813086
     -0.9796178178      0.1800355534      0.2290356712
     -0.9687331754      0.1795233818      0.2214259740
     -0.9578485330      0.1790454883      0.2140533100
     -0.9469638905      0.1786018728      0.2069206752
     -0.9360792481      0.1781925354      0.2000324723
     -0.9251946057      0.1778174760      0.1933940394
     -0.9143099633      0.1774766947      0.1870112116
     -0.9034253209      0.1771637391      0.1808899237
     -0.8925406784      0.1768667042      0.1750358574
     -0.8816560360      0.1765852576      0.1694541392
     -0.8707713936      0.1763188546      0.1641490900
     -0.8598867512      0.1760673824      0.1591240281
     -0.8490021088      0.1758308410      0.1543811269
     -0.8381174663      0.1756092304      0.1499213235
     -0.8272328239      0.1754025506      0.1457442785
     -0.8163481815      0.1752108015      0.1418483829
     -0.8054635391      0.1750339832      0.1382308075
     -0.7945788967      0.1748720956      0.1348875916
     -0.7836942542      0.1747251389      0.1318137644
     -0.7728096118      0.1745931129      0.1290034952
     -0.7619249694      0.1744760177      0.1264502652
     -0.7510403270      0.1743738533      0.1241470550
     -0.7401556846      0.1742866196      0.1220865431
     -0.7292710421      0.1742142361      0.1202613079
     -0.7183863997      0.1741544601      0.1186640283
     -0.7075017573      0.1741062748      0.1172876763
     -0.6966171149      0.1740696800      0.1161256973
     -0.6857324725      0.1740446759      0.1151721734
     -0.6748478300      0.1740312624      0.1144219628
     -0.6639631876      0.1740294396      0.1138708153
     -0.6530785452      0.1740392073      0.1135154563
     -0.6421939028      0.1740605657      0.1133536400
     -0.6313092604      0.1740935147      0.1133841670
     -0.6204246179      0.1741380543      0.1136068676
     -0.6095399755      0.1742141812      0.1140225473
     -0.5986553331      0.1743080533      0.1146328968
     -0.5877706907      0.1744024659      0.1154403673
     -0.5768860483      0.1744974191      0.1164480111
     -0.5660014058      0.1745929130      0.1176592928
     -0.5551167634      0.1746889474      0.1190778716
     -0.5442321210      0.1747855223      0.1207073617
     -0.5333474786      0.1748826379      0.1225510732
     -0.5224628362      0.1749802940      0.1246117400
     -0.5115781937      0.1750784907      0.1268912416
     -0.5006935513      0.1751772280      0.1293903227
     -0.4898089089      0.1761635592      0.1321083202
     -0.4789242665      0.1776662147      0.1350429028
     -0.4680396241      0.1790545745      0.1381898302
     -0.4571549816      0.1803286384      0.1415427391
     -0.4462703392      0.1814884065      0.1450929625
     -0.4353856968      0.1825338787      0.1488293875
     -0.4245010544      0.1834650552      0.1527383584
     -0.4136164120      0.1842819358      0.1568036269
     -0.4027317695      0.1849845205      0.1610063561
     -0.3918471271      0.1855728095      0.1653251779
     -0.3809624847      0.1860468026      0.1697363069
     -0.3700778423      0.1864064999      0.1742137087
     -0.3591931999      0.1866519014      0.1787293233
     -0.3483085574      0.1867830070      0.1832533391
     -0.3374239150      0.1867998169      0.1877545136
     -0.3265392726      0.1867023308      0.1922005361
     -0.3156546302      0.1864905490      0.1965584251
     -0.3047699878      0.1861644714      0.2007949528
     -0.2938853453      0.1857240979      0.2048770889
     -0.2830007029      0.1851694286      0.2087724540
     -0.2721160605      0.1844341158      0.2124497736
     -0.2612314181      0.1833588878      0.2158793226
     -0.2503467757      0.1819367834      0.2190333515
     -0.2394621332      0.1801678028      0.2218864845
     -0.2285774908      0.1780537982      0.2244160814
     -0.2176928484      0.1756059492      0.2266025556
     -0.2068082060      0.1728261299      0.2284296407
     -0.1959235636      0.1697143404      0.2298846024
     -0.1850389211      0.1669861130      0.2309583889
     -0.1741542787      0.1654387539      0.2316457192
     -0.1632696363      0.1648663896      0.2319451080
     -0.1523849939      0.1643088914      0.2318588268
     -0.1415003515      0.1637662592      0.2313928041
     -0.1306157090      0.1632384930      0.2305564676
     -0.1197310666      0.1627255929      0.2293625336
     -0.1088464242      0.1622275587      0.2278267491
     -0.0979617818      0.1617443906      0.2259675931
     -0.0870771394      0.1612760886      0.2238059452
     -0.0761924969      0.1608226525      0.2213647294
     -0.0653078545      0.1603840825      0.2186685403
     -0.0544232121      0.1599603785      0.2157432618
     -0.0435385697      0.1595515406      0.2126156844
     -0.0326539273      0.1591575687      0.2093131297
     -0.0217692848      0.1587784628      0.2058630889
     -0.0108846424      0.1584142229      0.2022928808
      0.0000000000      0.1580648409      0.1986293354
      0.0108846424      0.1577275769      0.1948985066
      0.0217692848      0.1573992767      0.1911254171
      0.0326539273      0.1570799333      0.1873338383
      0.0435385697      0.1567695469      0.1835461050
      0.0544232121      0.1564681174      0.1797829664
      0.0653078545      0.1561756447      0.1760634713
      0.0761924969      0.1558921290      0.1724048864
      0.0870771394      0.1556175702      0.1688226455
      0.0979617818      0.1553519683      0.1653303275
      0.1088464242      0.1550953234      0.1619396583
      0.1197310666      0.1548476353      0.1586605354
      0.1306157090      0.1546089042      0.1555010710
      0.1415003515      0.1543792709      0.1524676502
      0.1523849939      0.1541579251      0.1495650020
      0.1632696363      0.1539406220      0.1467962795
      0.1741542787      0.1537273617      0.1441631479
      0.1850389211      0.1535181441      0.1416658779
      0.1959235636      0.1533129693      0.1393034426
      0.2068082060      0.1531118372      0.1370736179
      0.2176928484      0.1529147478      0.1349730835
      0.2285774908      0.1527217012      0.1329975271
      0.2394621332      0.1525326972      0.1311417488
      0.2503467757      0.1523477361      0.1293997676
      0.2612314181      0.1521668176      0.1277649284
      0.2721160605      0.1519899419      0.1262300120
      0.2830007029      0.1518171090      0.1247873461
      0.2938853453      0.1516483187      0.1234289181
      0.3047699878      0.1514835712      0.1221464895
      0.3156546302      0.1513228665      0.1209317125
      0.3265392726      0.1511662044      0.1197762458
      0.3374239150      0.1510135851      0.1186718716
      0.3483085574      0.1508650086      0.1176106103
      0.3591931999      0.1507204747      0.1165848329
      0.3700778423      0.1505799836      0.1155873697
      0.3809624847      0.1504435353      0.1146116123
      0.3918471271      0.1503111297      0.1136516087
      0.4027317695      0.1501822958      0.1127021487
      0.4136164120      0.1500562562      0.1117588380
      0.4245010544      0.1499332536      0.1108181603
      0.4353856968      0.1498132881      0.1098775240
      0.4462703392      0.1496963598      0.1089352948
      0.4571549816      0.1495824685      0.1079908111
      0.4680396241      0.1494716143      0.1070443833
      0.4789242665      0.1493637973      0.1060972752
      0.4898089089      0.1492590173      0.1051516694
      0.5006935513      0.1491572744      0.1042106162
      0.5115781937      0.1490585686      0.1032779671
      0.5224628362      0.1489629000      0.1023582943
      0.5333474786      0.1488702684      0.1014567980
      0.5442321210      0.1487806739      0.1005792036
      0.5551167634      0.1486941165      0.0997316501
      0.5660014058      0.1486106615      0.0989205726
      0.5768860483      0.1485306021      0.0981525821
      0.5877706907      0.1484539739      0.0974343428
      0.5986553331      0.1483807768      0.0967724518
      0.6095399755      0.1483110110      0.0961733228
      0.6204246179      0.1482446763      0.0956430741
      0.6313092604      0.1481817728      0.0951874266
      0.6421939028      0.1481223005      0.0948116103
      0.6530785452      0.1480662593      0.0945202827
      0.6639631876      0.1480136493      0.0943174596
      0.6748478300      0.1479644705      0.0942064603
      0.6857324725      0.1479187229      0.0941898662
      0.6966171149      0.1478764064      0.0942694950
      0.7075017573      0.1478375211      0.0944463900
      0.7183863997      0.1478020670      0.0947208231
      0.7292710421      0.1477700441      0.0950923139
      0.7401556846      0.1477414523      0.0955596604
      0.7510403270      0.1477162917      0.0961209844
      0.7619249694      0.1476945623      0.0967737874
      0.7728096118      0.1476556510      0.0975150176
      0.7836942542      0.1476166444      0.0983411450
      0.7945788967      0.1475815933      0.0992482449
      0.8054635391      0.1475504977      0.1002320869
      0.8163481815      0.1475233577      0.1012882272
      0.8272328239      0.1475001732      0.1024121036
      0.8381174663      0.1474809443      0.1035991314
      0.8490021088      0.1474656709      0.1048447960
      0.8598867512      0.1474543531      0.1061447437
      0.8707713936      0.1474469908      0.1074948663
      0.8816560360      0.1474435840      0.1088913778
      0.8925406784      0.1474441328      0.1103308835
      0.9034253209      0.1474486371      0.1118104369
      0.9143099633      0.1473550941      0.1133275852
      0.9251946057      0.1471486308      0.1148804005
      0.9360792481      0.1469372521      0.1164674965
      0.9469638905      0.1467209579      0.1180880286
      0.9578485330      0.1464997484      0.1197416782
      0.9687331754      0.1462736234      0.1214286194
      0.9796178178      0.1460425830      0.1231494686
      0.9905024602      0.1458066272      0.1249052176
      1.0013871026      0.1455657560      0.1266971505
      1.0122717451      0.1453199694      0.1285267455
      1.0231563875      0.1450692674      0.1303955634
      1.0340410299      0.1448284499      0.1323051250
      1.0449256723      0.1446209900      0.1342567788
      1.0558103147      0.1444471840      0.1362515629
      1.0666949572      0.1443070320      0.1382900635
      1.0775795996      0.1442005339      0.1403722733
      1.0884642420      0.1441276897      0.1424974541
      1.0993488844      0.1440725956      0.1446640062
      1.1102335268      0.1440152258      0.1468693498
      1.1211181693      0.1439555156      0.1491098203
      1.1320028117      0.1438934648      0.1513805831
      1.1428874541      0.1438290736      0.1536755693
      1.1537720965      0.1437623420      0.1559874368
      1.1646567389      0.1436932698      0.1583075583
      1.1755413814      0.1436218572      0.1606260386
      1.1864260238      0.1435481042      0.1629317625
      1.1973106662      0.1434720107      0.1652124736
      1.2081953086      0.1433935767      0.1674548843
      1.2190799510      0.1433128022      0.1696448158
      1.2299645935      0.1432296873      0.1717673663
      1.2408492359      0.1431442319      0.1738071055
      1.2517338783      0.1430564361      0.1757482911
      1.2626185207      0.1429662998      0.1775751044
      1.2735031631      0.1428585093      0.1792719002
      1.2843878056      0.1427708248      0.1808234649
      1.2952724480      0.1427134754      0.1822152797
      1.3061570904      0.1426870533      0.1834337803
      1.3170417328      0.1426993817      0.1844666098
      1.3279263752      0.1427528920      0.1853028570
      1.3388110177      0.1428475842      0.1859332766
      1.3496956601      0.1429834583      0.1863504836
      1.3605803025      0.1431605144      0.1865491196
      1.3714649449      0.1433787524      0.1865259842
      1.3823495873      0.1436885484      0.1862801312
      1.3932342298      0.1440352191      0.1858129238
      1.4041188722      0.1443979824      0.1851280488
      1.4150035146      0.1447768383      0.1842314896
      1.4258881570      0.1449451255      0.1831314561
      1.4367727994      0.1450635187      0.1818382749
      1.4476574419      0.1451891569      0.1803642406
      1.4585420843      0.1453220399      0.1787234313
      1.4694267267      0.1454621678      0.1769314930
      1.4803113691      0.1456095406      0.1750053966
      1.4911960115      0.1457641583      0.1729631726
      1.5020806540      0.1459260209      0.1708236300
      1.5129652964      0.1459367767      0.1686060640
      1.5238499388      0.1453424082      0.1663299595
      1.5347345812      0.1447806730      0.1640146965
      1.5456192236      0.1442515709      0.1616792619
      1.5565038661      0.1437551021      0.1593419756
      1.5673885085      0.1432912664      0.1570202336
      1.5782731509      0.1428600639      0.1547302744
      1.5891577933      0.1424614946      0.1524869722
      1.6000424357      0.1420955584      0.1503036599
      1.6109270782      0.1417622555      0.1481919841
      1.6218117206      0.1414586005      0.1461617952
      1.6326963630      0.1411545514      0.1442210715
      1.6435810054      0.1408423284      0.1423758786
      1.6544656478      0.1405219314      0.1406303632
      1.6653502903      0.1401933605      0.1389867799
      1.6762349327      0.1398566156      0.1374455485
      1.6871195751      0.1395116968      0.1360053401
      1.6980042175      0.1391586040      0.1346631882
      1.7088888599      0.1387973373      0.1334146214
      1.7197735024      0.1384278967      0.1322538160
      1.7306581448      0.1380502821      0.1311737609
      1.7415427872      0.1376644936      0.1301664361
      1.7524274296      0.1372727378      0.1292229962
      1.7633120720      0.1368892001      0.1283339587
      1.7741967145      0.1365145665      0.1274893931
      1.7850813569      0.1361488373      0.1266791060
      1.7959659993      0.1357920123      0.1258928219
      1.8068506417      0.1354440915      0.1251203559
      1.8177352841      0.1351050750      0.1243517758
      1.8286199266      0.1347749628      0.1235775537
      1.8395045690      0.1344537548      0.1227887042
      1.8503892114      0.1341414511      0.1219769084
      1.8612738538      0.1338380516      0.1211346237
      1.8721584962      0.1335435564      0.1202551790
      1.8830431387      0.1332579654      0.1193328541
      1.8939277811      0.1329812787      0.1183629443
      1.9048124235      0.1327134963      0.1173418112
      1.9156970659      0.1324546181      0.1162669174
      1.9265817083      0.1322046442      0.1151368493
      1.9374663508      0.1319635745      0.1139513249
      1.9483509932      0.1317314091      0.1127111905
      1.9592356356      0.1314693780      0.1114184044
      1.9701202780      0.1311246595      0.1100760095
      1.9810049204      0.1307823999      0.1086880953
      1.9918895629      0.1304425990      0.1072597504
      2.0027742053      0.1301052570      0.1057970043
      2.0136588477      0.1297703739      0.1043067618
      2.0245434901      0.1294379495      0.1027967285
      2.0354281325      0.1291079839      0.1012753285
      2.0463127750      0.1287804772      0.0997516157
      2.0571974174      0.1284554293      0.0982351784
      2.0680820598      0.1281328402      0.0967360384
      2.0789667022      0.1278127099      0.0952645443
      2.0898513446      0.1274950385      0.0938312622
      2.1007359871      0.1271798258      0.0924468608
      2.1116206295      0.1268670720      0.0911219958
      2.1225052719      0.1265567770      0.0898671917
      2.1333899143      0.1262489409      0.0886927234
      2.1442745567      0.1259435635      0.0876084980
      2.1551591992      0.1256406449      0.0866239395
      2.1660438416      0.1253401852      0.0857478750
      2.1769284840      0.1250429044      0.0849884274
      2.1878131264      0.1247502691      0.0843529120
      2.1986977688      0.1244623224      0.0838477417
      2.2095824113      0.1241790641      0.0834783410
      2.2204670537      0.1239004944      0.0832490692
      2.2313516961      0.1236266132      0.0831631558
      2.2422363385      0.1233574205      0.0832226485
      2.2531209809      0.1230929163      0.0834283741
      2.2640056234      0.1228331006      0.0837799151
      2.2748902658      0.1225779734      0.0842756003
      2.2857749082      0.1223275348      0.0849125116
      2.2966595506      0.1220817847      0.0856865063
      2.3075441930      0.1218407231      0.0865922545
      2.3184288355      0.1216043500      0.0876232916
      2.3293134779      0.1213726654      0.0887720846
      2.3401981203      0.1211456694      0.0900301116
      2.3510827627      0.1209233618      0.0913879526
      2.3619674051      0.1207057428      0.0928353893
      2.3728520476      0.1204928123      0.0943615138
      2.3837366900      0.1202845703      0.0959548421
      2.3946213324      0.1200810168      0.0976034317
      2.4055059748      0.1198821519      0.0992949995
      2.4163906172      0.1196404457      0.1010170397
      2.4272752597      0.1193293319      0.1027569379
      2.4381599021      0.1190182476      0.1045020802
      2.4490445445      0.1187071928      0.1062399554
      2.4599291869      0.1183961674      0.1079582485
      2.4708138293      0.1180851714      0.1096449252
      2.4816984718      0.1177742050      0.1112883055
      2.4925831142      0.1174632680      0.1128771269
      2.5034677566      0.1171523604      0.1144005962
      2.5143523990      0.1168682616      0.1158484317
      2.5252370414      0.1166159891      0.1172108946
      2.5361216839      0.1163938338      0.1184788126
      2.5470063263      0.1162017957      0.1196435957
      2.5578909687      0.1160398747      0.1206972456
      2.5687756111      0.1159080709      0.1216323613
      2.5796602535      0.1158063843      0.1224421421
      2.5905448960      0.1157348148      0.1231203891
      2.6014295384      0.1156933625      0.1236615076
      2.6123141808      0.1156820274      0.1240605111
      2.6231988232      0.1157008094      0.1243130292
      2.6340834656      0.1157497086      0.1244153180
      2.6449681081      0.1158287250      0.1243642765
      2.6558527505      0.1159378585      0.1241574664
      2.6667373929      0.1160771092      0.1237931368
      2.6776220353      0.1162464771      0.1232702534
      2.6885066777      0.1164459622      0.1225885290
      2.6993913202      0.1166755644      0.1217484578
      2.7102759626      0.1169352837      0.1207513489
      2.7211606050      0.1172251203      0.1195993586
      2.7320452474      0.1169413090      0.1182955204
      2.7429298898      0.1164944115      0.1168437701
      2.7538145323      0.1160539200      0.1152489642
      2.7646991747      0.1156198347      0.1135168912
      2.7755838171      0.1151921556      0.1116542729
      2.7864684595      0.1147708826      0.1096687559
      2.7973531019      0.1143560157      0.1075688911
      2.8082377444      0.1139475550      0.1053641025
      2.8191223868      0.1135455004      0.1030646434
      2.8300070292      0.1131498519      0.1006815409
      2.8408916716      0.1127610915      0.0982265301
      2.8517763140      0.1123824122      0.0957119773
      2.8626609565      0.1120143998      0.0931507949
      2.8735455989      0.1116570544      0.0905563481
      2.8844302413      0.1113103758      0.0879423568
      2.8953148837      0.1109743641      0.0853227926
      2.9061995261      0.1106490193      0.0827117736
      2.9170841686      0.1103343415      0.0801234593
      2.9279688110      0.1100303305      0.0775719467
      2.9388534534      0.1097369864      0.0750711687
      2.9497380958      0.1094543093      0.0726347978
      2.9606227382      0.1091822990      0.0702761549
      2.9715073807      0.1089209556      0.0680081246
      2.9823920231      0.1086702791      0.0658430774
      2.9932766655      0.1084302696      0.0637928005
      3.0041613079      0.1082009269      0.0618684346
      3.0150459503      0.1079822512      0.0600804196
      3.0259305928      0.1077742423      0.0584384467
      3.0368152352      0.1075769003      0.0569514168
      3.0476998776      0.1073902253      0.0556274051
      3.0585845200      0.1072142171      0.0544736304
      3.0694691624      0.1070488758      0.0534964285
      3.0803538049      0.1068905645      0.0527012288
      3.0912384473      0.1067317545      0.0520925333
      3.1021230897      0.1065722154      0.0516738981
      3.1130077321      0.1064119471      0.0514479148
      3.1238923745      0.1062509498      0.0514161946
      3.1347770170      0.1060892233      0.0515793518
      3.1456616594      0.1059267677      0.0519369896
      3.1565463018      0.1057635830      0.0524876862
      3.1674309442      0.1055996693      0.0532289835
      3.1783155866      0.1054350264      0.0541573780
      3.1892002291      0.1052696544      0.0552683155
      3.2000848715      0.1051035533      0.0565561901
      3.2109695139      0.1049367230      0.0580143488
      3.2218541563      0.1047691637      0.0596351028
      3.2327387987      0.1046008753      0.0614097467
      3.2436234412      0.1044318578      0.0633285860
      3.2545080836      0.1042621111      0.0653809748
      3.2653927260      0.1040916354      0.0675553634
      3.2762773684      0.1039204305      0.0698393571
      3.2871620108      0.1037484965      0.0722197860
      3.2980466533      0.1035758335      0.0746827854
      3.3089312957      0.1034024413      0.0772138887
      3.3198159381      0.1032283200      0.0797981285
      3.3307005805      0.1030534696      0.0824201494
      3.3415852229      0.1028726661      0.0850643278
      3.3524698654      0.1026069929      0.0877148998
      3.3633545078      0.1022298815      0.0903560947
      3.3742391502      0.1017413318      0.0929722720
      3.3851237926      0.1011413439      0.0955480617
      3.3960084350      0.1004299179      0.0980685043
      3.4068930775      0.0996070536      0.1005191891
      3.4177777199      0.0986727511      0.1028863895
      3.4286623623      0.0976270104      0.1051571922
      3.4395470047      0.0964698315      0.1073196197
      3.4504316471      0.0952012144      0.1093627434
      3.4613162896      0.0938211590      0.1112767856
      3.4722009320      0.0927342893      0.1130532103
      3.4830855744      0.0918059315      0.1146847997
      3.4939702168      0.0908874885      0.1161657162
      3.5048548592      0.0899789605      0.1174915502
      3.5157395017      0.0890803473      0.1186593501
      3.5266241441      0.0881916490      0.1196676374
      3.5375087865      0.0873128656      0.1205164042
      3.5483934289      0.0864439971      0.1212070942
      3.5592780713      0.0855850434      0.1217425678
      3.5701627138      0.0847360047      0.1221270505
      3.5810473562      0.0838968808      0.1223660657
      3.5919319986      0.0830676718      0.1224663538
      3.6028166410      0.0822483776      0.1224357762
      3.6137012834      0.0814389984      0.1222832082
      3.6245859259      0.0806395340      0.1220184192
      3.6354705683      0.0798499845      0.1216519437
      3.6463552107      0.0790833052      0.1211949445
      3.6572398531      0.0784428290      0.1206590680
      3.6681244955      0.0778190824      0.1200562960
      3.6790091380      0.0772026927      0.1193987940
      3.6898937804      0.0765936599      0.1186987587
      3.7007784228      0.0759919839      0.1179682671
      3.7116630652      0.0753976649      0.1172191284
      3.7225477076      0.0748107026      0.1164627422
      3.7334323501      0.0742310973      0.1157099636
      3.7443169925      0.0736588488      0.1149709783
      3.7552016349      0.0730939572      0.1142551896
      3.7660862773      0.0725364225      0.1135711188
      3.7769709197      0.0719862446      0.1129263212
      3.7878555622      0.0714434236      0.1123273182
      3.7987402046      0.0709079595      0.1117795488
      3.8096248470      0.0703798522      0.1112873398
      3.8205094894      0.0698591018      0.1108538954
      3.8313941318      0.0693575852      0.1104813080
      3.8422787743      0.0689278540      0.1101705895
      3.8531634167      0.0685761480      0.1099217221
      3.8640480591      0.0683024672      0.1097337291
      3.8749327015      0.0681068117      0.1096047637
      3.8858173439      0.0679949015      0.1095322150
      3.8967019864      0.0680242862      0.1095128288
      3.9075866288      0.0681290324      0.1095428406
      3.9184712712      0.0683091402      0.1096181200
      3.9293559136      0.0685646096      0.1097343210
      3.9402405560      0.0688954405      0.1098870376
      3.9511251985      0.0693016330      0.1100719594
      3.9620098409      0.0697831870      0.1102850253
      3.9728944833      0.0703401026      0.1105225711
      3.9837791257      0.0709723798      0.1107814668
      3.9946637681      0.0716800185      0.1110592427
      4.0055484106      0.0724630188      0.1113541975
      4.0164330530      0.0733213806      0.1116654893
      4.0273176954      0.0751806990      0.1119932041
      4.0382023378      0.0796123723      0.1123384007
      4.0490869802      0.0831447403      0.1127031315
      4.0599716227      0.0857778029      0.1130904355
      4.0708562651      0.0875115600      0.1135043060
      4.0817409075      0.0883460118      0.1139496307
      4.0926255499      0.0882811581      0.1144321068
      4.1035101923      0.0873169991      0.1149581315
      4.1143948348      0.0854535347      0.1155346707
      4.1252794772      0.0836832024      0.1161691084
      4.1361641196      0.0845630211      0.1168690795
      4.1470487620      0.0853906672      0.1176422913
      4.1579334044      0.0861530382      0.1184963361
      4.1688180469      0.0868501342      0.1194385007
      4.1797026893      0.0874819552      0.1204755765
      4.1905873317      0.0880485011      0.1216136753
      4.2014719741      0.0885497720      0.1228580554
      4.2123566165      0.0889857678      0.1242129621
      4.2232412590      0.0893564886      0.1256814864
      4.2341259014      0.0896619343      0.1272654458
      4.2450105438      0.0899021049      0.1289652900
      4.2558951862      0.0900770006      0.1307800332
      4.2667798286      0.0901866211      0.1327072156
      4.2776644711      0.0902309666      0.1347428931
      4.2885491135      0.0902100371      0.1368816566
      4.2994337559      0.0901238325      0.1391166796
      4.3103183983      0.0899723529      0.1414397913
      4.3212030407      0.0897555982      0.1438415745
      4.3320876832      0.0894735684      0.1463114832
      4.3429723256      0.0891262636      0.1488379787
      4.3538569680      0.0887136838      0.1514086778
      4.3647416104      0.0882358289      0.1540105104
      4.3756262528      0.0876926990      0.1566298820
      4.3865108953      0.0870842940      0.1592528357
      4.3973955377      0.0864106139      0.1618652115
      4.4082801801      0.0856689751      0.1644527966
      4.4191648225      0.0848517314      0.1670014662
      4.4300494649      0.0839584127      0.1694973098
      4.4409341074      0.0832779296      0.1719267420
      4.4518187498      0.0832055518      0.1742765965
      4.4627033922      0.0831765465      0.1765342016
      4.4735880346      0.0831909136      0.1786874394
      4.4844726770      0.0832486531      0.1807247868
      4.4953573195      0.0833497650      0.1826353421
      4.5062419619      0.0834942492      0.1844088379
      4.5171266043      0.0836821060      0.1860356436
      4.5280112467      0.0839136135      0.1875067593
      4.5388958891      0.0841931605      0.1888138054
      4.5497805316      0.0845222602      0.1899490096
      4.5606651740      0.0849009128      0.1909051954
      4.5715498164      0.0853291181      0.1916757743
      4.5824344588      0.0858068763      0.1922547440
      4.5933191012      0.0863341872      0.1926366952
      4.6042037437      0.0869110510      0.1928168271
      4.6150883861      0.0875374675      0.1927909739
      4.6259730285      0.0882134369      0.1925556418
      4.6368576709      0.0889389590      0.1921080553
      4.6477423133      0.0897140340      0.1914462127
      4.6586269558      0.0905740819      0.1905689493
      4.6695115982      0.0914517717      0.1894760045
      4.6803962406      0.0923260470      0.1881680922
      4.6912808830      0.0931969078      0.1866469705
      4.7021655254      0.0940643541      0.1849155071
      4.7130501679      0.0949283859      0.1829777397
      4.7239348103      0.0957890033      0.1808389247
      4.7348194527      0.0962799068      0.1785055756
      4.7457040951      0.0965167453      0.1759854848
      4.7565887375      0.0968647627      0.1732877295
      4.7674733800      0.0972362984      0.1704226592
      4.7783580224      0.0976313524      0.1674018633
      4.7892426648      0.0980499248      0.1642381198
      4.8001273072      0.0984920154      0.1609453241
      4.8110119496      0.0989576243      0.1575383997
      4.8218965921      0.0994467515      0.1540331923
      4.8327812345      0.0999593970      0.1504463481
      4.8436658769      0.1004955608      0.1467951805
      4.8545505193      0.1010552429      0.1430975270
      4.8654351617      0.1016384433      0.1393715990
      4.8763198042      0.1022451620      0.1356358286
      4.8872044466      0.1028747167      0.1319087144
      4.8980890890      0.1035074015      0.1282086709
      4.9089737314      0.1041341449      0.1245538821
      4.9198583738      0.1047549468      0.1209621644
      4.9307430163      0.1053698074      0.1174508382
      4.9416276587      0.1059787264      0.1140366126
      4.9525123011      0.1065817041      0.1107354816
      4.9633969435      0.1071787403      0.1075626348
      4.9742815859      0.1077698350      0.1045323810
      4.9851662284      0.1083549884      0.1016580854
      4.9960508708      0.1089342002      0.0989521185
      5.0069355132      0.1095074707      0.0964258165
      5.0178201556      0.1100747997      0.0940894512
      5.0287047980      0.1106361873      0.0919522062
      5.0395894405      0.1111916334      0.0900221603
      5.0504740829      0.1117411381      0.0883062732
      5.0613587253      0.1122847014      0.0868103732
      5.0722433677      0.1128223232      0.0855391448
      5.0831280101      0.1133540036      0.0844961141
      5.0940126526      0.1138797426      0.0836836317
      5.1048972950      0.1143995728      0.0831028516
      5.1157819374      0.1149147011      0.0827537067
      5.1266665798      0.1154257370      0.0826348796
      5.1375512222      0.1159326804      0.0827437718
      5.1484358647      0.1164355315      0.0830764698
      5.1593205071      0.1169342902      0.0836277120
      5.1702051495      0.1174289564      0.0843908575
      5.1810897919      0.1179195303      0.0853578597
      5.1919744343      0.1184060117      0.0865192470
      5.2028590768      0.1188884007      0.0878641140
      5.2137437192      0.1193666973      0.0893801261
      5.2246283616      0.1198409015      0.0910535401
      5.2355130040      0.1203110133      0.0928692441
      5.2463976464      0.1207770327      0.0948108182
      5.2572822889      0.1212389597      0.0968606191
      5.2681669313      0.1216967942      0.0989998894
      5.2790515737      0.1221505364      0.1012088923
      5.2899362161      0.1226001861      0.1034670730
      5.3008208585      0.1230457435      0.1057532445
      5.3117055010      0.1234872084      0.1080457979
      5.3225901434      0.1239245809      0.1103229348
      5.3334747858      0.1243578610      0.1125629186
      5.3443594282      0.1247870487      0.1147443411
      5.3552440706      0.1252121440      0.1168464007
      5.3661287131      0.1256331469      0.1188491866
      5.3770133555      0.1260500574      0.1207339649
      5.3878979979      0.1264628754      0.1224834596
      5.3987826403      0.1268716011      0.1240821232
      5.4096672827      0.1275440671      0.1255163917
      5.4205519252      0.1283401523      0.1267749168
      5.4314365676      0.1290613956      0.1278487707
      5.4423212100      0.1297077969      0.1287316180
      5.4532058524      0.1302793562      0.1294198494
      5.4640904948      0.1307760361      0.1299126738
      5.4749751373      0.1311970148      0.1302121656
      5.4858597797      0.1315419564      0.1303232634
      5.4967444221      0.1318108609      0.1302537199
      5.5076290645      0.1320037283      0.1300140023
      5.5185137069      0.1321205587      0.1296171429
      5.5293983494      0.1321613520      0.1290785422
      5.5402829918      0.1322808722      0.1284157263
      5.5511676342      0.1325817893      0.1276480633
      5.5620522766      0.1328976411      0.1267964423
      5.5729369190      0.1332284277      0.1258829204
      5.5838215615      0.1335741491      0.1249303439
      5.5947062039      0.1339348053      0.1239619510
      5.6055908463      0.1343103963      0.1230009627
      5.6164754887      0.1347009220      0.1220701689
      5.6273601311      0.1351063826      0.1211915188
      5.6382447736      0.1355267779      0.1203857226
      5.6491294160      0.1359621080      0.1196718723
      5.6600140584      0.1364123730      0.1190670884
      5.6708987008      0.1368775727      0.1185862012
      5.6817833432      0.1373577072      0.1182414710
      5.6926679857      0.1378527764      0.1180423539
      5.7035526281      0.1383627805      0.1179953181
      5.7144372705      0.1388877194      0.1181037141
      5.7253219129      0.1394275930      0.1183677019
      5.7362065553      0.1399824014      0.1187842366
      5.7470911978      0.1405521447      0.1193471135
      5.7579758402      0.1411368227      0.1200470720
      5.7688604826      0.1417364355      0.1208719564
      5.7797451250      0.1423509830      0.1218069307
      5.7906297674      0.1429804654      0.1228347450
      5.8015144099      0.1436248826      0.1239360464
      5.8123990523      0.1442842345      0.1250897308
      5.8232836947      0.1449585213      0.1262733280
      5.8341683371      0.1456477428      0.1274634141
      5.8450529795      0.1463518991      0.1286360422
      5.8559376220      0.1470709902      0.1297671851
      5.8668222644      0.1478050161      0.1308331810
      5.8777069068      0.1485539768      0.1318111744
      5.8885915492      0.1493178191      0.1326795444
      5.8994761916      0.1500904951      0.1334183124
      5.9103608341      0.1508679006      0.1340095220
      5.9212454765      0.1516500354      0.1344375855
      5.9321301189      0.1524368997      0.1346895890
      5.9430147613      0.1532284933      0.1347555525
      5.9538994037      0.1540248163      0.1346286409
      5.9647840462      0.1548258688      0.1343053207
      5.9756686886      0.1556316506      0.1337854622
      5.9865533310      0.1564421618      0.1330723845
      5.9974379734      0.1568713040      0.1321728431
      6.0083226158      0.1560277917      0.1310969614
      6.0192072583      0.1593965567      0.1298581073
      6.0300919007      0.1599618909      0.1284727169
      6.0409765431      0.1600935550      0.1269600703
      6.0518611855      0.1602251968      0.1253420215
      6.0627458279      0.1603568164      0.1236426889
      6.0736304704      0.1604884136      0.1218881113
      6.0845151128      0.1606199886      0.1201058741
      6.0953997552      0.1607515413      0.1183247140
      6.1062843976      0.1608830718      0.1165741060
      6.1171690400      0.1610145799      0.1148838416
      6.1280536825      0.1611460658      0.1132836022
      6.1389383249      0.1612775294      0.1118025365
      6.1498229673      0.1614089708      0.1104688459
      6.1607076097      0.1615403898      0.1093093852
      6.1715922521      0.1616717866      0.1083492833
      6.1824768946      0.1618031611      0.1076115896
      6.1933615370      0.1619345133      0.1071169507
      6.2042461794      0.1620658433      0.1068833202
      6.2151308218      0.1621971509      0.1069257082
      6.2260154642      0.1623284363      0.1072559698
      6.2369001067      0.1624596994      0.1078826381
      6.2477847491      0.1625909403      0.1088108020
      6.2586693915      0.1627221588      0.1100420301
      6.2695540339      0.1628533551      0.1115743417
      6.2804386763      0.1629845291      0.1134022252
      6.2913233188      0.1631156808      0.1155167012
      6.3022079612      0.1632468103      0.1179054326
      6.3130926036      0.1633711134      0.1205528764
      6.3239772460      0.1634814218      0.1234404760
      6.3348618884      0.1635777341      0.1265468922
      6.3457465309      0.1636600505      0.1298482673
      6.3566311733      0.1637283708      0.1333185197
      6.3675158157      0.1637826952      0.1369296637
      6.3784004581      0.1638230236      0.1406521501
      6.3892851005      0.1638493560      0.1444552231
      6.4001697430      0.1638616924      0.1483072862
      6.4110543854      0.1638600328      0.1521762733
      6.4219390278      0.1638443772      0.1560300195
      6.4328236702      0.1638147256      0.1598366245
      6.4437083126      0.1637710780      0.1635648049
      6.4545929551      0.1637134344      0.1671842293
      6.4654775975      0.1636417949      0.1706658326
      6.4763622399      0.1635561593      0.1739821034
      6.4872468823      0.1634599833      0.1771073432
      6.4981315247      0.1641284840      0.1800178926
      6.5090161672      0.1661504932      0.1826923229
      6.5199008096      0.1695260108      0.1851115916
      6.5307854520      0.1742550368      0.1872591608
      6.5416700944      0.1803375712      0.1891210787
      6.5525547368      0.1827602160      0.1906860253
      6.5634393793      0.1823054120      0.1919453227
      6.5743240217      0.1817030112      0.1928929136
      6.5852086641      0.1809530137      0.1935253100
      6.5960933065      0.1800554194      0.1938415150
      6.6069779489      0.1790097226      0.1938429223
      6.6178625914      0.1778159811      0.1935331961
      6.6287472338      0.1764742319      0.1929181362
      6.6396318762      0.1749844752      0.1920055318
      6.6505165186      0.1733467109      0.1908050074
      6.6614011610      0.1715609390      0.1893278658
      6.6722858035      0.1696271596      0.1875869294
      6.6831704459      0.1675453725      0.1855963838
      6.6940550883      0.1653155779      0.1833716261
      6.7049397307      0.1629377757      0.1809291187
      6.7158243731      0.1604119659      0.1782862503
      6.7267090156      0.1577381485      0.1754612050
      6.7375936580      0.1549163236      0.1724728395
      6.7484783004      0.1523143798      0.1693405671
      6.7593629428      0.1515596887      0.1660842497
      6.7702475852      0.1508325224      0.1627240947
      6.7811322277      0.1501328807      0.1592805572
      6.7920168701      0.1494837179      0.1557742451
      6.8029015125      0.1489041269      0.1522258258
      6.8137861549      0.1483329017      0.1486559335
      6.8246707973      0.1477675347      0.1450850758
      6.8355554398      0.1472069550      0.1415335378
      6.8464400822      0.1466511626      0.1380212844
      6.8573247246      0.1461001576      0.1345678585
      6.8682093670      0.1455539399      0.1311922772
      6.8790940094      0.1450125096      0.1279129239
      6.8899786519      0.1444758666      0.1247474390
      6.9008632943      0.1439440109      0.1217126086
      6.9117479367      0.1434169425      0.1188242535
      6.9226325791      0.1428946615      0.1160971192
      6.9335172215      0.1423771679      0.1135447693
      6.9444018640      0.1418644616      0.1111794835
      6.9552865064      0.1413565426      0.1090121619
      6.9661711488      0.1408534109      0.1070522389
      6.9770557912      0.1403550666      0.1053076062
      6.9879404336      0.1398615096      0.1037845491
      6.9988250761      0.1393727400      0.1024876952
      7.0097097185      0.1388887577      0.1014199792
      7.0205943609      0.1384095627      0.1005826226
      7.0314790033      0.1379351551      0.0999751311
      7.0423636457      0.1374655348      0.0995953087
      7.0532482882      0.1370007019      0.0994392894
      7.0641329306      0.1365406563      0.0995015868
      7.0750175730      0.1360853980      0.0997751596
      7.0859022154      0.1356349271      0.1002514953
      7.0967868578      0.1351893058      0.1009207074
      7.1076715003      0.1347490412      0.1017716478
      7.1185561427      0.1343142442      0.1027920327
      7.1294407851      0.1338849151      0.1039685780
      7.1403254275      0.1334610537      0.1052871461
      7.1512100699      0.1330426602      0.1067328984
      7.1620947124      0.1326297344      0.1082904546
      7.1729793548      0.1322222763      0.1099440548
      7.1838639972      0.1318233846      0.1116777222
      7.1947486396      0.1314475364      0.1134754251
      7.2056332820      0.1310965682      0.1153212359
      7.2165179245      0.1307704800      0.1171994831
      7.2274025669      0.1304692718      0.1190948973
      7.2382872093      0.1301929437      0.1209927458
      7.2491718517      0.1299414956      0.1228789572
      7.2600564941      0.1297149275      0.1247402319
      7.2709411366      0.1295132394      0.1265641386
      7.2818257790      0.1293364313      0.1283391949
      7.2927104214      0.1291845033      0.1300549322
      7.3035950638      0.1290574553      0.1317019433
      7.3144797062      0.1290777115      0.1332719134
      7.3253643487      0.1292678902      0.1347576354
      7.3362489911      0.1296575761      0.1361530080
      7.3471336335      0.1300599965      0.1374530206
      7.3580182759      0.1304751514      0.1386537235
      7.3689029183      0.1309030409      0.1397521872
      7.3797875608      0.1313436649      0.1407464515
      7.3906722032      0.1317970234      0.1416354667
      7.4015568456      0.1322631165      0.1424190289
      7.4124414880      0.1327419441      0.1430977125
      7.4233261304      0.1332330026      0.1436728002
      7.4342107729      0.1337151921      0.1441462153
      7.4450954153      0.1341773851      0.1445204550
      7.4559800577      0.1346195815      0.1447985290
      7.4668647001      0.1350417814      0.1449839033
      7.4777493425      0.1354439847      0.1450804504
      7.4886339850      0.1358261915      0.1450924068
      7.4995186274      0.1361884016      0.1450243379
      7.5104032698      0.1365306153      0.1448811093
      7.5212879122      0.1368528323      0.1446678651
      7.5321725546      0.1371550528      0.1443900112
      7.5430571971      0.1374372768      0.1440532029
      7.5539418395      0.1376995041      0.1436633345
      7.5648264819      0.1379417350      0.1432265303
      7.5757111243      0.1381655125      0.1427491338
      7.5865957667      0.1383791510      0.1422376944
      7.5974804092      0.1385836496      0.1416989490
      7.6083650516      0.1387790081      0.1411397977
      7.6192496940      0.1389652267      0.1405672714
      7.6301343364      0.1391423053      0.1399884911
      7.6410189788      0.1393102439      0.1394106180
      7.6519036213      0.1394690425      0.1388407939
      7.6627882637      0.1396187011      0.1382860731
      7.6736729061      0.1397592197      0.1377533460
      7.6845575485      0.1398905983      0.1372492553
      7.6954421909      0.1400128369      0.1367801073
      7.7063268334      0.1401256783      0.1363517809
      7.7172114758      0.1402287262      0.1359696344
      7.7280961182      0.1403224276      0.1356384153
      7.7389807606      0.1404067827      0.1353621749
      7.7498654030      0.1404740441      0.1351441896
      7.7607500455      0.1405101393      0.1349868930
      7.7716346879      0.1405147747      0.1348918208
      7.7825193303      0.1404879503      0.1348595700
      7.7934039727      0.1404296661      0.1348897753
      7.8042886151      0.1403399222      0.1349811030
      7.8151732576      0.1402187185      0.1351312643
      7.8260579000      0.1400660551      0.1353370469
      7.8369425424      0.1398819319      0.1355943654
      7.8478271848      0.1396663490      0.1358983290
      7.8587118272      0.1394193063      0.1362433251
      7.8695964697      0.1391408038      0.1366231169
      7.8804811121      0.1388308416      0.1370309515
      7.8913657545      0.1384894196      0.1374596765
      7.9022503969      0.1381165378      0.1379018618
      7.9131350393      0.1377121963      0.1383499223
      7.9240196818      0.1372763950      0.1387962396
      7.9349043242      0.1368091340      0.1392332781
      7.9457889666      0.1363104132      0.1396536933
      7.9566736090      0.1357991004      0.1400504302
      7.9675582514      0.1353659560      0.1404168075
      7.9784428939      0.1349212568      0.1407465890
      7.9893275363      0.1344531224      0.1410340386
      8.0002121787      0.1339972881      0.1412739597
      8.0110968211      0.1336439066      0.1414617199
      8.0219814635      0.1333085574      0.1415932600
      8.0328661060      0.1329912403      0.1416650910
      8.0437507484      0.1326919554      0.1416742798
      8.0546353908      0.1324107027      0.1416184262
      8.0655200332      0.1321474822      0.1414956347
      8.0764046756      0.1319022939      0.1413044828
      8.0872893181      0.1316751377      0.1410439909
      8.0981739605      0.1314660138      0.1407135940
      8.1090586029      0.1312749220      0.1403131206
      8.1199432453      0.1311018624      0.1398427796
      8.1308278877      0.1309468350      0.1393031577
      8.1417125302      0.1308098398      0.1386952284
      8.1525971726      0.1306908768      0.1380203737
      8.1634818150      0.1305899460      0.1372804181
