[0] MPI startup(): I_MPI_TCP_NETMASK variable has been removed from the product, its value is ignored

 
 ***********************************************************************
 *                                                                     *
 *                                                                     *
 *                                                                     *
 *              ******  ********    **    ******** ********            *
 *             ******** ********   ****   ******** ********            *
 *             **          **     **  **     **    **                  *
 *              ***        **    ********    **    ******              *
 *                ***      **   **********   **    ******              *
 *                  **     **  **        **  **    **                  *
 *             ********    ** **          ** **    ********            *
 *              ******     ** VERSION 5.6.17 **    ********            *
 *                               RICS-AIST                             *
 *                           OSAKA UNIVERSITY                          *
 *                                                                     *
 ***********************************************************************
 
 PROGRAM STATE STARTED AT: Jul  1 11:50:08 2025

 THIS JOB RUNS ON         : xs01                            
 THE CURRENT DIRECTORY IS : /home/ikutaro/work/STATE/examples/Cu/fcc/k-p
 THE PROCESS ID IS        : 86338
 THE JOB WAS SUBMITTED BY : ikutaro             
 THE NUMBER OF PROCESSORS : 16
 THE NUMBER OF THREADS    : 1
 
 ELECTRONIC WAVEFUNCTIONS INITIALIZED 
 ELECTRONIC CHARGE INITIALIZED 
 IONIC POSITIONS READ FROM STANDARD INPUT 
 IONIC VELOCITIES INITIALIZED 
 MAXIMUM SCF ITERATIONS : 200
 MAXIMUM MD STEPS : 200
 MAXIMUM ELAPSED CPU TIME :  86400.00 SEC
 TIME INCREMENT IN MOLECULAR DYNAMICS :     50.00 A.U.
 ENERGY CRITERION FOR SCF ITERATIONS :  0.100000E-09 HA/ATOM

 EXCHANGE-CORRELATION FUNCTIONAL : ggapbe
 SPIN POLARIZATION NOT ALLOWED 
 NUMBER OF BANDS CONSIDERED : 16
 METHFESSEL-PAXTON SMEARING 
 SMEARING WIDTH : 0.002000
 DAVIDSON METHOD WITH G-SPACE TECHNIQUE 
 BLUGEL MIXING PARAMETERS 
   MIXING OBJECT : CHARGE 
   MIXING INFORMATION RESET AFTER 30 STEPS
   MIXING PARAMETER : 0.300

 ********************************** TYPE *******************************
 TYPE  NAME  INITIAL CHARGE   MASS(AMU)     PP TYPE  ILOC   INITIAL SPIN
    1    Cu          0.1500     63.5460   UltraSoft     3         0.0000
 ***********************************************************************

 ********************************* ATOMS *******************************
   ATOM    X(BOHR)    Y(BOHR)    Z(BOHR)     TAUX    TAUY    TAUZ IW  IR
   1  1    0.00000    0.00000    0.00000   0.0000  0.0000  0.0000  1   0
 ***********************************************************************

 ******************************** K-POINTS *****************************
 BRAVIAS LATTICE         :        FACE CENTER         
 SPACE GROUP             :        F m -3 m  
 INVERSION SYMMETRY      :        NO 
 CONV. LAT. VECTOR(BOHR) :        6.878600       0.000000       0.000000
 CONV. LAT. VECTOR(BOHR) :        0.000000       6.878600       0.000000
 CONV. LAT. VECTOR(BOHR) :        0.000000       0.000000       6.878600
 PRIM. LAT. VECTOR(BOHR) :        0.000000       3.439300       3.439300
 PRIM. LAT. VECTOR(BOHR) :        3.439300       0.000000       3.439300
 PRIM. LAT. VECTOR(BOHR) :        3.439300       3.439300       0.000000
 PRIM. CELL VOLUME       :    0.813655E+02
 PRIM. REC. VECTOR(1/BOHR) :     -0.913440       0.913440       0.913440
 PRIM. REC. VECTOR(1/BOHR) :      0.913440      -0.913440       0.913440
 PRIM. REC. VECTOR(1/BOHR) :      0.913440       0.913440      -0.913440
 REC. PRIM. CELL VOLUME    :  0.304859E+01
 ENERGY CUTOFF FOR SOFT MODE(RY) :  36.000
 ENERGY CUTOFF FOR HARD MODE(RY) : 400.000
 NUMBER OF K-POINT MESH  :              14             14             14
 K-POINT SHIFT           :              ON             ON             ON
 NUMBER OF K-POINTS      :             280
        NKP            WKP              KX             KY             KZ
          1       0.000729        0.032623       0.032623       0.032623
          2       0.002187       -0.032623       0.097869       0.097869
          3       0.002187       -0.097869       0.163114       0.163114
          4       0.002187       -0.163114       0.228360       0.228360
          5       0.002187       -0.228360       0.293606       0.293606
          6       0.002187       -0.293606       0.358851       0.358851
          7       0.002187       -0.358851       0.424097       0.424097
          8       0.002187       -0.424097       0.489343       0.489343
          9       0.002187       -0.489343       0.554588       0.554588
         10       0.002187       -0.554588       0.619834       0.619834
         11       0.002187       -0.619834       0.685080       0.685080
         12       0.002187       -0.685080       0.750325       0.750325
         13       0.002187       -0.750325       0.815571       0.815571
         14       0.002187       -0.815571       0.880817       0.880817
         15       0.002187        0.032623       0.032623       0.163114
         16       0.004373       -0.032623       0.097869       0.228360
         17       0.004373       -0.097869       0.163114       0.293606
         18       0.004373       -0.163114       0.228360       0.358851
         19       0.004373       -0.228360       0.293606       0.424097
         20       0.004373       -0.293606       0.358851       0.489343
         21       0.004373       -0.358851       0.424097       0.554588
         22       0.004373       -0.424097       0.489343       0.619834
         23       0.004373       -0.489343       0.554588       0.685080
         24       0.004373       -0.554588       0.619834       0.750325
         25       0.004373       -0.619834       0.685080       0.815571
         26       0.004373       -0.685080       0.750325       0.880817
         27       0.004373       -0.750325       0.815571       0.946062
         28       0.002187        0.032623       0.032623       0.293606
         29       0.004373       -0.032623       0.097869       0.358851
         30       0.004373       -0.097869       0.163114       0.424097
         31       0.004373       -0.163114       0.228360       0.489343
         32       0.004373       -0.228360       0.293606       0.554588
         33       0.004373       -0.293606       0.358851       0.619834
         34       0.004373       -0.358851       0.424097       0.685080
         35       0.004373       -0.424097       0.489343       0.750325
         36       0.004373       -0.489343       0.554588       0.815571
         37       0.004373       -0.554588       0.619834       0.880817
         38       0.004373       -0.619834       0.685080       0.946062
         39       0.004373       -0.685080       0.750325       1.011308
         40       0.002187        0.032623       0.032623       0.424097
         41       0.004373       -0.032623       0.097869       0.489343
         42       0.004373       -0.097869       0.163114       0.554588
         43       0.004373       -0.163114       0.228360       0.619834
         44       0.004373       -0.228360       0.293606       0.685080
         45       0.004373       -0.293606       0.358851       0.750325
         46       0.004373       -0.358851       0.424097       0.815571
         47       0.004373       -0.424097       0.489343       0.880817
         48       0.004373       -0.489343       0.554588       0.946062
         49       0.004373       -0.554588       0.619834       1.011308
         50       0.004373       -0.619834       0.685080       1.076554
         51       0.002187        0.032623       0.032623       0.554588
         52       0.004373       -0.032623       0.097869       0.619834
         53       0.004373       -0.097869       0.163114       0.685080
         54       0.004373       -0.163114       0.228360       0.750325
         55       0.004373       -0.228360       0.293606       0.815571
         56       0.004373       -0.293606       0.358851       0.880817
         57       0.004373       -0.358851       0.424097       0.946062
         58       0.004373       -0.424097       0.489343       1.011308
         59       0.004373       -0.489343       0.554588       1.076554
         60       0.004373       -0.554588       0.619834       1.141799
         61       0.002187        0.032623       0.032623       0.685080
         62       0.004373       -0.032623       0.097869       0.750325
         63       0.004373       -0.097869       0.163114       0.815571
         64       0.004373       -0.163114       0.228360       0.880817
         65       0.004373       -0.228360       0.293606       0.946062
         66       0.004373       -0.293606       0.358851       1.011308
         67       0.004373       -0.358851       0.424097       1.076554
         68       0.004373       -0.424097       0.489343       1.141799
         69       0.004373       -0.489343       0.554588       1.207045
         70       0.002187        0.032623       0.032623       0.815571
         71       0.004373       -0.032623       0.097869       0.880817
         72       0.004373       -0.097869       0.163114       0.946062
         73       0.004373       -0.163114       0.228360       1.011308
         74       0.004373       -0.228360       0.293606       1.076554
         75       0.004373       -0.293606       0.358851       1.141799
         76       0.004373       -0.358851       0.424097       1.207045
         77       0.004373       -0.424097       0.489343       1.272291
         78       0.002187        0.032623       0.032623       0.946062
         79       0.004373       -0.032623       0.097869       1.011308
         80       0.004373       -0.097869       0.163114       1.076554
         81       0.004373       -0.163114       0.228360       1.141799
         82       0.004373       -0.228360       0.293606       1.207045
         83       0.004373       -0.293606       0.358851       1.272291
         84       0.002187        0.032623       0.032623       1.076554
         85       0.004373       -0.032623       0.097869       1.141799
         86       0.004373       -0.097869       0.163114       1.207045
         87       0.004373       -0.163114       0.228360       1.272291
         88       0.004373       -0.228360       0.293606       1.337536
         89       0.002187        0.032623       0.032623       1.207045
         90       0.004373       -0.032623       0.097869       1.272291
         91       0.004373       -0.097869       0.163114       1.337536
         92       0.004373       -0.163114       0.228360       1.402782
         93       0.002187        0.032623       0.032623       1.337536
         94       0.004373       -0.032623       0.097869       1.402782
         95       0.004373       -0.097869       0.163114       1.468028
         96       0.002187        0.032623       0.032623       1.468028
         97       0.004373       -0.032623       0.097869       1.533274
         98       0.002187        0.032623       0.032623       1.598519
         99       0.000729        0.097869       0.097869       0.097869
        100       0.002187        0.032623       0.163114       0.163114
        101       0.002187       -0.032623       0.228360       0.228360
        102       0.002187       -0.097869       0.293606       0.293606
        103       0.002187       -0.163114       0.358851       0.358851
        104       0.002187       -0.228360       0.424097       0.424097
        105       0.002187       -0.293606       0.489343       0.489343
        106       0.002187       -0.358851       0.554588       0.554588
        107       0.002187       -0.424097       0.619834       0.619834
        108       0.002187       -0.489343       0.685080       0.685080
        109       0.002187       -0.554588       0.750325       0.750325
        110       0.002187       -0.619834       0.815571       0.815571
        111       0.002187        0.097869       0.097869       0.228360
        112       0.004373        0.032623       0.163114       0.293606
        113       0.004373       -0.032623       0.228360       0.358851
        114       0.004373       -0.097869       0.293606       0.424097
        115       0.004373       -0.163114       0.358851       0.489343
        116       0.004373       -0.228360       0.424097       0.554588
        117       0.004373       -0.293606       0.489343       0.619834
        118       0.004373       -0.358851       0.554588       0.685080
        119       0.004373       -0.424097       0.619834       0.750325
        120       0.004373       -0.489343       0.685080       0.815571
        121       0.004373       -0.554588       0.750325       0.880817
        122       0.002187        0.097869       0.097869       0.358851
        123       0.004373        0.032623       0.163114       0.424097
        124       0.004373       -0.032623       0.228360       0.489343
        125       0.004373       -0.097869       0.293606       0.554588
        126       0.004373       -0.163114       0.358851       0.619834
        127       0.004373       -0.228360       0.424097       0.685080
        128       0.004373       -0.293606       0.489343       0.750325
        129       0.004373       -0.358851       0.554588       0.815571
        130       0.004373       -0.424097       0.619834       0.880817
        131       0.004373       -0.489343       0.685080       0.946062
        132       0.002187        0.097869       0.097869       0.489343
        133       0.004373        0.032623       0.163114       0.554588
        134       0.004373       -0.032623       0.228360       0.619834
        135       0.004373       -0.097869       0.293606       0.685080
        136       0.004373       -0.163114       0.358851       0.750325
        137       0.004373       -0.228360       0.424097       0.815571
        138       0.004373       -0.293606       0.489343       0.880817
        139       0.004373       -0.358851       0.554588       0.946062
        140       0.004373       -0.424097       0.619834       1.011308
        141       0.002187        0.097869       0.097869       0.619834
        142       0.004373        0.032623       0.163114       0.685080
        143       0.004373       -0.032623       0.228360       0.750325
        144       0.004373       -0.097869       0.293606       0.815571
        145       0.004373       -0.163114       0.358851       0.880817
        146       0.004373       -0.228360       0.424097       0.946062
        147       0.004373       -0.293606       0.489343       1.011308
        148       0.004373       -0.358851       0.554588       1.076554
        149       0.002187        0.097869       0.097869       0.750325
        150       0.004373        0.032623       0.163114       0.815571
        151       0.004373       -0.032623       0.228360       0.880817
        152       0.004373       -0.097869       0.293606       0.946062
        153       0.004373       -0.163114       0.358851       1.011308
        154       0.004373       -0.228360       0.424097       1.076554
        155       0.004373       -0.293606       0.489343       1.141799
        156       0.002187        0.097869       0.097869       0.880817
        157       0.004373        0.032623       0.163114       0.946062
        158       0.004373       -0.032623       0.228360       1.011308
        159       0.004373       -0.097869       0.293606       1.076554
        160       0.004373       -0.163114       0.358851       1.141799
        161       0.002187        0.097869       0.097869       1.011308
        162       0.004373        0.032623       0.163114       1.076554
        163       0.004373       -0.032623       0.228360       1.141799
        164       0.004373       -0.097869       0.293606       1.207045
        165       0.002187        0.097869       0.097869       1.141799
        166       0.004373        0.032623       0.163114       1.207045
        167       0.004373       -0.032623       0.228360       1.272291
        168       0.002187        0.097869       0.097869       1.272291
        169       0.004373        0.032623       0.163114       1.337536
        170       0.002187        0.097869       0.097869       1.402782
        171       0.000729        0.163114       0.163114       0.163114
        172       0.002187        0.097869       0.228360       0.228360
        173       0.002187        0.032623       0.293606       0.293606
        174       0.002187       -0.032623       0.358851       0.358851
        175       0.002187       -0.097869       0.424097       0.424097
        176       0.002187       -0.163114       0.489343       0.489343
        177       0.002187       -0.228360       0.554588       0.554588
        178       0.002187       -0.293606       0.619834       0.619834
        179       0.002187       -0.358851       0.685080       0.685080
        180       0.002187       -0.424097       0.750325       0.750325
        181       0.002187        0.163114       0.163114       0.293606
        182       0.004373        0.097869       0.228360       0.358851
        183       0.004373        0.032623       0.293606       0.424097
        184       0.004373       -0.032623       0.358851       0.489343
        185       0.004373       -0.097869       0.424097       0.554588
        186       0.004373       -0.163114       0.489343       0.619834
        187       0.004373       -0.228360       0.554588       0.685080
        188       0.004373       -0.293606       0.619834       0.750325
        189       0.004373       -0.358851       0.685080       0.815571
        190       0.002187        0.163114       0.163114       0.424097
        191       0.004373        0.097869       0.228360       0.489343
        192       0.004373        0.032623       0.293606       0.554588
        193       0.004373       -0.032623       0.358851       0.619834
        194       0.004373       -0.097869       0.424097       0.685080
        195       0.004373       -0.163114       0.489343       0.750325
        196       0.004373       -0.228360       0.554588       0.815571
        197       0.004373       -0.293606       0.619834       0.880817
        198       0.002187        0.163114       0.163114       0.554588
        199       0.004373        0.097869       0.228360       0.619834
        200       0.004373        0.032623       0.293606       0.685080
        201       0.004373       -0.032623       0.358851       0.750325
        202       0.004373       -0.097869       0.424097       0.815571
        203       0.004373       -0.163114       0.489343       0.880817
        204       0.004373       -0.228360       0.554588       0.946062
        205       0.002187        0.163114       0.163114       0.685080
        206       0.004373        0.097869       0.228360       0.750325
        207       0.004373        0.032623       0.293606       0.815571
        208       0.004373       -0.032623       0.358851       0.880817
        209       0.004373       -0.097869       0.424097       0.946062
        210       0.004373       -0.163114       0.489343       1.011308
        211       0.002187        0.163114       0.163114       0.815571
        212       0.004373        0.097869       0.228360       0.880817
        213       0.004373        0.032623       0.293606       0.946062
        214       0.004373       -0.032623       0.358851       1.011308
        215       0.002187        0.163114       0.163114       0.946062
        216       0.004373        0.097869       0.228360       1.011308
        217       0.004373        0.032623       0.293606       1.076554
        218       0.002187        0.163114       0.163114       1.076554
        219       0.004373        0.097869       0.228360       1.141799
        220       0.002187        0.163114       0.163114       1.207045
        221       0.000729        0.228360       0.228360       0.228360
        222       0.002187        0.163114       0.293606       0.293606
        223       0.002187        0.097869       0.358851       0.358851
        224       0.002187        0.032623       0.424097       0.424097
        225       0.002187       -0.032623       0.489343       0.489343
        226       0.002187       -0.097869       0.554588       0.554588
        227       0.002187       -0.163114       0.619834       0.619834
        228       0.002187       -0.228360       0.685080       0.685080
        229       0.002187        0.228360       0.228360       0.358851
        230       0.004373        0.163114       0.293606       0.424097
        231       0.004373        0.097869       0.358851       0.489343
        232       0.004373        0.032623       0.424097       0.554588
        233       0.004373       -0.032623       0.489343       0.619834
        234       0.004373       -0.097869       0.554588       0.685080
        235       0.004373       -0.163114       0.619834       0.750325
        236       0.002187        0.228360       0.228360       0.489343
        237       0.004373        0.163114       0.293606       0.554588
        238       0.004373        0.097869       0.358851       0.619834
        239       0.004373        0.032623       0.424097       0.685080
        240       0.004373       -0.032623       0.489343       0.750325
        241       0.004373       -0.097869       0.554588       0.815571
        242       0.002187        0.228360       0.228360       0.619834
        243       0.004373        0.163114       0.293606       0.685080
        244       0.004373        0.097869       0.358851       0.750325
        245       0.004373        0.032623       0.424097       0.815571
        246       0.004373       -0.032623       0.489343       0.880817
        247       0.002187        0.228360       0.228360       0.750325
        248       0.004373        0.163114       0.293606       0.815571
        249       0.004373        0.097869       0.358851       0.880817
        250       0.002187        0.228360       0.228360       0.880817
        251       0.004373        0.163114       0.293606       0.946062
        252       0.002187        0.228360       0.228360       1.011308
        253       0.000729        0.293606       0.293606       0.293606
        254       0.002187        0.228360       0.358851       0.358851
        255       0.002187        0.163114       0.424097       0.424097
        256       0.002187        0.097869       0.489343       0.489343
        257       0.002187        0.032623       0.554588       0.554588
        258       0.002187       -0.032623       0.619834       0.619834
        259       0.002187        0.293606       0.293606       0.424097
        260       0.004373        0.228360       0.358851       0.489343
        261       0.004373        0.163114       0.424097       0.554588
        262       0.004373        0.097869       0.489343       0.619834
        263       0.004373        0.032623       0.554588       0.685080
        264       0.002187        0.293606       0.293606       0.554588
        265       0.004373        0.228360       0.358851       0.619834
        266       0.004373        0.163114       0.424097       0.685080
        267       0.004373        0.097869       0.489343       0.750325
        268       0.002187        0.293606       0.293606       0.685080
        269       0.004373        0.228360       0.358851       0.750325
        270       0.002187        0.293606       0.293606       0.815571
        271       0.000729        0.358851       0.358851       0.358851
        272       0.002187        0.293606       0.424097       0.424097
        273       0.002187        0.228360       0.489343       0.489343
        274       0.002187        0.163114       0.554588       0.554588
        275       0.002187        0.358851       0.358851       0.489343
        276       0.004373        0.293606       0.424097       0.554588
        277       0.004373        0.228360       0.489343       0.619834
        278       0.002187        0.358851       0.358851       0.619834
        279       0.000729        0.424097       0.424097       0.424097
        280       0.002187        0.358851       0.489343       0.489343
 ***********************************************************************
 *I* TOTAL NUMBER OF DEGREES OF FREEDOM :     0
     
 NEIBRD =       1331
 KID  KNX  KNY  KNZ  KNL  KNM  KNN  =   21   10   10   10   20   20   20
 KIDP KNXP KNYP KNZP KNLP KNMP KNNP =   33   16   16   16   32   32   32
 NUMBER OF GENERATED VECTORS KNG,KNGP =      2421     10969
 KFFT KFFTP =      16800     67584
 IOPT IOPTP =          1         1

 ************************* SYMMETRY OPERATION **************************
                   Rc              tc               Rp             tp
         1.0000  0.0000  0.0000  0.0000   1.0000  0.0000  0.0000  0.0000
 nr.  1  0.0000  1.0000  0.0000  0.0000   0.0000  1.0000  0.0000  0.0000
         0.0000  0.0000  1.0000  0.0000   0.0000  0.0000  1.0000  0.0000

        -1.0000  0.0000  0.0000  0.0000  -1.0000  0.0000  0.0000  0.0000
 nr.  2  0.0000 -1.0000  0.0000  0.0000   0.0000 -1.0000  0.0000  0.0000
         0.0000  0.0000 -1.0000  0.0000   0.0000  0.0000 -1.0000  0.0000

         1.0000  0.0000  0.0000  0.0000   0.0000 -1.0000  1.0000  0.0000
 nr.  3  0.0000  0.0000 -1.0000  0.0000   0.0000  0.0000  1.0000  0.0000
         0.0000  1.0000  0.0000  0.0000  -1.0000  0.0000  1.0000  0.0000

         0.0000  0.0000  1.0000  0.0000   0.0000  0.0000  1.0000  0.0000
 nr.  4  1.0000  0.0000  0.0000  0.0000   1.0000  0.0000  0.0000  0.0000
         0.0000  1.0000  0.0000  0.0000   0.0000  1.0000  0.0000  0.0000

        -1.0000  0.0000  0.0000  0.0000   0.0000  1.0000 -1.0000  0.0000
 nr.  5  0.0000  0.0000  1.0000  0.0000   0.0000  0.0000 -1.0000  0.0000
         0.0000 -1.0000  0.0000  0.0000   1.0000  0.0000 -1.0000  0.0000

         0.0000  0.0000 -1.0000  0.0000   0.0000  0.0000 -1.0000  0.0000
 nr.  6 -1.0000  0.0000  0.0000  0.0000  -1.0000  0.0000  0.0000  0.0000
         0.0000 -1.0000  0.0000  0.0000   0.0000 -1.0000  0.0000  0.0000

         1.0000  0.0000  0.0000  0.0000  -1.0000  0.0000  0.0000  0.0000
 nr.  7  0.0000 -1.0000  0.0000  0.0000  -1.0000  0.0000  1.0000  0.0000
         0.0000  0.0000 -1.0000  0.0000  -1.0000  1.0000  0.0000  0.0000

         0.0000  0.0000  1.0000  0.0000  -1.0000  1.0000  0.0000  0.0000
 nr.  8  0.0000 -1.0000  0.0000  0.0000   0.0000  1.0000  0.0000  0.0000
         1.0000  0.0000  0.0000  0.0000   0.0000  1.0000 -1.0000  0.0000

         0.0000  1.0000  0.0000  0.0000  -1.0000  0.0000  1.0000  0.0000
 nr.  9  1.0000  0.0000  0.0000  0.0000   0.0000 -1.0000  1.0000  0.0000
         0.0000  0.0000 -1.0000  0.0000   0.0000  0.0000  1.0000  0.0000

         0.0000  1.0000  0.0000  0.0000   0.0000  1.0000  0.0000  0.0000
 nr. 10  0.0000  0.0000  1.0000  0.0000   0.0000  0.0000  1.0000  0.0000
         1.0000  0.0000  0.0000  0.0000   1.0000  0.0000  0.0000  0.0000

        -1.0000  0.0000  0.0000  0.0000   1.0000  0.0000  0.0000  0.0000
 nr. 11  0.0000  1.0000  0.0000  0.0000   1.0000  0.0000 -1.0000  0.0000
         0.0000  0.0000  1.0000  0.0000   1.0000 -1.0000  0.0000  0.0000

         0.0000  0.0000 -1.0000  0.0000   1.0000 -1.0000  0.0000  0.0000
 nr. 12  0.0000  1.0000  0.0000  0.0000   0.0000 -1.0000  0.0000  0.0000
        -1.0000  0.0000  0.0000  0.0000   0.0000 -1.0000  1.0000  0.0000

         0.0000 -1.0000  0.0000  0.0000   1.0000  0.0000 -1.0000  0.0000
 nr. 13 -1.0000  0.0000  0.0000  0.0000   0.0000  1.0000 -1.0000  0.0000
         0.0000  0.0000  1.0000  0.0000   0.0000  0.0000 -1.0000  0.0000

         0.0000 -1.0000  0.0000  0.0000   0.0000 -1.0000  0.0000  0.0000
 nr. 14  0.0000  0.0000 -1.0000  0.0000   0.0000  0.0000 -1.0000  0.0000
        -1.0000  0.0000  0.0000  0.0000  -1.0000  0.0000  0.0000  0.0000

         1.0000  0.0000  0.0000  0.0000   0.0000  1.0000 -1.0000  0.0000
 nr. 15  0.0000  0.0000  1.0000  0.0000  -1.0000  1.0000  0.0000  0.0000
         0.0000 -1.0000  0.0000  0.0000   0.0000  1.0000  0.0000  0.0000

         0.0000  0.0000  1.0000  0.0000   0.0000  0.0000 -1.0000  0.0000
 nr. 16 -1.0000  0.0000  0.0000  0.0000   0.0000  1.0000 -1.0000  0.0000
         0.0000 -1.0000  0.0000  0.0000   1.0000  0.0000 -1.0000  0.0000

         0.0000  1.0000  0.0000  0.0000   1.0000  0.0000 -1.0000  0.0000
 nr. 17 -1.0000  0.0000  0.0000  0.0000   1.0000  0.0000  0.0000  0.0000
         0.0000  0.0000  1.0000  0.0000   1.0000 -1.0000  0.0000  0.0000

         0.0000  0.0000 -1.0000  0.0000  -1.0000  1.0000  0.0000  0.0000
 nr. 18  1.0000  0.0000  0.0000  0.0000  -1.0000  0.0000  0.0000  0.0000
         0.0000 -1.0000  0.0000  0.0000  -1.0000  0.0000  1.0000  0.0000

         0.0000  0.0000 -1.0000  0.0000   0.0000  0.0000  1.0000  0.0000
 nr. 19  0.0000  1.0000  0.0000  0.0000  -1.0000  0.0000  1.0000  0.0000
         1.0000  0.0000  0.0000  0.0000   0.0000 -1.0000  1.0000  0.0000

        -1.0000  0.0000  0.0000  0.0000   0.0000 -1.0000  1.0000  0.0000
 nr. 20  0.0000  0.0000 -1.0000  0.0000   1.0000 -1.0000  0.0000  0.0000
         0.0000  1.0000  0.0000  0.0000   0.0000 -1.0000  0.0000  0.0000

         0.0000  0.0000 -1.0000  0.0000   0.0000  0.0000  1.0000  0.0000
 nr. 21  1.0000  0.0000  0.0000  0.0000   0.0000 -1.0000  1.0000  0.0000
         0.0000  1.0000  0.0000  0.0000  -1.0000  0.0000  1.0000  0.0000

         0.0000 -1.0000  0.0000  0.0000  -1.0000  0.0000  1.0000  0.0000
 nr. 22  1.0000  0.0000  0.0000  0.0000  -1.0000  0.0000  0.0000  0.0000
         0.0000  0.0000 -1.0000  0.0000  -1.0000  1.0000  0.0000  0.0000

         0.0000  0.0000  1.0000  0.0000   1.0000 -1.0000  0.0000  0.0000
 nr. 23 -1.0000  0.0000  0.0000  0.0000   1.0000  0.0000  0.0000  0.0000
         0.0000  1.0000  0.0000  0.0000   1.0000  0.0000 -1.0000  0.0000

         0.0000  0.0000  1.0000  0.0000   0.0000  0.0000 -1.0000  0.0000
 nr. 24  0.0000 -1.0000  0.0000  0.0000   1.0000  0.0000 -1.0000  0.0000
        -1.0000  0.0000  0.0000  0.0000   0.0000  1.0000 -1.0000  0.0000

         0.0000  0.0000  1.0000  0.0000   1.0000 -1.0000  0.0000  0.0000
 nr. 25  0.0000  1.0000  0.0000  0.0000   1.0000  0.0000 -1.0000  0.0000
        -1.0000  0.0000  0.0000  0.0000   1.0000  0.0000  0.0000  0.0000

         0.0000  1.0000  0.0000  0.0000   0.0000 -1.0000  0.0000  0.0000
 nr. 26  0.0000  0.0000 -1.0000  0.0000   1.0000 -1.0000  0.0000  0.0000
        -1.0000  0.0000  0.0000  0.0000   0.0000 -1.0000  1.0000  0.0000

         0.0000  0.0000 -1.0000  0.0000   1.0000 -1.0000  0.0000  0.0000
 nr. 27 -1.0000  0.0000  0.0000  0.0000   0.0000 -1.0000  1.0000  0.0000
         0.0000  1.0000  0.0000  0.0000   0.0000 -1.0000  0.0000  0.0000

         0.0000 -1.0000  0.0000  0.0000   0.0000  1.0000  0.0000  0.0000
 nr. 28  1.0000  0.0000  0.0000  0.0000   0.0000  1.0000 -1.0000  0.0000
         0.0000  0.0000  1.0000  0.0000  -1.0000  1.0000  0.0000  0.0000

         0.0000 -1.0000  0.0000  0.0000   1.0000  0.0000 -1.0000  0.0000
 nr. 29  0.0000  0.0000  1.0000  0.0000   0.0000  0.0000 -1.0000  0.0000
        -1.0000  0.0000  0.0000  0.0000   0.0000  1.0000 -1.0000  0.0000

         0.0000 -1.0000  0.0000  0.0000  -1.0000  0.0000  1.0000  0.0000
 nr. 30  0.0000  0.0000 -1.0000  0.0000  -1.0000  1.0000  0.0000  0.0000
         1.0000  0.0000  0.0000  0.0000  -1.0000  0.0000  0.0000  0.0000

         0.0000  0.0000 -1.0000  0.0000  -1.0000  1.0000  0.0000  0.0000
 nr. 31  0.0000 -1.0000  0.0000  0.0000  -1.0000  0.0000  1.0000  0.0000
         1.0000  0.0000  0.0000  0.0000  -1.0000  0.0000  0.0000  0.0000

         0.0000 -1.0000  0.0000  0.0000   0.0000  1.0000  0.0000  0.0000
 nr. 32  0.0000  0.0000  1.0000  0.0000  -1.0000  1.0000  0.0000  0.0000
         1.0000  0.0000  0.0000  0.0000   0.0000  1.0000 -1.0000  0.0000

         0.0000  0.0000  1.0000  0.0000  -1.0000  1.0000  0.0000  0.0000
 nr. 33  1.0000  0.0000  0.0000  0.0000   0.0000  1.0000 -1.0000  0.0000
         0.0000 -1.0000  0.0000  0.0000   0.0000  1.0000  0.0000  0.0000

         0.0000  1.0000  0.0000  0.0000   0.0000 -1.0000  0.0000  0.0000
 nr. 34 -1.0000  0.0000  0.0000  0.0000   0.0000 -1.0000  1.0000  0.0000
         0.0000  0.0000 -1.0000  0.0000   1.0000 -1.0000  0.0000  0.0000

         0.0000  1.0000  0.0000  0.0000  -1.0000  0.0000  1.0000  0.0000
 nr. 35  0.0000  0.0000 -1.0000  0.0000   0.0000  0.0000  1.0000  0.0000
         1.0000  0.0000  0.0000  0.0000   0.0000 -1.0000  1.0000  0.0000

         0.0000  1.0000  0.0000  0.0000   1.0000  0.0000 -1.0000  0.0000
 nr. 36  0.0000  0.0000  1.0000  0.0000   1.0000 -1.0000  0.0000  0.0000
        -1.0000  0.0000  0.0000  0.0000   1.0000  0.0000  0.0000  0.0000

         0.0000  0.0000 -1.0000  0.0000   0.0000  0.0000 -1.0000  0.0000
 nr. 37  0.0000 -1.0000  0.0000  0.0000   0.0000 -1.0000  0.0000  0.0000
        -1.0000  0.0000  0.0000  0.0000  -1.0000  0.0000  0.0000  0.0000

         0.0000 -1.0000  0.0000  0.0000   0.0000 -1.0000  0.0000  0.0000
 nr. 38 -1.0000  0.0000  0.0000  0.0000  -1.0000  0.0000  0.0000  0.0000
         0.0000  0.0000 -1.0000  0.0000   0.0000  0.0000 -1.0000  0.0000

        -1.0000  0.0000  0.0000  0.0000   1.0000  0.0000  0.0000  0.0000
 nr. 39  0.0000  0.0000  1.0000  0.0000   1.0000 -1.0000  0.0000  0.0000
         0.0000  1.0000  0.0000  0.0000   1.0000  0.0000 -1.0000  0.0000

        -1.0000  0.0000  0.0000  0.0000   0.0000 -1.0000  1.0000  0.0000
 nr. 40  0.0000  1.0000  0.0000  0.0000   0.0000 -1.0000  0.0000  0.0000
         0.0000  0.0000 -1.0000  0.0000   1.0000 -1.0000  0.0000  0.0000

        -1.0000  0.0000  0.0000  0.0000   0.0000  1.0000 -1.0000  0.0000
 nr. 41  0.0000 -1.0000  0.0000  0.0000   1.0000  0.0000 -1.0000  0.0000
         0.0000  0.0000  1.0000  0.0000   0.0000  0.0000 -1.0000  0.0000

         0.0000  0.0000  1.0000  0.0000   0.0000  0.0000  1.0000  0.0000
 nr. 42  0.0000  1.0000  0.0000  0.0000   0.0000  1.0000  0.0000  0.0000
         1.0000  0.0000  0.0000  0.0000   1.0000  0.0000  0.0000  0.0000

         0.0000  1.0000  0.0000  0.0000   0.0000  1.0000  0.0000  0.0000
 nr. 43  1.0000  0.0000  0.0000  0.0000   1.0000  0.0000  0.0000  0.0000
         0.0000  0.0000  1.0000  0.0000   0.0000  0.0000  1.0000  0.0000

         1.0000  0.0000  0.0000  0.0000  -1.0000  0.0000  0.0000  0.0000
 nr. 44  0.0000  0.0000 -1.0000  0.0000  -1.0000  1.0000  0.0000  0.0000
         0.0000 -1.0000  0.0000  0.0000  -1.0000  0.0000  1.0000  0.0000

         1.0000  0.0000  0.0000  0.0000   0.0000  1.0000 -1.0000  0.0000
 nr. 45  0.0000 -1.0000  0.0000  0.0000   0.0000  1.0000  0.0000  0.0000
         0.0000  0.0000  1.0000  0.0000  -1.0000  1.0000  0.0000  0.0000

         1.0000  0.0000  0.0000  0.0000   0.0000 -1.0000  1.0000  0.0000
 nr. 46  0.0000  1.0000  0.0000  0.0000  -1.0000  0.0000  1.0000  0.0000
         0.0000  0.0000 -1.0000  0.0000   0.0000  0.0000  1.0000  0.0000

        -1.0000  0.0000  0.0000  0.0000  -1.0000  0.0000  0.0000  0.0000
 nr. 47  0.0000  0.0000 -1.0000  0.0000   0.0000  0.0000 -1.0000  0.0000
         0.0000 -1.0000  0.0000  0.0000   0.0000 -1.0000  0.0000  0.0000

         1.0000  0.0000  0.0000  0.0000   1.0000  0.0000  0.0000  0.0000
 nr. 48  0.0000  0.0000  1.0000  0.0000   0.0000  0.0000  1.0000  0.0000
         0.0000  1.0000  0.0000  0.0000   0.0000  1.0000  0.0000  0.0000
 ***********************************************************************
  
           ===================================================
           ===       MPI PARALLELIZATION INFORMATION       ===
           ===================================================
           === TOTAL NUMBER OF K-POINTS          :     280 ===
           === K-POINT DIVISOR                   :       8 ===
           === TOTAL NUMBER OF BANDS             :      16 ===
           === BAND DIVISOR                      :       2 ===
           === TOTAL NUMBER OF G-VECTORS         :     307 ===
           === G-VECTOR DIVISOR                  :       1 ===
           ===================================================

 ***********************************************************************
                               ALLOCATION 
 ***********************************************************************
  NCPU  KNGP_FFT      KNGP       KNG     KNG1      KEG     KATM    KATM2
     0      1061       685       151      154        8        0        0
     1      1041       685       151      153        8        0        0
     2       965       685       151      154        8        0        0
     3       877       685       151      153        8        0        0
     4       745       685       151      154        8        0        0
     5       569       685       151      153        8        0        0
     6       369       685       151      154        8        0        0
     7       125       686       151      153        8        0        0
     8        30       686       151      154        8        0        0
     9       251       686       151      153        8        0        0
    10       471       686       151      154        8        0        0
    11       665       686       152      153        8        0        0
    12       817       686       152      154        8        0        0
    13       929       686       152      153        8        0        0
    14      1001       686       152      154        8        0        0
    15      1053       686       152      153        8        1        1
 -----------------------------------------------------------------------
  NCPU    KFFTPM     KFFTP    KFFTP2     KFFT    KMESH     KNMP     KNNP
     0      4224      4224      2112     1050       93        2        2
     1      4224      4224      2112     1050       93        2        2
     2      4224      4224      2112     1050       93        2        2
     3      4224      4224      2112     1050       94        2        2
     4      4224      4224      2112     1050       94        2        2
     5      4224      4224      2112     1050       94        2        2
     6      4224      4224      2112     1050       94        2        2
     7      4224      4224      2112     1050       94        2        2
     8      4224      4224      2112     1050       94        2        2
     9      4224      4224      2112     1050       94        2        2
    10      4224      4224      2112     1050       94        2        2
    11      4224      4224      2112     1050       94        2        2
    12      4224      4224      2112     1050       94        2        2
    13      4224      4224      2112     1050       94        2        2
    14      4224      4224      2112     1050       94        2        2
    15      4224      4224      2112     1050       94        2        2
 ***********************************************************************
                            END OF ALLOCATION 
 ***********************************************************************

 ********   <<  Reading Potential >>  ******** 
 F_POT(01) = pot.Cu_pbe1
 29.0000 11.0000  6      1          : NATOMN IVAL ILOC ITPCC
 ggapbe                             : XCTYPE
  7.5900  3.0200  2.6959 -1.6959    : ALP CC
 1501    96.0000 60.0000            : NMESH XH RMAX
 VALL is read from unit 37
    1   2   1                       : IL ITAU(IL1) IVAN(IL1)
    2   2   1                       : IL ITAU(IL1) IVAN(IL1)
    3   2   1                       : IL ITAU(IL1) IVAN(IL1)
    1   1   1   1   1   1  1135   8 : MM L1 T1 L2 T2 L3 NRC MORD
    2   1   1   1   2   1  1135   8 : MM L1 T1 L2 T2 L3 NRC MORD
    3   1   1   2   1   2  1135   8 : MM L1 T1 L2 T2 L3 NRC MORD
    4   1   1   2   2   2  1135   8 : MM L1 T1 L2 T2 L3 NRC MORD
    5   1   1   3   1   3  1135   8 : MM L1 T1 L2 T2 L3 NRC MORD
    6   1   1   3   2   3  1135   8 : MM L1 T1 L2 T2 L3 NRC MORD
    7   1   2   1   2   1  1135   8 : MM L1 T1 L2 T2 L3 NRC MORD
    8   1   2   2   1   2  1135   8 : MM L1 T1 L2 T2 L3 NRC MORD
    9   1   2   2   2   2  1135   8 : MM L1 T1 L2 T2 L3 NRC MORD
   10   1   2   3   1   3  1135   8 : MM L1 T1 L2 T2 L3 NRC MORD
   11   1   2   3   2   3  1135   8 : MM L1 T1 L2 T2 L3 NRC MORD
   12   2   1   2   1   1  1135   8 : MM L1 T1 L2 T2 L3 NRC MORD
   13   2   1   2   1   3  1135   8 : MM L1 T1 L2 T2 L3 NRC MORD
   14   2   1   2   2   1  1135   8 : MM L1 T1 L2 T2 L3 NRC MORD
   15   2   1   2   2   3  1135   8 : MM L1 T1 L2 T2 L3 NRC MORD
   16   2   1   3   1   2  1135   8 : MM L1 T1 L2 T2 L3 NRC MORD
   17   2   1   3   1   4  1135   8 : MM L1 T1 L2 T2 L3 NRC MORD
   18   2   1   3   2   2  1135   8 : MM L1 T1 L2 T2 L3 NRC MORD
   19   2   1   3   2   4  1135   8 : MM L1 T1 L2 T2 L3 NRC MORD
   20   2   2   2   2   1  1135   8 : MM L1 T1 L2 T2 L3 NRC MORD
   21   2   2   2   2   3  1135   8 : MM L1 T1 L2 T2 L3 NRC MORD
   22   2   2   3   1   2  1135   8 : MM L1 T1 L2 T2 L3 NRC MORD
   23   2   2   3   1   4  1135   8 : MM L1 T1 L2 T2 L3 NRC MORD
   24   2   2   3   2   2  1135   8 : MM L1 T1 L2 T2 L3 NRC MORD
   25   2   2   3   2   4  1135   8 : MM L1 T1 L2 T2 L3 NRC MORD
   26   3   1   3   1   1  1135   8 : MM L1 T1 L2 T2 L3 NRC MORD
   27   3   1   3   1   3  1127   8 : MM L1 T1 L2 T2 L3 NRC MORD
   28   3   1   3   1   5  1135   8 : MM L1 T1 L2 T2 L3 NRC MORD
   29   3   1   3   2   1  1135   8 : MM L1 T1 L2 T2 L3 NRC MORD
   30   3   1   3   2   3  1135   8 : MM L1 T1 L2 T2 L3 NRC MORD
   31   3   1   3   2   5  1135   8 : MM L1 T1 L2 T2 L3 NRC MORD
   32   3   2   3   2   1  1135   8 : MM L1 T1 L2 T2 L3 NRC MORD
   33   3   2   3   2   3  1135   8 : MM L1 T1 L2 T2 L3 NRC MORD
   34   3   2   3   2   5  1135   8 : MM L1 T1 L2 T2 L3 NRC MORD
 CHGPC  =   8.48851088
 TOTAL ENERGY CORRECTION FROM PS     =     0.4923571502D+00
 TOTAL PARTIAL CHARGE         SCHGPC =         8.4885108817
 TOTAL LOCALIZED CHARGE (QLCTOT)     =         0.0000000000
 KQITG =    34
 NUMBER OF BANDS SHOULD BE GREATER THAN 6
 KLMT  =    18
 KLMTT =    18
 KLMTA =    18
 TOTCH =      11.000000000000
 NX NY NZ  =   4   4   4
 NNEIB     =     729
 ALF       =    2.647574
 NEWLDG    =     137

 ***********************************************************************
 *                                                                     *
 *                              START SCF                              *
 *                                                                     *
 ***********************************************************************

  NSCF NADR            ETOTAL          EDEL          CDEL CONV      TCPU
     1    0      -59.12283733   0.59123E+02   0.13657E-01    0      0.73
     2    0      -59.53515252   0.41232E+00   0.51410E-01    0      0.39
     3    1      -59.76322962   0.22808E+00   0.84895E-02    0      0.39
     4    2      -59.76555794   0.23283E-02   0.33825E-02    1      0.40
     5    3      -59.76549840   0.59533E-04   0.85688E-03    2      0.39
     6    4      -59.76554138   0.42979E-04   0.49121E-03    2      0.39
     7    5      -59.76556208   0.20698E-04   0.14265E-04    3      0.39
     8    6      -59.76556210   0.14954E-07   0.48798E-05    3      0.38
     9    7      -59.76556210   0.80809E-09   0.16410E-05    3      0.39
    10    8      -59.76556210   0.20125E-09   0.54738E-06    3      0.39
    11    9      -59.76556210   0.22119E-10   0.46688E-07    4      0.39
    12   10      -59.76556210   0.16001E-10   0.36058E-07    5      0.39
    13   11      -59.76556210   0.18026E-10   0.71980E-08    6      0.39
 
                                   TOTAL CHARGE DENSITY =     10.9999997

                     TOTAL ENERGY AND ITS COMPONENTS 
                  TOTAL ENERGY     =         -59.76556210 A.U.
                KINETIC ENERGY     =           6.33433443 A.U.
                HARTREE ENERGY     =          16.07709911 A.U.
                     XC ENERGY     =         -19.86534041 A.U.
                  LOCAL ENERGY     =         -17.32625760 A.U.
               NONLOCAL ENERGY     =          -4.65972297 A.U.
                  EWALD ENERGY     =         -40.32567026 A.U.
                     PC ENERGY     =           0.00000000 A.U.
               ENTROPIC ENERGY     =          -0.00000438 A.U.

                                         FERMI ENERGY =      -0.04513204
 NKP=    1  NGP=       298  K=(  0.03262  0.03262  0.03262)  WKP= 0.0007
                              EIGEN VALUE 
 -0.38159 -0.15505 -0.15437 -0.15437 -0.12574 -0.12574  0.79957  0.85460
  0.87674  0.87674  0.97476  0.97476  0.99931  1.11098  1.26794  1.26794
                               OCCUPATION 
  1.00000  1.00000  1.00000  1.00000  1.00000  1.00000  0.00000  0.00000
  0.00000  0.00000  0.00000  0.00000  0.00000  0.00000  0.00000  0.00000
 NKP=    2  NGP=       302  K=( -0.03262  0.09787  0.09787)  WKP= 0.0022
                              EIGEN VALUE 
 -0.37264 -0.15699 -0.15286 -0.15251 -0.12718 -0.12544  0.72630  0.78801
  0.85503  0.88819  0.98084  1.01275  1.07911  1.15754  1.16854  1.24446
                               OCCUPATION 
  1.00000  1.00000  1.00000  1.00000  1.00000  1.00000  0.00000  0.00000
  0.00000  0.00000  0.00000  0.00000  0.00000  0.00000  0.00000  0.00000
 NKP=    3  NGP=       306  K=( -0.09787  0.16311  0.16311)  WKP= 0.0022
                              EIGEN VALUE 
 -0.35077 -0.16067 -0.14982 -0.14978 -0.12848 -0.12483  0.58805  0.75291
  0.84625  0.86193  1.01786  1.03935  1.08340  1.13387  1.16220  1.29343
                               OCCUPATION 
  1.00000  1.00000  1.00000  1.00000  1.00000  1.00000  0.00000  0.00000
  0.00000  0.00000  0.00000  0.00000  0.00000  0.00000  0.00000  0.00000
 NKP=    4  NGP=       301  K=( -0.16311  0.22836  0.22836)  WKP= 0.0022
                              EIGEN VALUE 
 -0.31772 -0.16387 -0.14886 -0.14835 -0.12666 -0.12150  0.45271  0.72804
  0.82737  0.83664  0.98969  1.00639  1.10136  1.13888  1.21281  1.36893
                               OCCUPATION 
  1.00000  1.00000  1.00000  1.00000  1.00000  1.00000  0.00000  0.00000
  0.00000  0.00000  0.00000  0.00000  0.00000  0.00000  0.00000  0.00000
 NKP=    5  NGP=       301  K=( -0.22836  0.29361  0.29361)  WKP= 0.0022
                              EIGEN VALUE 
 -0.27831 -0.16166 -0.15069 -0.15011 -0.12056 -0.11498  0.32695  0.71268
  0.80210  0.81624  0.92604  0.97760  1.07510  1.23781  1.30122  1.44557
                               OCCUPATION 
  1.00000  1.00000  1.00000  1.00000  1.00000  1.00000  0.00000  0.00000
  0.00000  0.00000  0.00000  0.00000  0.00000  0.00000  0.00000  0.00000
 NKP=    6  NGP=       295  K=( -0.29361  0.35885  0.35885)  WKP= 0.0022
                              EIGEN VALUE 
 -0.24497 -0.15356 -0.15292 -0.14398 -0.11318 -0.10672  0.21428  0.70763
  0.77785  0.79559  0.88523  0.94107  1.06904  1.34923  1.40421  1.53426
                               OCCUPATION 
  1.00000  1.00000  1.00000  1.00000  1.00000  1.00000  0.00000  0.00000
  0.00000  0.00000  0.00000  0.00000  0.00000  0.00000  0.00000  0.00000
 NKP=    7  NGP=       290  K=( -0.35885  0.42410  0.42410)  WKP= 0.0022
                              EIGEN VALUE 
 -0.22984 -0.15580 -0.15495 -0.11666 -0.10746 -0.08885  0.12349  0.71331
  0.76030  0.77022  0.87396  0.91122  1.06853  1.47062  1.51743  1.61209
                               OCCUPATION 
  1.00000  1.00000  1.00000  1.00000  1.00000  1.00000  0.00000  0.00000
  0.00000  0.00000  0.00000  0.00000  0.00000  0.00000  0.00000  0.00000
 NKP=    8  NGP=       293  K=( -0.42410  0.48934  0.48934)  WKP= 0.0022
                              EIGEN VALUE 
 -0.22715 -0.15653 -0.15541 -0.11213 -0.10515 -0.07205  0.09114  0.72807
  0.74712  0.75389  0.88649  0.89387  1.06806  1.53771  1.57946  1.62006
                               OCCUPATION 
  1.00000  1.00000  1.00000  1.00000  1.00000  1.00000  0.00000  0.00000
  0.00000  0.00000  0.00000  0.00000  0.00000  0.00000  0.00000  0.00000
 NKP=    9  NGP=       291  K=( -0.48934  0.55459  0.55459)  WKP= 0.0022
                              EIGEN VALUE 
 -0.23301 -0.15545 -0.15417 -0.12457 -0.10682 -0.09893  0.15009  0.73333
  0.74099  0.76890  0.89158  0.91630  1.06621  1.41549  1.50144  1.58606
                               OCCUPATION 
  1.00000  1.00000  1.00000  1.00000  1.00000  1.00000  0.00000  0.00000
  0.00000  0.00000  0.00000  0.00000  0.00000  0.00000  0.00000  0.00000
 NKP=   10  NGP=       295  K=( -0.55459  0.61983  0.61983)  WKP= 0.0022
                              EIGEN VALUE 
 -0.25433 -0.15290 -0.15244 -0.15172 -0.11323 -0.11182  0.25005  0.73101
  0.75069  0.80249  0.90621  0.96081  1.06332  1.30083  1.38572  1.49723
                               OCCUPATION 
  1.00000  1.00000  1.00000  1.00000  1.00000  1.00000  0.00000  0.00000
  0.00000  0.00000  0.00000  0.00000  0.00000  0.00000  0.00000  0.00000
 NKP=   11  NGP=       300  K=( -0.61983  0.68508  0.68508)  WKP= 0.0022
                              EIGEN VALUE 
 -0.29160 -0.16360 -0.14991 -0.14921 -0.12196 -0.11824  0.36760  0.74023
  0.76437  0.83956  0.93835  1.01846  1.06169  1.20029  1.28006  1.41403
                               OCCUPATION 
  1.00000  1.00000  1.00000  1.00000  1.00000  1.00000  0.00000  0.00000
  0.00000  0.00000  0.00000  0.00000  0.00000  0.00000  0.00000  0.00000
 NKP=   12  NGP=       301  K=( -0.68508  0.75033  0.75033)  WKP= 0.0022
                              EIGEN VALUE 
 -0.32978 -0.16317 -0.14868 -0.14850 -0.12754 -0.12327  0.49691  0.76056
  0.78204  0.87039  0.97944  1.06840  1.08423  1.12090  1.19098  1.34258
                               OCCUPATION 
  1.00000  1.00000  1.00000  1.00000  1.00000  1.00000  0.00000  0.00000
  0.00000  0.00000  0.00000  0.00000  0.00000  0.00000  0.00000  0.00000
 NKP=   13  NGP=       305  K=( -0.75033  0.81557  0.81557)  WKP= 0.0022
                              EIGEN VALUE 
 -0.35942 -0.15947 -0.15073 -0.15058 -0.12837 -0.12511  0.63464  0.79152
  0.80202  0.88639  0.99337  1.06965  1.08645  1.11339  1.18973  1.25492
                               OCCUPATION 
  1.00000  1.00000  1.00000  1.00000  1.00000  1.00000  0.00000  0.00000
  0.00000  0.00000  0.00000  0.00000  0.00000  0.00000  0.00000  0.00000
 NKP=   14  NGP=       303  K=( -0.81557  0.88082  0.88082)  WKP= 0.0022
                              EIGEN VALUE 
 -0.37710 -0.15625 -0.15342 -0.15335 -0.12690 -0.12524  0.76840  0.82590
  0.83210  0.87928  0.98280  1.02365  1.03831  1.12225  1.20388  1.27404
                               OCCUPATION 
  1.00000  1.00000  1.00000  1.00000  1.00000  1.00000  0.00000  0.00000
  0.00000  0.00000  0.00000  0.00000  0.00000  0.00000  0.00000  0.00000
 NKP=   15  NGP=       303  K=(  0.03262  0.03262  0.16311)  WKP= 0.0022
                              EIGEN VALUE 
 -0.36819 -0.15873 -0.15137 -0.15132 -0.12910 -0.12426  0.72899  0.78181
  0.79122  0.85549  1.02106  1.05681  1.08217  1.10503  1.21071  1.28643
                               OCCUPATION 
  1.00000  1.00000  1.00000  1.00000  1.00000  1.00000  0.00000  0.00000
  0.00000  0.00000  0.00000  0.00000  0.00000  0.00000  0.00000  0.00000
 NKP=   16  NGP=       302  K=( -0.03262  0.09787  0.22836)  WKP= 0.0044
                              EIGEN VALUE 
 -0.35071 -0.16245 -0.14848 -0.14821 -0.13155 -0.12289  0.64017  0.69905
  0.80189  0.86598  0.97049  1.04782  1.10615  1.19264  1.23843  1.30104
                               OCCUPATION 
  1.00000  1.00000  1.00000  1.00000  1.00000  1.00000  0.00000  0.00000
  0.00000  0.00000  0.00000  0.00000  0.00000  0.00000  0.00000  0.00000
 NKP=   17  NGP=       299  K=( -0.09787  0.16311  0.29361)  WKP= 0.0044
                              EIGEN VALUE 
 -0.32145 -0.16646 -0.14786 -0.14556 -0.13040 -0.11968  0.50385  0.66822
  0.78130  0.87477  0.94126  1.03765  1.10968  1.20265  1.25489  1.38787
                               OCCUPATION 
  1.00000  1.00000  1.00000  1.00000  1.00000  1.00000  0.00000  0.00000
  0.00000  0.00000  0.00000  0.00000  0.00000  0.00000  0.00000  0.00000
 NKP=   18  NGP=       298  K=( -0.16311  0.22836  0.35885)  WKP= 0.0044
                              EIGEN VALUE 
 -0.28389 -0.16785 -0.15106 -0.14613 -0.12274 -0.11319  0.37467  0.64935
  0.75871  0.81099  0.97936  1.02430  1.10183  1.19399  1.33197  1.47157
                               OCCUPATION 
  1.00000  1.00000  1.00000  1.00000  1.00000  1.00000  0.00000  0.00000
  0.00000  0.00000  0.00000  0.00000  0.00000  0.00000  0.00000  0.00000
 NKP=   19  NGP=       296  K=( -0.22836  0.29361  0.42410)  WKP= 0.0044
                              EIGEN VALUE 
 -0.24756 -0.16067 -0.15498 -0.14854 -0.11278 -0.10191  0.25682  0.64229
  0.72545  0.77054  0.96542  1.01796  1.11266  1.23614  1.42959  1.56374
                               OCCUPATION 
  1.00000  1.00000  1.00000  1.00000  1.00000  1.00000  0.00000  0.00000
  0.00000  0.00000  0.00000  0.00000  0.00000  0.00000  0.00000  0.00000
 NKP=   20  NGP=       296  K=( -0.29361  0.35885  0.48934)  WKP= 0.0044
                              EIGEN VALUE 
 -0.22728 -0.15874 -0.15110 -0.14148 -0.10682 -0.07641  0.15564  0.64700
  0.68329  0.75906  0.94233  1.00192  1.12279  1.33003  1.53905  1.62727
                               OCCUPATION 
  1.00000  1.00000  1.00000  1.00000  1.00000  1.00000  0.00000  0.00000
  0.00000  0.00000  0.00000  0.00000  0.00000  0.00000  0.00000  0.00000
 NKP=   21  NGP=       291  K=( -0.35885  0.42410  0.55459)  WKP= 0.0044
                              EIGEN VALUE 
 -0.22186 -0.15992 -0.15234 -0.13045 -0.10551 -0.04436  0.09384  0.64229
  0.67165  0.76163  0.92438  0.99239  1.12878  1.44950  1.52587  1.61238
                               OCCUPATION 
  1.00000  1.00000  1.00000  1.00000  1.00000  0.19970  0.00000  0.00000
  0.00000  0.00000  0.00000  0.00000  0.00000  0.00000  0.00000  0.00000
 NKP=   22  NGP=       296  K=( -0.42410  0.48934  0.61983)  WKP= 0.0044
                              EIGEN VALUE 
 -0.22428 -0.15897 -0.15197 -0.13509 -0.10818 -0.06318  0.12827  0.62077
  0.70220  0.77530  0.91526  0.99110  1.13552  1.39716  1.51947  1.58038
                               OCCUPATION 
  1.00000  1.00000  1.00000  1.00000  1.00000  1.00000  0.00000  0.00000
  0.00000  0.00000  0.00000  0.00000  0.00000  0.00000  0.00000  0.00000
 NKP=   23  NGP=       295  K=( -0.48934  0.55459  0.68508)  WKP= 0.0044
                              EIGEN VALUE 
 -0.23846 -0.15619 -0.15372 -0.14977 -0.11462 -0.09245  0.22092  0.61069
  0.74570  0.79914  0.91829  0.99274  1.14489  1.28252  1.41237  1.61572
                               OCCUPATION 
  1.00000  1.00000  1.00000  1.00000  1.00000  1.00000  0.00000  0.00000
  0.00000  0.00000  0.00000  0.00000  0.00000  0.00000  0.00000  0.00000
 NKP=   24  NGP=       298  K=( -0.55459  0.61983  0.75033)  WKP= 0.0044
                              EIGEN VALUE 
 -0.27081 -0.16598 -0.15229 -0.14711 -0.12327 -0.10717  0.33410  0.61308
  0.79501  0.83352  0.93628  0.98865  1.14351  1.20052  1.32337  1.52552
                               OCCUPATION 
  1.00000  1.00000  1.00000  1.00000  1.00000  1.00000  0.00000  0.00000
  0.00000  0.00000  0.00000  0.00000  0.00000  0.00000  0.00000  0.00000
 NKP=   25  NGP=       301  K=( -0.61983  0.68508  0.81557)  WKP= 0.0044
                              EIGEN VALUE 
 -0.30954 -0.16675 -0.14905 -0.14535 -0.13032 -0.11643  0.45983  0.62744
  0.83426  0.88672  0.94999  0.98948  1.08445  1.19630  1.26704  1.43352
                               OCCUPATION 
  1.00000  1.00000  1.00000  1.00000  1.00000  1.00000  0.00000  0.00000
  0.00000  0.00000  0.00000  0.00000  0.00000  0.00000  0.00000  0.00000
 NKP=   26  NGP=       302  K=( -0.68508  0.75033  0.88082)  WKP= 0.0044
                              EIGEN VALUE 
 -0.34217 -0.16312 -0.14854 -0.14755 -0.13149 -0.12205  0.59379  0.65437
  0.85632  0.91225  0.95863  1.02070  1.04398  1.19604  1.24048  1.34417
                               OCCUPATION 
  1.00000  1.00000  1.00000  1.00000  1.00000  1.00000  0.00000  0.00000
  0.00000  0.00000  0.00000  0.00000  0.00000  0.00000  0.00000  0.00000
 NKP=   27  NGP=       303  K=( -0.75033  0.81557  0.94606)  WKP= 0.0044
                              EIGEN VALUE 
 -0.36379 -0.15912 -0.15110 -0.15082 -0.12897 -0.12453  0.68241  0.74323
  0.83574  0.89187  0.98936  1.02960  1.09742  1.13692  1.20138  1.26100
                               OCCUPATION 
  1.00000  1.00000  1.00000  1.00000  1.00000  1.00000  0.00000  0.00000
  0.00000  0.00000  0.00000  0.00000  0.00000  0.00000  0.00000  0.00000
 NKP=   28  NGP=       301  K=(  0.03262  0.03262  0.29361)  WKP= 0.0022
                              EIGEN VALUE 
 -0.33787 -0.16672 -0.14470 -0.14444 -0.13529 -0.12106  0.64819  0.68530
  0.72574  0.78390  0.89349  1.14573  1.20303  1.21084  1.31579  1.33264
                               OCCUPATION 
  1.00000  1.00000  1.00000  1.00000  1.00000  1.00000  0.00000  0.00000
  0.00000  0.00000  0.00000  0.00000  0.00000  0.00000  0.00000  0.00000
 NKP=   29  NGP=       300  K=( -0.03262  0.09787  0.35885)  WKP= 0.0044
                              EIGEN VALUE 
 -0.31325 -0.17155 -0.14525 -0.13993 -0.13345 -0.11824  0.56259  0.61641
  0.73393  0.76389  0.84895  1.16663  1.19947  1.29836  1.32832  1.41334
                               OCCUPATION 
  1.00000  1.00000  1.00000  1.00000  1.00000  1.00000  0.00000  0.00000
  0.00000  0.00000  0.00000  0.00000  0.00000  0.00000  0.00000  0.00000
 NKP=   30  NGP=       299  K=( -0.09787  0.16311  0.42410)  WKP= 0.0044
                              EIGEN VALUE 
 -0.27955 -0.17520 -0.15094 -0.13881 -0.12264 -0.11213  0.43239  0.59192
  0.68694  0.74364  0.90926  1.12787  1.18794  1.28746  1.39065  1.51473
                               OCCUPATION 
  1.00000  1.00000  1.00000  1.00000  1.00000  1.00000  0.00000  0.00000
  0.00000  0.00000  0.00000  0.00000  0.00000  0.00000  0.00000  0.00000
 NKP=   31  NGP=       296  K=( -0.16311  0.22836  0.48934)  WKP= 0.0044
                              EIGEN VALUE 
 -0.24388 -0.17480 -0.15645 -0.14052 -0.11103 -0.09735  0.31054  0.58054
  0.62819  0.73028  1.00310  1.08878  1.15686  1.27857  1.48330  1.61185
                               OCCUPATION 
  1.00000  1.00000  1.00000  1.00000  1.00000  1.00000  0.00000  0.00000
  0.00000  0.00000  0.00000  0.00000  0.00000  0.00000  0.00000  0.00000
 NKP=   32  NGP=       298  K=( -0.22836  0.29361  0.55459)  WKP= 0.0044
                              EIGEN VALUE 
 -0.21996 -0.16930 -0.15700 -0.14305 -0.10585 -0.06390  0.20148  0.57065
  0.58848  0.72726  1.03675  1.12523  1.12848  1.28031  1.58907  1.65094
                               OCCUPATION 
  1.00000  1.00000  1.00000  1.00000  1.00000  1.00000  0.00000  0.00000
  0.00000  0.00000  0.00000  0.00000  0.00000  0.00000  0.00000  0.00000
 NKP=   33  NGP=       296  K=( -0.29361  0.35885  0.61983)  WKP= 0.0044
                              EIGEN VALUE 
 -0.21183 -0.16802 -0.14922 -0.14507 -0.10527 -0.01592  0.11592  0.53148
  0.60340  0.73462  1.00892  1.10467  1.22216  1.31072  1.52293  1.62832
                               OCCUPATION 
  1.00000  1.00000  1.00000  1.00000  1.00000  0.00000  0.00000  0.00000
  0.00000  0.00000  0.00000  0.00000  0.00000  0.00000  0.00000  0.00000
 NKP=   34  NGP=       294  K=( -0.35885  0.42410  0.68508)  WKP= 0.0044
                              EIGEN VALUE 
 -0.21135 -0.16672 -0.14843 -0.14579 -0.10883 -0.01454  0.11627  0.50223
  0.63497  0.75369  0.98649  1.08635  1.26223  1.38126  1.42389  1.52376
                               OCCUPATION 
  1.00000  1.00000  1.00000  1.00000  1.00000  0.00000  0.00000  0.00000
  0.00000  0.00000  0.00000  0.00000  0.00000  0.00000  0.00000  0.00000
 NKP=   35  NGP=       296  K=( -0.42410  0.48934  0.75033)  WKP= 0.0044
                              EIGEN VALUE 
 -0.21868 -0.16326 -0.15910 -0.14466 -0.11584 -0.05825  0.20227  0.48598
  0.67964  0.78588  0.97174  1.06831  1.24607  1.30131  1.41372  1.56751
                               OCCUPATION 
  1.00000  1.00000  1.00000  1.00000  1.00000  1.00000  0.00000  0.00000
  0.00000  0.00000  0.00000  0.00000  0.00000  0.00000  0.00000  0.00000
 NKP=   36  NGP=       299  K=( -0.48934  0.55459  0.81557)  WKP= 0.0044
                              EIGEN VALUE 
 -0.24276 -0.16997 -0.15773 -0.14213 -0.12504 -0.08717  0.31137  0.48308
  0.73556  0.83190  0.96160  1.04377  1.15333  1.27395  1.37383  1.67593
                               OCCUPATION 
  1.00000  1.00000  1.00000  1.00000  1.00000  1.00000  0.00000  0.00000
  0.00000  0.00000  0.00000  0.00000  0.00000  0.00000  0.00000  0.00000
 NKP=   37  NGP=       299  K=( -0.55459  0.61983  0.88082)  WKP= 0.0044
                              EIGEN VALUE 
 -0.27919 -0.17102 -0.15244 -0.13904 -0.13395 -0.10420  0.43218  0.49425
  0.80073  0.89079  0.94018  1.01513  1.07401  1.23224  1.38305  1.52354
                               OCCUPATION 
  1.00000  1.00000  1.00000  1.00000  1.00000  1.00000  0.00000  0.00000
  0.00000  0.00000  0.00000  0.00000  0.00000  0.00000  0.00000  0.00000
 NKP=   38  NGP=       300  K=( -0.61983  0.68508  0.94606)  WKP= 0.0044
                              EIGEN VALUE 
 -0.31329 -0.16742 -0.14891 -0.14311 -0.13364 -0.11566  0.50995  0.57075
  0.86453  0.89555  0.94961  0.98860  1.04475  1.20773  1.32138  1.44727
                               OCCUPATION 
  1.00000  1.00000  1.00000  1.00000  1.00000  1.00000  0.00000  0.00000
  0.00000  0.00000  0.00000  0.00000  0.00000  0.00000  0.00000  0.00000
 NKP=   39  NGP=       302  K=( -0.68508  0.75033  1.01131)  WKP= 0.0044
                              EIGEN VALUE 
 -0.33801 -0.16305 -0.14863 -0.14803 -0.12987 -0.12269  0.54439  0.70978
  0.81653  0.90889  0.95566  1.04512  1.07343  1.16990  1.19560  1.33730
                               OCCUPATION 
  1.00000  1.00000  1.00000  1.00000  1.00000  1.00000  0.00000  0.00000
  0.00000  0.00000  0.00000  0.00000  0.00000  0.00000  0.00000  0.00000
 NKP=   40  NGP=       303  K=(  0.03262  0.03262  0.42410)  WKP= 0.0022
                              EIGEN VALUE 
 -0.29405 -0.17721 -0.14294 -0.13440 -0.13228 -0.11675  0.57242  0.59988
  0.66452  0.68114  0.78054  1.28180  1.30861  1.33009  1.41184  1.43698
                               OCCUPATION 
  1.00000  1.00000  1.00000  1.00000  1.00000  1.00000  0.00000  0.00000
  0.00000  0.00000  0.00000  0.00000  0.00000  0.00000  0.00000  0.00000
 NKP=   41  NGP=       301  K=( -0.03262  0.09787  0.48934)  WKP= 0.0044
                              EIGEN VALUE 
 -0.26655 -0.18211 -0.14662 -0.12931 -0.12286 -0.11211  0.49557  0.54399
  0.59943  0.69449  0.78789  1.26506  1.32175  1.39801  1.45003  1.53339
                               OCCUPATION 
  1.00000  1.00000  1.00000  1.00000  1.00000  1.00000  0.00000  0.00000
  0.00000  0.00000  0.00000  0.00000  0.00000  0.00000  0.00000  0.00000
 NKP=   42  NGP=       302  K=( -0.09787  0.16311  0.55459)  WKP= 0.0044
                              EIGEN VALUE 
 -0.23665 -0.18469 -0.15189 -0.12982 -0.11022 -0.09501  0.37417  0.52409
  0.53592  0.69686  0.86774  1.21164  1.29623  1.40176  1.54350  1.66781
                               OCCUPATION 
  1.00000  1.00000  1.00000  1.00000  1.00000  1.00000  0.00000  0.00000
  0.00000  0.00000  0.00000  0.00000  0.00000  0.00000  0.00000  0.00000
 NKP=   43  NGP=       300  K=( -0.16311  0.22836  0.61983)  WKP= 0.0044
                              EIGEN VALUE 
 -0.21384 -0.18354 -0.15557 -0.13228 -0.10512 -0.05524  0.26063  0.47338
  0.52799  0.69679  0.97412  1.16497  1.26021  1.40590  1.64999  1.67387
                               OCCUPATION 
  1.00000  1.00000  1.00000  1.00000  1.00000  1.00000  0.00000  0.00000
  0.00000  0.00000  0.00000  0.00000  0.00000  0.00000  0.00000  0.00000
 NKP=   44  NGP=       294  K=( -0.22836  0.29361  0.68508)  WKP= 0.0044
                              EIGEN VALUE 
 -0.20275 -0.18036 -0.15595 -0.13498 -0.10465  0.00312  0.16127  0.42722
  0.54238  0.70376  1.08123  1.13925  1.22941  1.41229  1.53200  1.64862
                               OCCUPATION 
  1.00000  1.00000  1.00000  1.00000  1.00000  0.00000  0.00000  0.00000
  0.00000  0.00000  0.00000  0.00000  0.00000  0.00000  0.00000  0.00000
 NKP=   45  NGP=       295  K=( -0.29361  0.35885  0.75033)  WKP= 0.0044
                              EIGEN VALUE 
 -0.19850 -0.17756 -0.15684 -0.13694 -0.10845  0.04193  0.11445  0.39310
  0.57200  0.72038  1.08441  1.18795  1.25116  1.38192  1.43343  1.53600
                               OCCUPATION 
  1.00000  1.00000  1.00000  1.00000  1.00000  0.00000  0.00000  0.00000
  0.00000  0.00000  0.00000  0.00000  0.00000  0.00000  0.00000  0.00000
 NKP=   46  NGP=       295  K=( -0.35885  0.42410  0.81557)  WKP= 0.0044
                              EIGEN VALUE 
 -0.19984 -0.17279 -0.16393 -0.13741 -0.11553 -0.01093  0.19257  0.37226
  0.61512  0.74835  1.06181  1.16402  1.26033  1.36929  1.40923  1.49388
                               OCCUPATION 
  1.00000  1.00000  1.00000  1.00000  1.00000  0.00000  0.00000  0.00000
  0.00000  0.00000  0.00000  0.00000  0.00000  0.00000  0.00000  0.00000
 NKP=   47  NGP=       297  K=( -0.42410  0.48934  0.88082)  WKP= 0.0044
                              EIGEN VALUE 
 -0.21399 -0.17241 -0.16555 -0.13675 -0.12413 -0.05685  0.29565  0.36729
  0.66961  0.78847  1.03342  1.12747  1.16098  1.30881  1.50287  1.55992
                               OCCUPATION 
  1.00000  1.00000  1.00000  1.00000  1.00000  1.00000  0.00000  0.00000
  0.00000  0.00000  0.00000  0.00000  0.00000  0.00000  0.00000  0.00000
 NKP=   48  NGP=       299  K=( -0.48934  0.55459  0.94606)  WKP= 0.0044
                              EIGEN VALUE 
 -0.24385 -0.17296 -0.15821 -0.13783 -0.12989 -0.08613  0.36082  0.42604
  0.73315  0.83806  0.98123  1.06728  1.11271  1.26661  1.44197  1.57936
                               OCCUPATION 
  1.00000  1.00000  1.00000  1.00000  1.00000  1.00000  0.00000  0.00000
  0.00000  0.00000  0.00000  0.00000  0.00000  0.00000  0.00000  0.00000
 NKP=   49  NGP=       300  K=( -0.55459  0.61983  1.01131)  WKP= 0.0044
                              EIGEN VALUE 
 -0.27631 -0.16942 -0.15235 -0.14343 -0.12869 -0.10523  0.38199  0.55148
  0.80012  0.86383  0.94718  0.99366  1.11346  1.23058  1.32339  1.55868
                               OCCUPATION 
  1.00000  1.00000  1.00000  1.00000  1.00000  1.00000  0.00000  0.00000
  0.00000  0.00000  0.00000  0.00000  0.00000  0.00000  0.00000  0.00000
 NKP=   50  NGP=       299  K=( -0.61983  0.68508  1.07655)  WKP= 0.0044
                              EIGEN VALUE 
 -0.30220 -0.16542 -0.14935 -0.14764 -0.12595 -0.11769  0.41195  0.68772
  0.79520  0.86804  0.93835  1.01585  1.10526  1.16021  1.26605  1.41356
                               OCCUPATION 
  1.00000  1.00000  1.00000  1.00000  1.00000  1.00000  0.00000  0.00000
  0.00000  0.00000  0.00000  0.00000  0.00000  0.00000  0.00000  0.00000
 NKP=   51  NGP=       305  K=(  0.03262  0.03262  0.55459)  WKP= 0.0022
                              EIGEN VALUE 
 -0.24826 -0.18803 -0.13654 -0.12265 -0.11852 -0.11207  0.50573  0.51776
  0.52888  0.64123  0.73344  1.39321  1.39890  1.47973  1.49444  1.54631
                               OCCUPATION 
  1.00000  1.00000  1.00000  1.00000  1.00000  1.00000  0.00000  0.00000
  0.00000  0.00000  0.00000  0.00000  0.00000  0.00000  0.00000  0.00000
 NKP=   52  NGP=       305  K=( -0.03262  0.09787  0.61983)  WKP= 0.0044
                              EIGEN VALUE 
 -0.22979 -0.19196 -0.13489 -0.11793 -0.11040 -0.09468  0.43897  0.44773
  0.48704  0.66066  0.75330  1.34426  1.44087  1.53450  1.56155  1.66115
                               OCCUPATION 
  1.00000  1.00000  1.00000  1.00000  1.00000  1.00000  0.00000  0.00000
  0.00000  0.00000  0.00000  0.00000  0.00000  0.00000  0.00000  0.00000
 NKP=   53  NGP=       300  K=( -0.09787  0.16311  0.68508)  WKP= 0.0044
                              EIGEN VALUE 
 -0.21509 -0.19291 -0.13975 -0.12031 -0.10469 -0.04897  0.33061  0.38478
  0.48039  0.67104  0.83954  1.29007  1.39725  1.56260  1.67958  1.71190
                               OCCUPATION 
  1.00000  1.00000  1.00000  1.00000  1.00000  1.01032  0.00000  0.00000
  0.00000  0.00000  0.00000  0.00000  0.00000  0.00000  0.00000  0.00000
 NKP=   54  NGP=       297  K=( -0.16311  0.22836  0.75033)  WKP= 0.0044
                              EIGEN VALUE 
 -0.20446 -0.19085 -0.14598 -0.12359 -0.10371  0.01442  0.22631  0.33574
  0.49089  0.67837  0.95414  1.24344  1.35412  1.54569  1.58166  1.67512
                               OCCUPATION 
  1.00000  1.00000  1.00000  1.00000  1.00000  0.00000  0.00000  0.00000
  0.00000  0.00000  0.00000  0.00000  0.00000  0.00000  0.00000  0.00000
 NKP=   55  NGP=       294  K=( -0.22836  0.29361  0.81557)  WKP= 0.0044
                              EIGEN VALUE 
 -0.19590 -0.18734 -0.15339 -0.12692 -0.10705  0.08723  0.13814  0.29985
  0.51752  0.69204  1.08282  1.20425  1.31248  1.41124  1.53106  1.61849
                               OCCUPATION 
  1.00000  1.00000  1.00000  1.00000  1.00000  0.00000  0.00000  0.00000
  0.00000  0.00000  0.00000  0.00000  0.00000  0.00000  0.00000  0.00000
 NKP=   56  NGP=       289  K=( -0.29361  0.35885  0.88082)  WKP= 0.0044
                              EIGEN VALUE 
 -0.19008 -0.18255 -0.16248 -0.13013 -0.11296  0.05027  0.18172  0.28203
  0.55843  0.71467  1.15813  1.22174  1.26477  1.29896  1.43620  1.64127
                               OCCUPATION 
  1.00000  1.00000  1.00000  1.00000  1.00000  0.00000  0.00000  0.00000
  0.00000  0.00000  0.00000  0.00000  0.00000  0.00000  0.00000  0.00000
 NKP=   57  NGP=       294  K=( -0.35885  0.42410  0.94606)  WKP= 0.0044
                              EIGEN VALUE 
 -0.19587 -0.17406 -0.16885 -0.13428 -0.11833 -0.01132  0.23611  0.31913
  0.61112  0.74726  1.09275  1.19335  1.21846  1.34322  1.41729  1.57161
                               OCCUPATION 
  1.00000  1.00000  1.00000  1.00000  1.00000  0.00000  0.00000  0.00000
  0.00000  0.00000  0.00000  0.00000  0.00000  0.00000  0.00000  0.00000
 NKP=   58  NGP=       295  K=( -0.42410  0.48934  1.01131)  WKP= 0.0044
                              EIGEN VALUE 
 -0.21583 -0.16802 -0.16438 -0.14037 -0.12038 -0.05727  0.24824  0.42308
  0.67298  0.78774  1.00590  1.10086  1.20289  1.32504  1.42395  1.56317
                               OCCUPATION 
  1.00000  1.00000  1.00000  1.00000  1.00000  1.00000  0.00000  0.00000
  0.00000  0.00000  0.00000  0.00000  0.00000  0.00000  0.00000  0.00000
 NKP=   59  NGP=       298  K=( -0.48934  0.55459  1.07655)  WKP= 0.0044
                              EIGEN VALUE 
 -0.24085 -0.16369 -0.15692 -0.14636 -0.11972 -0.08927  0.26399  0.54552
  0.74004  0.81880  0.93786  1.01884  1.19064  1.24740  1.36945  1.64822
                               OCCUPATION 
  1.00000  1.00000  1.00000  1.00000  1.00000  1.00000  0.00000  0.00000
  0.00000  0.00000  0.00000  0.00000  0.00000  0.00000  0.00000  0.00000
 NKP=   60  NGP=       298  K=( -0.55459  0.61983  1.14180)  WKP= 0.0044
                              EIGEN VALUE 
 -0.26322 -0.16035 -0.15243 -0.14988 -0.11794 -0.10978  0.29003  0.67641
  0.77498  0.81437  0.91922  0.98682  1.09520  1.23984  1.35743  1.49922
                               OCCUPATION 
  1.00000  1.00000  1.00000  1.00000  1.00000  1.00000  0.00000  0.00000
  0.00000  0.00000  0.00000  0.00000  0.00000  0.00000  0.00000  0.00000
 NKP=   61  NGP=       304  K=(  0.03262  0.03262  0.68508)  WKP= 0.0022
                              EIGEN VALUE 
 -0.22435 -0.19707 -0.11433 -0.11203 -0.10739 -0.08411  0.37078  0.45752
  0.47578  0.61815  0.70951  1.47129  1.50165  1.57390  1.63549  1.66590
                               OCCUPATION 
  1.00000  1.00000  1.00000  1.00000  1.00000  1.00000  0.00000  0.00000
  0.00000  0.00000  0.00000  0.00000  0.00000  0.00000  0.00000  0.00000
 NKP=   62  NGP=       300  K=( -0.03262  0.09787  0.75033)  WKP= 0.0044
                              EIGEN VALUE 
 -0.21886 -0.19923 -0.11760 -0.10950 -0.10442 -0.03941  0.30933  0.40439
  0.44642  0.64072  0.73440  1.42561  1.53989  1.63627  1.71457  1.73503
                               OCCUPATION 
  1.00000  1.00000  1.00000  1.00000  1.00000 -0.00020  0.00000  0.00000
  0.00000  0.00000  0.00000  0.00000  0.00000  0.00000  0.00000  0.00000
 NKP=   63  NGP=       297  K=( -0.09787  0.16311  0.81557)  WKP= 0.0044
                              EIGEN VALUE 
 -0.21226 -0.19800 -0.12671 -0.11355 -0.10233  0.02128  0.26203  0.30536
  0.45182  0.65788  0.82464  1.37046  1.48721  1.58535  1.69408  1.76260
                               OCCUPATION 
  1.00000  1.00000  1.00000  1.00000  1.00000  0.00000  0.00000  0.00000
  0.00000  0.00000  0.00000  0.00000  0.00000  0.00000  0.00000  0.00000
 NKP=   64  NGP=       293  K=( -0.16311  0.22836  0.88082)  WKP= 0.0044
                              EIGEN VALUE 
 -0.20415 -0.19389 -0.13922 -0.11813 -0.10457  0.08681  0.20740  0.23881
  0.47453  0.67104  0.94558  1.31306  1.42699  1.45741  1.58198  1.78880
                               OCCUPATION 
  1.00000  1.00000  1.00000  1.00000  1.00000  0.00000  0.00000  0.00000
  0.00000  0.00000  0.00000  0.00000  0.00000  0.00000  0.00000  0.00000
 NKP=   65  NGP=       291  K=( -0.22836  0.29361  0.94606)  WKP= 0.0044
                              EIGEN VALUE 
 -0.19518 -0.18847 -0.15256 -0.12449 -0.10830  0.12037  0.13617  0.25535
  0.51249  0.68980  1.08153  1.23300  1.34216  1.37216  1.50411  1.71402
                               OCCUPATION 
  1.00000  1.00000  1.00000  1.00000  1.00000  0.00000  0.00000  0.00000
  0.00000  0.00000  0.00000  0.00000  0.00000  0.00000  0.00000  0.00000
 NKP=   66  NGP=       290  K=( -0.29361  0.35885  1.01131)  WKP= 0.0044
                              EIGEN VALUE 
 -0.19327 -0.18083 -0.16025 -0.13290 -0.11097  0.04970  0.14498  0.33118
  0.56296  0.71655  1.12436  1.22109  1.24680  1.33722  1.45676  1.55158
                               OCCUPATION 
  1.00000  1.00000  1.00000  1.00000  1.00000  0.00000  0.00000  0.00000
  0.00000  0.00000  0.00000  0.00000  0.00000  0.00000  0.00000  0.00000
 NKP=   67  NGP=       296  K=( -0.35885  0.42410  1.07655)  WKP= 0.0044
                              EIGEN VALUE 
 -0.20548 -0.17015 -0.15671 -0.14164 -0.11199 -0.01114  0.14999  0.43506
  0.62308  0.75053  1.02353  1.12673  1.30896  1.35647  1.39976  1.48461
                               OCCUPATION 
  1.00000  1.00000  1.00000  1.00000  1.00000  0.00000  0.00000  0.00000
  0.00000  0.00000  0.00000  0.00000  0.00000  0.00000  0.00000  0.00000
 NKP=   68  NGP=       295  K=( -0.42410  0.48934  1.14180)  WKP= 0.0044
                              EIGEN VALUE 
 -0.22168 -0.16099 -0.14942 -0.14735 -0.11162 -0.06009  0.16169  0.55238
  0.68946  0.78210  0.94032  1.03238  1.20164  1.33191  1.46103  1.57338
                               OCCUPATION 
  1.00000  1.00000  1.00000  1.00000  1.00000  1.00000  0.00000  0.00000
  0.00000  0.00000  0.00000  0.00000  0.00000  0.00000  0.00000  0.00000
 NKP=   69  NGP=       296  K=( -0.48934  0.55459  1.20705)  WKP= 0.0044
                              EIGEN VALUE 
 -0.23584 -0.15557 -0.15257 -0.13997 -0.10999 -0.09648  0.18278  0.67652
  0.74944  0.77737  0.90428  0.95864  1.09038  1.34677  1.46387  1.58983
                               OCCUPATION 
  1.00000  1.00000  1.00000  1.00000  1.00000  1.00000  0.00000  0.00000
  0.00000  0.00000  0.00000  0.00000  0.00000  0.00000  0.00000  0.00000
 NKP=   70  NGP=       298  K=(  0.03262  0.03262  0.81557)  WKP= 0.0022
                              EIGEN VALUE 
 -0.22030 -0.20266 -0.10716 -0.10409 -0.10189 -0.01528  0.25170  0.42757
  0.44442  0.60601  0.69830  1.53951  1.60230  1.66373  1.70754  1.79627
                               OCCUPATION 
  1.00000  1.00000  1.00000  1.00000  1.00000  0.00000  0.00000  0.00000
  0.00000  0.00000  0.00000  0.00000  0.00000  0.00000  0.00000  0.00000
 NKP=   71  NGP=       300  K=( -0.03262  0.09787  0.88082)  WKP= 0.0044
                              EIGEN VALUE 
 -0.21814 -0.20259 -0.10941 -0.10769 -0.10043  0.02153  0.21856  0.38728
  0.42824  0.63251  0.72706  1.49242  1.61379  1.64505  1.72322  1.76730
                               OCCUPATION 
  1.00000  1.00000  1.00000  1.00000  1.00000  0.00000  0.00000  0.00000
  0.00000  0.00000  0.00000  0.00000  0.00000  0.00000  0.00000  0.00000
 NKP=   72  NGP=       297  K=( -0.09787  0.16311  0.94606)  WKP= 0.0044
                              EIGEN VALUE 
 -0.21240 -0.19905 -0.12372 -0.11219 -0.10190  0.04929  0.22432  0.29988
  0.44596  0.65533  0.82175  1.40033  1.51902  1.54917  1.66526  1.84875
                               OCCUPATION 
  1.00000  1.00000  1.00000  1.00000  1.00000  0.00000  0.00000  0.00000
  0.00000  0.00000  0.00000  0.00000  0.00000  0.00000  0.00000  0.00000
 NKP=   73  NGP=       292  K=( -0.16311  0.22836  1.01131)  WKP= 0.0044
                              EIGEN VALUE 
 -0.20400 -0.19292 -0.14163 -0.12015 -0.10408  0.05443  0.21533  0.27772
  0.48002  0.67345  0.94842  1.28282  1.39617  1.49522  1.61248  1.68991
                               OCCUPATION 
  1.00000  1.00000  1.00000  1.00000  1.00000  0.00000  0.00000  0.00000
  0.00000  0.00000  0.00000  0.00000  0.00000  0.00000  0.00000  0.00000
 NKP=   74  NGP=       292  K=( -0.22836  0.29361  1.07655)  WKP= 0.0044
                              EIGEN VALUE 
 -0.19821 -0.18461 -0.15468 -0.13071 -0.10557  0.04434  0.14734  0.36012
  0.52753  0.69661  1.08424  1.16877  1.27287  1.46034  1.50559  1.60187
                               OCCUPATION 
  1.00000  1.00000  1.00000  1.00000  1.00000  0.00000  0.00000  0.00000
  0.00000  0.00000  0.00000  0.00000  0.00000  0.00000  0.00000  0.00000
 NKP=   75  NGP=       296  K=( -0.29361  0.35885  1.14180)  WKP= 0.0044
                              EIGEN VALUE 
 -0.20484 -0.17311 -0.15305 -0.14120 -0.10640  0.01743  0.10683  0.46051
  0.58547  0.72634  1.04536  1.14799  1.25178  1.34506  1.45908  1.58237
                               OCCUPATION 
  1.00000  1.00000  1.00000  1.00000  1.00000  0.00000  0.00000  0.00000
  0.00000  0.00000  0.00000  0.00000  0.00000  0.00000  0.00000  0.00000
 NKP=   76  NGP=       293  K=( -0.35885  0.42410  1.20705)  WKP= 0.0044
                              EIGEN VALUE 
 -0.21689 -0.16313 -0.14950 -0.13948 -0.10657 -0.02519  0.09682  0.57224
  0.65080  0.75759  0.95316  1.04251  1.18804  1.42680  1.46182  1.57545
                               OCCUPATION 
  1.00000  1.00000  1.00000  1.00000  1.00000  0.00000  0.00000  0.00000
  0.00000  0.00000  0.00000  0.00000  0.00000  0.00000  0.00000  0.00000
 NKP=   77  NGP=       293  K=( -0.42410  0.48934  1.27229)  WKP= 0.0044
                              EIGEN VALUE 
 -0.22616 -0.15742 -0.15420 -0.12202 -0.10589 -0.06766  0.10403  0.68766
  0.71799  0.76477  0.89833  0.94048  1.08947  1.46766  1.57214  1.59367
                               OCCUPATION 
  1.00000  1.00000  1.00000  1.00000  1.00000  1.00000  0.00000  0.00000
  0.00000  0.00000  0.00000  0.00000  0.00000  0.00000  0.00000  0.00000
 NKP=   78  NGP=       302  K=(  0.03262  0.03262  0.94606)  WKP= 0.0022
                              EIGEN VALUE 
 -0.22020 -0.20383 -0.10646 -0.10209 -0.10034  0.01051  0.21667  0.42137
  0.43795  0.60363  0.69623  1.55960  1.64018  1.70840  1.73196  1.75483
                               OCCUPATION 
  1.00000  1.00000  1.00000  1.00000  1.00000  0.00000  0.00000  0.00000
  0.00000  0.00000  0.00000  0.00000  0.00000  0.00000  0.00000  0.00000
 NKP=   79  NGP=       301  K=( -0.03262  0.09787  1.01131)  WKP= 0.0044
                              EIGEN VALUE 
 -0.21816 -0.20146 -0.11247 -0.10784 -0.10192 -0.00451  0.25427  0.39305
  0.43437  0.63523  0.72945  1.46431  1.58327  1.66679  1.69356  1.80803
                               OCCUPATION 
  1.00000  1.00000  1.00000  1.00000  1.00000  0.00000  0.00000  0.00000
  0.00000  0.00000  0.00000  0.00000  0.00000  0.00000  0.00000  0.00000
 NKP=   80  NGP=       299  K=( -0.09787  0.16311  1.07655)  WKP= 0.0044
                              EIGEN VALUE 
 -0.21263 -0.19593 -0.13231 -0.11635 -0.10322 -0.01506  0.31321  0.32126
  0.46340  0.66305  0.83052  1.33087  1.44392  1.63526  1.65580  1.73558
                               OCCUPATION 
  1.00000  1.00000  1.00000  1.00000  1.00000  0.00000  0.00000  0.00000
  0.00000  0.00000  0.00000  0.00000  0.00000  0.00000  0.00000  0.00000
 NKP=   81  NGP=       300  K=( -0.16311  0.22836  1.14180)  WKP= 0.0044
                              EIGEN VALUE 
 -0.20704 -0.18764 -0.15120 -0.12780 -0.10397 -0.02329  0.24141  0.40208
  0.50693  0.68603  0.96273  1.20345  1.30846  1.48741  1.61248  1.71358
                               OCCUPATION 
  1.00000  1.00000  1.00000  1.00000  1.00000  0.00000  0.00000  0.00000
  0.00000  0.00000  0.00000  0.00000  0.00000  0.00000  0.00000  0.00000
 NKP=   82  NGP=       296  K=( -0.22836  0.29361  1.20705)  WKP= 0.0044
                              EIGEN VALUE 
 -0.20993 -0.17506 -0.15677 -0.13921 -0.10467 -0.03348  0.17941  0.49857
  0.56201  0.71381  1.06451  1.12628  1.18213  1.33786  1.59572  1.66056
                               OCCUPATION 
  1.00000  1.00000  1.00000  1.00000  1.00000 -0.00000  0.00000  0.00000
  0.00000  0.00000  0.00000  0.00000  0.00000  0.00000  0.00000  0.00000
 NKP=   83  NGP=       296  K=( -0.29361  0.35885  1.27229)  WKP= 0.0044
                              EIGEN VALUE 
 -0.21930 -0.16301 -0.14873 -0.14495 -0.10534 -0.04851  0.13309  0.60315
  0.62727  0.74544  0.97523  1.05564  1.16818  1.31502  1.58713  1.61319
                               OCCUPATION 
  1.00000  1.00000  1.00000  1.00000  1.00000  1.01905  0.00000  0.00000
  0.00000  0.00000  0.00000  0.00000  0.00000  0.00000  0.00000  0.00000
 NKP=   84  NGP=       300  K=(  0.03262  0.03262  1.07655)  WKP= 0.0022
                              EIGEN VALUE 
 -0.22115 -0.20037 -0.10879 -0.10806 -0.10459 -0.05066  0.30626  0.43974
  0.45714  0.61081  0.70261  1.50786  1.55292  1.61773  1.67524  1.76481
                               OCCUPATION 
  1.00000  1.00000  1.00000  1.00000  1.00000  1.00033  0.00000  0.00000
  0.00000  0.00000  0.00000  0.00000  0.00000  0.00000  0.00000  0.00000
 NKP=   85  NGP=       302  K=( -0.03262  0.09787  1.14180)  WKP= 0.0044
                              EIGEN VALUE 
 -0.22183 -0.19602 -0.12519 -0.11298 -0.10721 -0.07158  0.37401  0.42100
  0.46407  0.64913  0.74220  1.38475  1.49176  1.59247  1.63677  1.71084
                               OCCUPATION 
  1.00000  1.00000  1.00000  1.00000  1.00000  1.00000  0.00000  0.00000
  0.00000  0.00000  0.00000  0.00000  0.00000  0.00000  0.00000  0.00000
 NKP=   86  NGP=       300  K=( -0.09787  0.16311  1.20705)  WKP= 0.0044
                              EIGEN VALUE 
 -0.22233 -0.18908 -0.14723 -0.12496 -0.10691 -0.07602  0.35043  0.45570
  0.50259  0.68215  0.85190  1.25030  1.34843  1.47712  1.62072  1.72112
                               OCCUPATION 
  1.00000  1.00000  1.00000  1.00000  1.00000  1.00000  0.00000  0.00000
  0.00000  0.00000  0.00000  0.00000  0.00000  0.00000  0.00000  0.00000
 NKP=   87  NGP=       297  K=( -0.16311  0.22836  1.27229)  WKP= 0.0044
                              EIGEN VALUE 
 -0.22637 -0.17908 -0.15740 -0.13663 -0.10735 -0.08002  0.28375  0.54445
  0.55745  0.71118  0.98795  1.12779  1.20864  1.33555  1.56557  1.68181
                               OCCUPATION 
  1.00000  1.00000  1.00000  1.00000  1.00000  1.00000  0.00000  0.00000
  0.00000  0.00000  0.00000  0.00000  0.00000  0.00000  0.00000  0.00000
 NKP=   88  NGP=       296  K=( -0.22836  0.29361  1.33754)  WKP= 0.0044
                              EIGEN VALUE 
 -0.23273 -0.16396 -0.15658 -0.14622 -0.10840 -0.08702  0.22731  0.61070
  0.65266  0.74502  1.00503  1.06965  1.12307  1.24649  1.50796  1.62897
                               OCCUPATION 
  1.00000  1.00000  1.00000  1.00000  1.00000  1.00000  0.00000  0.00000
  0.00000  0.00000  0.00000  0.00000  0.00000  0.00000  0.00000  0.00000
 NKP=   89  NGP=       307  K=(  0.03262  0.03262  1.20705)  WKP= 0.0022
                              EIGEN VALUE 
 -0.23261 -0.19289 -0.12470 -0.11692 -0.10978 -0.10720  0.44118  0.48050
  0.49985  0.62820  0.71951  1.43274  1.45048  1.53309  1.56758  1.59521
                               OCCUPATION 
  1.00000  1.00000  1.00000  1.00000  1.00000  1.00000  0.00000  0.00000
  0.00000  0.00000  0.00000  0.00000  0.00000  0.00000  0.00000  0.00000
 NKP=   90  NGP=       304  K=( -0.03262  0.09787  1.27229)  WKP= 0.0044
                              EIGEN VALUE 
 -0.24511 -0.18725 -0.14312 -0.12356 -0.11556 -0.10698  0.46660  0.51069
  0.52394  0.67561  0.76827  1.30464  1.38520  1.46121  1.50735  1.59532
                               OCCUPATION 
  1.00000  1.00000  1.00000  1.00000  1.00000  1.00000  0.00000  0.00000
  0.00000  0.00000  0.00000  0.00000  0.00000  0.00000  0.00000  0.00000
 NKP=   91  NGP=       299  K=( -0.09787  0.16311  1.33754)  WKP= 0.0044
                              EIGEN VALUE 
 -0.25690 -0.17998 -0.15265 -0.13452 -0.11562 -0.10633  0.40156  0.55788
  0.61048  0.71616  0.88705  1.17235  1.24059  1.33910  1.46568  1.58898
                               OCCUPATION 
  1.00000  1.00000  1.00000  1.00000  1.00000  1.00000  0.00000  0.00000
  0.00000  0.00000  0.00000  0.00000  0.00000  0.00000  0.00000  0.00000
 NKP=   92  NGP=       298  K=( -0.16311  0.22836  1.40278)  WKP= 0.0044
                              EIGEN VALUE 
 -0.26387 -0.17101 -0.15384 -0.14373 -0.11684 -0.10747  0.34087  0.61355
  0.70348  0.75806  1.01533  1.04150  1.11760  1.23275  1.40502  1.53887
                               OCCUPATION 
  1.00000  1.00000  1.00000  1.00000  1.00000  1.00000  0.00000  0.00000
  0.00000  0.00000  0.00000  0.00000  0.00000  0.00000  0.00000  0.00000
 NKP=   93  NGP=       303  K=(  0.03262  0.03262  1.33754)  WKP= 0.0022
                              EIGEN VALUE 
 -0.27002 -0.18271 -0.14231 -0.12861 -0.12604 -0.11441  0.53803  0.56238
  0.59301  0.65769  0.75268  1.34416  1.35241  1.39927  1.45508  1.49412
                               OCCUPATION 
  1.00000  1.00000  1.00000  1.00000  1.00000  1.00000  0.00000  0.00000
  0.00000  0.00000  0.00000  0.00000  0.00000  0.00000  0.00000  0.00000
 NKP=   94  NGP=       299  K=( -0.03262  0.09787  1.40278)  WKP= 0.0044
                              EIGEN VALUE 
 -0.29029 -0.17678 -0.14641 -0.13484 -0.12928 -0.11541  0.52766  0.57877
  0.67641  0.71899  0.81357  1.22203  1.25548  1.34583  1.38839  1.47492
                               OCCUPATION 
  1.00000  1.00000  1.00000  1.00000  1.00000  1.00000  0.00000  0.00000
  0.00000  0.00000  0.00000  0.00000  0.00000  0.00000  0.00000  0.00000
 NKP=   95  NGP=       299  K=( -0.09787  0.16311  1.46803)  WKP= 0.0044
                              EIGEN VALUE 
 -0.30164 -0.17061 -0.14874 -0.14250 -0.12808 -0.11618  0.46651  0.62880
  0.74442  0.79654  0.93181  1.07671  1.14562  1.24261  1.32009  1.44715
                               OCCUPATION 
  1.00000  1.00000  1.00000  1.00000  1.00000  1.00000  0.00000  0.00000
  0.00000  0.00000  0.00000  0.00000  0.00000  0.00000  0.00000  0.00000
 NKP=   96  NGP=       301  K=(  0.03262  0.03262  1.46803)  WKP= 0.0022
                              EIGEN VALUE 
 -0.31725 -0.17178 -0.14207 -0.13974 -0.13647 -0.11900  0.60933  0.64098
  0.69797  0.73646  0.82528  1.21346  1.25910  1.26940  1.36862  1.37607
                               OCCUPATION 
  1.00000  1.00000  1.00000  1.00000  1.00000  1.00000  0.00000  0.00000
  0.00000  0.00000  0.00000  0.00000  0.00000  0.00000  0.00000  0.00000
 NKP=   97  NGP=       300  K=( -0.03262  0.09787  1.53327)  WKP= 0.0044
                              EIGEN VALUE 
 -0.33369 -0.16668 -0.14604 -0.14443 -0.13382 -0.12075  0.60016  0.65662
  0.76794  0.82267  0.90237  1.10373  1.15150  1.24853  1.27738  1.35405
                               OCCUPATION 
  1.00000  1.00000  1.00000  1.00000  1.00000  1.00000  0.00000  0.00000
  0.00000  0.00000  0.00000  0.00000  0.00000  0.00000  0.00000  0.00000
 NKP=   98  NGP=       301  K=(  0.03262  0.03262  1.59852)  WKP= 0.0022
                              EIGEN VALUE 
 -0.35502 -0.16229 -0.14838 -0.14833 -0.13209 -0.12284  0.68835  0.73243
  0.75697  0.82186  0.97458  1.08288  1.14296  1.15335  1.25896  1.30563
                               OCCUPATION 
  1.00000  1.00000  1.00000  1.00000  1.00000  1.00000  0.00000  0.00000
  0.00000  0.00000  0.00000  0.00000  0.00000  0.00000  0.00000  0.00000
 NKP=   99  NGP=       304  K=(  0.09787  0.09787  0.09787)  WKP= 0.0007
                              EIGEN VALUE 
 -0.36821 -0.15762 -0.15210 -0.15210 -0.12648 -0.12648  0.68036  0.82850
  0.84227  0.84227  1.03029  1.03029  1.04790  1.17506  1.17506  1.20463
                               OCCUPATION 
  1.00000  1.00000  1.00000  1.00000  1.00000  1.00000  0.00000  0.00000
  0.00000  0.00000  0.00000  0.00000  0.00000  0.00000  0.00000  0.00000
 NKP=  100  NGP=       305  K=(  0.03262  0.16311  0.16311)  WKP= 0.0022
                              EIGEN VALUE 
 -0.35506 -0.16049 -0.14995 -0.14983 -0.12969 -0.12399  0.63680  0.69798
  0.87094  0.91045  0.99010  0.99319  1.07086  1.17219  1.19493  1.29592
                               OCCUPATION 
  1.00000  1.00000  1.00000  1.00000  1.00000  1.00000  0.00000  0.00000
  0.00000  0.00000  0.00000  0.00000  0.00000  0.00000  0.00000  0.00000
 NKP=  101  NGP=       301  K=( -0.03262  0.22836  0.22836)  WKP= 0.0022
                              EIGEN VALUE 
 -0.32959 -0.16475 -0.14854 -0.14589 -0.13256 -0.11954  0.55032  0.61119
  0.89532  0.94174  0.94461  0.97747  1.01468  1.18635  1.28319  1.39319
                               OCCUPATION 
  1.00000  1.00000  1.00000  1.00000  1.00000  1.00000  0.00000  0.00000
  0.00000  0.00000  0.00000  0.00000  0.00000  0.00000  0.00000  0.00000
 NKP=  102  NGP=       302  K=( -0.09787  0.29361  0.29361)  WKP= 0.0022
                              EIGEN VALUE 
 -0.29427 -0.16769 -0.15025 -0.14471 -0.13040 -0.11146  0.41919  0.58805
  0.85605  0.88805  0.93469  0.95944  1.10358  1.19626  1.29190  1.49192
                               OCCUPATION 
  1.00000  1.00000  1.00000  1.00000  1.00000  1.00000  0.00000  0.00000
  0.00000  0.00000  0.00000  0.00000  0.00000  0.00000  0.00000  0.00000
 NKP=  103  NGP=       297  K=( -0.16311  0.35885  0.35885)  WKP= 0.0022
                              EIGEN VALUE 
 -0.25604 -0.16436 -0.15395 -0.14745 -0.12263 -0.09951  0.29721  0.57785
  0.80800  0.81607  0.92745  0.97860  1.18978  1.20887  1.33162  1.58900
                               OCCUPATION 
  1.00000  1.00000  1.00000  1.00000  1.00000  1.00000  0.00000  0.00000
  0.00000  0.00000  0.00000  0.00000  0.00000  0.00000  0.00000  0.00000
 NKP=  104  NGP=       295  K=( -0.22836  0.42410  0.42410)  WKP= 0.0022
                              EIGEN VALUE 
 -0.22974 -0.15783 -0.15014 -0.14884 -0.11421 -0.07930  0.18919  0.58004
  0.75572  0.76958  0.93158  0.98726  1.17303  1.32570  1.41292  1.62948
                               OCCUPATION 
  1.00000  1.00000  1.00000  1.00000  1.00000  1.00000  0.00000  0.00000
  0.00000  0.00000  0.00000  0.00000  0.00000  0.00000  0.00000  0.00000
 NKP=  105  NGP=       292  K=( -0.29361  0.48934  0.48934)  WKP= 0.0022
                              EIGEN VALUE 
 -0.22086 -0.16044 -0.15143 -0.13487 -0.10777 -0.04510  0.10785  0.59508
  0.70898  0.74304  0.94700  0.99063  1.15763  1.45264  1.49721  1.52933
                               OCCUPATION 
  1.00000  1.00000  1.00000  1.00000  1.00000  0.48785  0.00000  0.00000
  0.00000  0.00000  0.00000  0.00000  0.00000  0.00000  0.00000  0.00000
 NKP=  106  NGP=       294  K=( -0.35885  0.55459  0.55459)  WKP= 0.0022
                              EIGEN VALUE 
 -0.22097 -0.16099 -0.15101 -0.13637 -0.10488 -0.04611  0.10768  0.62281
  0.67692  0.72872  0.97400  0.99483  1.14321  1.37797  1.58038  1.62290
                               OCCUPATION 
  1.00000  1.00000  1.00000  1.00000  1.00000  0.86284  0.00000  0.00000
  0.00000  0.00000  0.00000  0.00000  0.00000  0.00000  0.00000  0.00000
 NKP=  107  NGP=       296  K=( -0.42410  0.61983  0.61983)  WKP= 0.0022
                              EIGEN VALUE 
 -0.23004 -0.15972 -0.15062 -0.14913 -0.10604 -0.08423  0.18885  0.65998
  0.66114  0.72738  1.00342  1.01277  1.12045  1.27259  1.54485  1.61731
                               OCCUPATION 
  1.00000  1.00000  1.00000  1.00000  1.00000  1.00000  0.00000  0.00000
  0.00000  0.00000  0.00000  0.00000  0.00000  0.00000  0.00000  0.00000
 NKP=  108  NGP=       298  K=( -0.48934  0.68508  0.68508)  WKP= 0.0022
                              EIGEN VALUE 
 -0.25633 -0.16665 -0.15434 -0.14656 -0.11051 -0.10928  0.29684  0.65785
  0.69948  0.74719  1.01364  1.06314  1.07120  1.21393  1.43442  1.52939
                               OCCUPATION 
  1.00000  1.00000  1.00000  1.00000  1.00000  1.00000  0.00000  0.00000
  0.00000  0.00000  0.00000  0.00000  0.00000  0.00000  0.00000  0.00000
 NKP=  109  NGP=       300  K=( -0.55459  0.75033  0.75033)  WKP= 0.0022
                              EIGEN VALUE 
 -0.29437 -0.16947 -0.14978 -0.14470 -0.12395 -0.11631  0.41888  0.66979
  0.72240  0.80002  0.97448  1.05138  1.12335  1.19665  1.33516  1.44172
                               OCCUPATION 
  1.00000  1.00000  1.00000  1.00000  1.00000  1.00000  0.00000  0.00000
  0.00000  0.00000  0.00000  0.00000  0.00000  0.00000  0.00000  0.00000
 NKP=  110  NGP=       299  K=( -0.61983  0.81557  0.81557)  WKP= 0.0022
                              EIGEN VALUE 
 -0.32958 -0.16655 -0.14660 -0.14528 -0.13199 -0.12075  0.55105  0.69490
  0.74124  0.85558  0.91636  1.06949  1.17677  1.18941  1.26620  1.36111
                               OCCUPATION 
  1.00000  1.00000  1.00000  1.00000  1.00000  1.00000  0.00000  0.00000
  0.00000  0.00000  0.00000  0.00000  0.00000  0.00000  0.00000  0.00000
 NKP=  111  NGP=       301  K=(  0.09787  0.09787  0.22836)  WKP= 0.0022
                              EIGEN VALUE 
 -0.34645 -0.16254 -0.14855 -0.14830 -0.13061 -0.12316  0.59142  0.74199
  0.77101  0.90435  0.95347  1.04323  1.13794  1.14078  1.21786  1.30728
                               OCCUPATION 
  1.00000  1.00000  1.00000  1.00000  1.00000  1.00000  0.00000  0.00000
  0.00000  0.00000  0.00000  0.00000  0.00000  0.00000  0.00000  0.00000
 NKP=  112  NGP=       300  K=(  0.03262  0.16311  0.29361)  WKP= 0.0044
                              EIGEN VALUE 
 -0.32543 -0.16680 -0.14761 -0.14409 -0.13295 -0.11919  0.55361  0.61330
  0.82288  0.85865  0.92446  1.05522  1.08432  1.23392  1.28798  1.39814
                               OCCUPATION 
  1.00000  1.00000  1.00000  1.00000  1.00000  1.00000  0.00000  0.00000
  0.00000  0.00000  0.00000  0.00000  0.00000  0.00000  0.00000  0.00000
 NKP=  113  NGP=       299  K=( -0.03262  0.22836  0.35885)  WKP= 0.0044
                              EIGEN VALUE 
 -0.29385 -0.17093 -0.15055 -0.13949 -0.13284 -0.11076  0.47273  0.53342
  0.78535  0.86284  0.93300  1.02649  1.10084  1.25279  1.35785  1.49344
                               OCCUPATION 
  1.00000  1.00000  1.00000  1.00000  1.00000  1.00000  0.00000  0.00000
  0.00000  0.00000  0.00000  0.00000  0.00000  0.00000  0.00000  0.00000
 NKP=  114  NGP=       300  K=( -0.09787  0.29361  0.42410)  WKP= 0.0044
                              EIGEN VALUE 
 -0.25677 -0.17187 -0.15572 -0.14108 -0.12472 -0.09726  0.34824  0.51813
  0.71873  0.84566  0.95592  1.03708  1.13112  1.28453  1.36453  1.63036
                               OCCUPATION 
  1.00000  1.00000  1.00000  1.00000  1.00000  1.00000  0.00000  0.00000
  0.00000  0.00000  0.00000  0.00000  0.00000  0.00000  0.00000  0.00000
 NKP=  115  NGP=       299  K=( -0.16311  0.35885  0.48934)  WKP= 0.0044
                              EIGEN VALUE 
 -0.22662 -0.16520 -0.16004 -0.14382 -0.11536 -0.07423  0.23443  0.51658
  0.66092  0.81996  0.94359  1.08538  1.18092  1.28707  1.43192  1.63982
                               OCCUPATION 
  1.00000  1.00000  1.00000  1.00000  1.00000  1.00000  0.00000  0.00000
  0.00000  0.00000  0.00000  0.00000  0.00000  0.00000  0.00000  0.00000
 NKP=  116  NGP=       294  K=( -0.22836  0.42410  0.55459)  WKP= 0.0044
                              EIGEN VALUE 
 -0.21423 -0.16544 -0.15044 -0.14565 -0.10889 -0.03405  0.13864  0.52820
  0.61429  0.79768  0.93984  1.10357  1.23123  1.32358  1.49575  1.54298
                               OCCUPATION 
  1.00000  1.00000  1.00000  1.00000  1.00000 -0.00000  0.00000  0.00000
  0.00000  0.00000  0.00000  0.00000  0.00000  0.00000  0.00000  0.00000
 NKP=  117  NGP=       295  K=( -0.29361  0.48934  0.61983)  WKP= 0.0044
                              EIGEN VALUE 
 -0.21232 -0.16668 -0.14674 -0.14578 -0.10627 -0.00947  0.09995  0.55186
  0.58139  0.78348  0.94793  1.11280  1.22656  1.36120  1.44786  1.63126
                               OCCUPATION 
  1.00000  1.00000  1.00000  1.00000  1.00000  0.00000  0.00000  0.00000
  0.00000  0.00000  0.00000  0.00000  0.00000  0.00000  0.00000  0.00000
 NKP=  118  NGP=       296  K=( -0.35885  0.55459  0.68508)  WKP= 0.0044
                              EIGEN VALUE 
 -0.21702 -0.16590 -0.15437 -0.14470 -0.10755 -0.05066  0.16740  0.55582
  0.59444  0.77879  0.96680  1.11887  1.18528  1.28574  1.56033  1.58258
                               OCCUPATION 
  1.00000  1.00000  1.00000  1.00000  1.00000  1.00033  0.00000  0.00000
  0.00000  0.00000  0.00000  0.00000  0.00000  0.00000  0.00000  0.00000
 NKP=  119  NGP=       299  K=( -0.42410  0.61983  0.75033)  WKP= 0.0044
                              EIGEN VALUE 
 -0.23528 -0.17034 -0.15844 -0.14235 -0.11344 -0.08686  0.27053  0.54933
  0.64347  0.78300  0.99216  1.07647  1.14712  1.27751  1.45726  1.65892
                               OCCUPATION 
  1.00000  1.00000  1.00000  1.00000  1.00000  1.00000  0.00000  0.00000
  0.00000  0.00000  0.00000  0.00000  0.00000  0.00000  0.00000  0.00000
 NKP=  120  NGP=       299  K=( -0.48934  0.68508  0.81557)  WKP= 0.0044
                              EIGEN VALUE 
 -0.26937 -0.17370 -0.15356 -0.13994 -0.12339 -0.10562  0.38862  0.55547
  0.70330  0.79437  0.96147  1.05415  1.15071  1.28887  1.37205  1.56823
                               OCCUPATION 
  1.00000  1.00000  1.00000  1.00000  1.00000  1.00000  0.00000  0.00000
  0.00000  0.00000  0.00000  0.00000  0.00000  0.00000  0.00000  0.00000
 NKP=  121  NGP=       299  K=( -0.55459  0.75033  0.88082)  WKP= 0.0044
                              EIGEN VALUE 
 -0.30536 -0.17119 -0.14823 -0.13984 -0.13209 -0.11564  0.51635  0.57503
  0.76804  0.80455  0.89133  1.09960  1.14151  1.28371  1.33338  1.45610
                               OCCUPATION 
  1.00000  1.00000  1.00000  1.00000  1.00000  1.00000  0.00000  0.00000
  0.00000  0.00000  0.00000  0.00000  0.00000  0.00000  0.00000  0.00000
 NKP=  122  NGP=       299  K=(  0.09787  0.09787  0.35885)  WKP= 0.0022
                              EIGEN VALUE 
 -0.30933 -0.17121 -0.14661 -0.14158 -0.13028 -0.11802  0.51361  0.65074
  0.71190  0.78105  0.88345  1.12629  1.20702  1.24056  1.32999  1.41944
                               OCCUPATION 
  1.00000  1.00000  1.00000  1.00000  1.00000  1.00000  0.00000  0.00000
  0.00000  0.00000  0.00000  0.00000  0.00000  0.00000  0.00000  0.00000
 NKP=  123  NGP=       300  K=(  0.03262  0.16311  0.42410)  WKP= 0.0044
                              EIGEN VALUE 
 -0.28291 -0.17599 -0.15023 -0.13504 -0.12829 -0.11133  0.48209  0.53974
  0.68910  0.77365  0.86313  1.13827  1.21021  1.33991  1.38100  1.50679
                               OCCUPATION 
  1.00000  1.00000  1.00000  1.00000  1.00000  1.00000  0.00000  0.00000
  0.00000  0.00000  0.00000  0.00000  0.00000  0.00000  0.00000  0.00000
 NKP=  124  NGP=       299  K=( -0.03262  0.22836  0.48934)  WKP= 0.0044
                              EIGEN VALUE 
 -0.25023 -0.17921 -0.15626 -0.13058 -0.12426 -0.09635  0.40794  0.46871
  0.61952  0.81101  0.89390  1.09093  1.24640  1.37749  1.43992  1.57016
                               OCCUPATION 
  1.00000  1.00000  1.00000  1.00000  1.00000  1.00000  0.00000  0.00000
  0.00000  0.00000  0.00000  0.00000  0.00000  0.00000  0.00000  0.00000
 NKP=  125  NGP=       297  K=( -0.09787  0.29361  0.55459)  WKP= 0.0044
                              EIGEN VALUE 
 -0.22049 -0.17842 -0.16188 -0.13340 -0.11439 -0.06914  0.29123  0.46188
  0.55788  0.80977  0.96862  1.06842  1.25515  1.38940  1.49120  1.65467
                               OCCUPATION 
  1.00000  1.00000  1.00000  1.00000  1.00000  1.00000  0.00000  0.00000
  0.00000  0.00000  0.00000  0.00000  0.00000  0.00000  0.00000  0.00000
 NKP=  126  NGP=       296  K=( -0.16311  0.35885  0.61983)  WKP= 0.0044
                              EIGEN VALUE 
 -0.20492 -0.17537 -0.16157 -0.13646 -0.10839 -0.02270  0.18637  0.46944
  0.50760  0.80888  0.98160  1.13892  1.25139  1.37507  1.50244  1.59494
                               OCCUPATION 
  1.00000  1.00000  1.00000  1.00000  1.00000  0.00000  0.00000  0.00000
  0.00000  0.00000  0.00000  0.00000  0.00000  0.00000  0.00000  0.00000
 NKP=  127  NGP=       297  K=( -0.22836  0.42410  0.68508)  WKP= 0.0044
                              EIGEN VALUE 
 -0.20052 -0.17576 -0.15680 -0.13865 -0.10696  0.03003  0.11099  0.46624
  0.49391  0.81537  0.96654  1.24301  1.25972  1.33175  1.40510  1.66206
                               OCCUPATION 
  1.00000  1.00000  1.00000  1.00000  1.00000  0.00000  0.00000  0.00000
  0.00000  0.00000  0.00000  0.00000  0.00000  0.00000  0.00000  0.00000
 NKP=  128  NGP=       295  K=( -0.29361  0.48934  0.75033)  WKP= 0.0044
                              EIGEN VALUE 
 -0.20180 -0.17417 -0.16035 -0.13803 -0.10950 -0.00242  0.15586  0.44111
  0.52821  0.83038  0.95633  1.20545  1.24225  1.37342  1.42751  1.56941
                               OCCUPATION 
  1.00000  1.00000  1.00000  1.00000  1.00000  0.00000  0.00000  0.00000
  0.00000  0.00000  0.00000  0.00000  0.00000  0.00000  0.00000  0.00000
 NKP=  129  NGP=       296  K=( -0.35885  0.55459  0.81557)  WKP= 0.0044
                              EIGEN VALUE 
 -0.21213 -0.17411 -0.16533 -0.13546 -0.11593 -0.05319  0.25486  0.42884
  0.57547  0.85222  0.95016  1.10082  1.22925  1.39459  1.46870  1.57232
                               OCCUPATION 
  1.00000  1.00000  1.00000  1.00000  1.00000  1.00000  0.00000  0.00000
  0.00000  0.00000  0.00000  0.00000  0.00000  0.00000  0.00000  0.00000
 NKP=  130  NGP=       300  K=( -0.42410  0.61983  0.88082)  WKP= 0.0044
                              EIGEN VALUE 
 -0.23859 -0.17710 -0.15990 -0.13235 -0.12551 -0.08547  0.36755  0.43152
  0.63391  0.87293  0.92388  1.04436  1.21035  1.35199  1.45534  1.58829
                               OCCUPATION 
  1.00000  1.00000  1.00000  1.00000  1.00000  1.00000  0.00000  0.00000
  0.00000  0.00000  0.00000  0.00000  0.00000  0.00000  0.00000  0.00000
 NKP=  131  NGP=       300  K=( -0.48934  0.68508  0.94606)  WKP= 0.0044
                              EIGEN VALUE 
 -0.27226 -0.17496 -0.15344 -0.13532 -0.12939 -0.10465  0.43870  0.49936
  0.70172  0.83522  0.91294  1.05941  1.17018  1.31207  1.39623  1.53236
                               OCCUPATION 
  1.00000  1.00000  1.00000  1.00000  1.00000  1.00000  0.00000  0.00000
  0.00000  0.00000  0.00000  0.00000  0.00000  0.00000  0.00000  0.00000
 NKP=  132  NGP=       300  K=(  0.09787  0.09787  0.48934)  WKP= 0.0022
                              EIGEN VALUE 
 -0.26326 -0.18140 -0.14901 -0.13252 -0.11667 -0.11216  0.44790  0.57276
  0.60056  0.68682  0.83093  1.25017  1.26669  1.35675  1.47545  1.55575
                               OCCUPATION 
  1.00000  1.00000  1.00000  1.00000  1.00000  1.00000  0.00000  0.00000
  0.00000  0.00000  0.00000  0.00000  0.00000  0.00000  0.00000  0.00000
 NKP=  133  NGP=       302  K=(  0.03262  0.16311  0.55459)  WKP= 0.0044
                              EIGEN VALUE 
 -0.23907 -0.18571 -0.15053 -0.12422 -0.11683 -0.09627  0.42314  0.47861
  0.52962  0.72885  0.82025  1.21091  1.35974  1.45033  1.49955  1.60262
                               OCCUPATION 
  1.00000  1.00000  1.00000  1.00000  1.00000  1.00000  0.00000  0.00000
  0.00000  0.00000  0.00000  0.00000  0.00000  0.00000  0.00000  0.00000
 NKP=  134  NGP=       299  K=( -0.03262  0.22836  0.61983)  WKP= 0.0044
                              EIGEN VALUE 
 -0.21697 -0.18735 -0.15469 -0.12063 -0.11370 -0.06435  0.35691  0.41807
  0.46434  0.77329  0.86365  1.15857  1.40681  1.50119  1.55564  1.65628
                               OCCUPATION 
  1.00000  1.00000  1.00000  1.00000  1.00000  1.00000  0.00000  0.00000
  0.00000  0.00000  0.00000  0.00000  0.00000  0.00000  0.00000  0.00000
 NKP=  135  NGP=       296  K=( -0.09787  0.29361  0.68508)  WKP= 0.0044
                              EIGEN VALUE 
 -0.20243 -0.18578 -0.15849 -0.12507 -0.10726 -0.01287  0.24905  0.40768
  0.42324  0.78340  0.96294  1.11809  1.39826  1.50067  1.52386  1.65992
                               OCCUPATION 
  1.00000  1.00000  1.00000  1.00000  1.00000  0.00000  0.00000  0.00000
  0.00000  0.00000  0.00000  0.00000  0.00000  0.00000  0.00000  0.00000
 NKP=  136  NGP=       293  K=( -0.16311  0.35885  0.75033)  WKP= 0.0044
                              EIGEN VALUE 
 -0.19395 -0.18431 -0.16050 -0.12925 -0.10589  0.05458  0.15412  0.36664
  0.44026  0.79578  1.04117  1.12636  1.36552  1.37889  1.52186  1.69474
                               OCCUPATION 
  1.00000  1.00000  1.00000  1.00000  1.00000  0.00000  0.00000  0.00000
  0.00000  0.00000  0.00000  0.00000  0.00000  0.00000  0.00000  0.00000
 NKP=  137  NGP=       292  K=( -0.22836  0.42410  0.81557)  WKP= 0.0044
                              EIGEN VALUE 
 -0.18870 -0.18339 -0.16458 -0.13119 -0.10881  0.05832  0.15197  0.33729
  0.47224  0.81747  1.02920  1.20730  1.27446  1.35252  1.52601  1.59654
                               OCCUPATION 
  1.00000  1.00000  1.00000  1.00000  1.00000  0.00000  0.00000  0.00000
  0.00000  0.00000  0.00000  0.00000  0.00000  0.00000  0.00000  0.00000
 NKP=  138  NGP=       292  K=( -0.29361  0.48934  0.88082)  WKP= 0.0044
                              EIGEN VALUE 
 -0.19317 -0.17635 -0.17267 -0.13037 -0.11486 -0.00547  0.24391  0.32454
  0.51654  0.84933  0.99506  1.12532  1.31656  1.39767  1.46905  1.58463
                               OCCUPATION 
  1.00000  1.00000  1.00000  1.00000  1.00000  0.00000  0.00000  0.00000
  0.00000  0.00000  0.00000  0.00000  0.00000  0.00000  0.00000  0.00000
 NKP=  139  NGP=       297  K=( -0.35885  0.55459  0.94606)  WKP= 0.0044
                              EIGEN VALUE 
 -0.21067 -0.17690 -0.16716 -0.13103 -0.12030 -0.05365  0.30278  0.37286
  0.57189  0.87991  0.94208  1.07351  1.25928  1.40011  1.51568  1.56882
                               OCCUPATION 
  1.00000  1.00000  1.00000  1.00000  1.00000  1.00000  0.00000  0.00000
  0.00000  0.00000  0.00000  0.00000  0.00000  0.00000  0.00000  0.00000
 NKP=  140  NGP=       301  K=( -0.42410  0.61983  1.01131)  WKP= 0.0044
                              EIGEN VALUE 
 -0.23738 -0.17489 -0.15940 -0.13762 -0.11949 -0.08602  0.31796  0.48821
  0.63711  0.82692  0.96456  1.05529  1.18394  1.33862  1.42062  1.68140
                               OCCUPATION 
  1.00000  1.00000  1.00000  1.00000  1.00000  1.00000  0.00000  0.00000
  0.00000  0.00000  0.00000  0.00000  0.00000  0.00000  0.00000  0.00000
 NKP=  141  NGP=       303  K=(  0.09787  0.09787  0.61983)  WKP= 0.0022
                              EIGEN VALUE 
 -0.22721 -0.19101 -0.13970 -0.12254 -0.10680 -0.08800  0.39555  0.44905
  0.51113  0.65518  0.79532  1.33551  1.35791  1.51033  1.61672  1.69486
                               OCCUPATION 
  1.00000  1.00000  1.00000  1.00000  1.00000  1.00000  0.00000  0.00000
  0.00000  0.00000  0.00000  0.00000  0.00000  0.00000  0.00000  0.00000
 NKP=  142  NGP=       299  K=(  0.03262  0.16311  0.68508)  WKP= 0.0044
                              EIGEN VALUE 
 -0.21702 -0.19392 -0.13736 -0.11435 -0.10826 -0.05507  0.37667  0.38321
  0.43462  0.69955  0.79335  1.28823  1.49049  1.58066  1.62155  1.69878
                               OCCUPATION 
  1.00000  1.00000  1.00000  1.00000  1.00000  1.00000  0.00000  0.00000
  0.00000  0.00000  0.00000  0.00000  0.00000  0.00000  0.00000  0.00000
 NKP=  143  NGP=       295  K=( -0.03262  0.22836  0.75033)  WKP= 0.0044
                              EIGEN VALUE 
 -0.20856 -0.19349 -0.14206 -0.11510 -0.10522 -0.00200  0.32049  0.32671
  0.38530  0.74975  0.84522  1.23501  1.54111  1.54814  1.63064  1.68794
                               OCCUPATION 
  1.00000  1.00000  1.00000  1.00000  1.00000  0.00000  0.00000  0.00000
  0.00000  0.00000  0.00000  0.00000  0.00000  0.00000  0.00000  0.00000
 NKP=  144  NGP=       293  K=( -0.09787  0.29361  0.81557)  WKP= 0.0044
                              EIGEN VALUE 
 -0.20096 -0.19014 -0.14936 -0.12077 -0.10323  0.06578  0.22334  0.28332
  0.39818  0.76880  0.95492  1.18699  1.40024  1.50654  1.67350  1.73337
                               OCCUPATION 
  1.00000  1.00000  1.00000  1.00000  1.00000  0.00000  0.00000  0.00000
  0.00000  0.00000  0.00000  0.00000  0.00000  0.00000  0.00000  0.00000
 NKP=  145  NGP=       294  K=( -0.16311  0.35885  0.88082)  WKP= 0.0044
                              EIGEN VALUE 
 -0.19301 -0.18604 -0.15873 -0.12556 -0.10549  0.12978  0.14532  0.25999
  0.42679  0.78941  1.08172  1.13569  1.28541  1.45838  1.60353  1.72308
                               OCCUPATION 
  1.00000  1.00000  1.00000  1.00000  1.00000  0.00000  0.00000  0.00000
  0.00000  0.00000  0.00000  0.00000  0.00000  0.00000  0.00000  0.00000
 NKP=  146  NGP=       292  K=( -0.22836  0.42410  0.94606)  WKP= 0.0044
                              EIGEN VALUE 
 -0.18588 -0.18406 -0.16757 -0.12902 -0.10979  0.05779  0.19051  0.28710
  0.46809  0.81718  1.05898  1.17253  1.26827  1.38379  1.53001  1.65315
                               OCCUPATION 
  1.00000  1.00000  1.00000  1.00000  1.00000  0.00000  0.00000  0.00000
  0.00000  0.00000  0.00000  0.00000  0.00000  0.00000  0.00000  0.00000
 NKP=  147  NGP=       294  K=( -0.29361  0.48934  1.01131)  WKP= 0.0044
                              EIGEN VALUE 
 -0.19667 -0.17647 -0.16703 -0.13361 -0.11239 -0.00416  0.19936  0.37832
  0.52040  0.84363  0.97510  1.16036  1.28344  1.40515  1.45724  1.53681
                               OCCUPATION 
  1.00000  1.00000  1.00000  1.00000  1.00000  0.00000  0.00000  0.00000
  0.00000  0.00000  0.00000  0.00000  0.00000  0.00000  0.00000  0.00000
 NKP=  148  NGP=       297  K=( -0.35885  0.55459  1.07655)  WKP= 0.0044
                              EIGEN VALUE 
 -0.21447 -0.16981 -0.16127 -0.14036 -0.11128 -0.05222  0.20854  0.49125
  0.58275  0.81575  0.95841  1.13734  1.19056  1.32795  1.50594  1.57679
                               OCCUPATION 
  1.00000  1.00000  1.00000  1.00000  1.00000  1.00000  0.00000  0.00000
  0.00000  0.00000  0.00000  0.00000  0.00000  0.00000  0.00000  0.00000
 NKP=  149  NGP=       303  K=(  0.09787  0.09787  0.75033)  WKP= 0.0022
                              EIGEN VALUE 
 -0.21671 -0.19813 -0.12242 -0.11396 -0.10299 -0.03027  0.31235  0.36012
  0.46929  0.63773  0.77454  1.41260  1.45513  1.68808  1.69221  1.74973
                               OCCUPATION 
  1.00000  1.00000  1.00000  1.00000  1.00000  0.00000  0.00000  0.00000
  0.00000  0.00000  0.00000  0.00000  0.00000  0.00000  0.00000  0.00000
 NKP=  150  NGP=       299  K=(  0.03262  0.16311  0.81557)  WKP= 0.0044
                              EIGEN VALUE 
 -0.21412 -0.19903 -0.12386 -0.11070 -0.10204  0.01333  0.25954  0.35267
  0.40729  0.68388  0.77969  1.36835  1.58126  1.59111  1.68770  1.79502
                               OCCUPATION 
  1.00000  1.00000  1.00000  1.00000  1.00000  0.00000  0.00000  0.00000
  0.00000  0.00000  0.00000  0.00000  0.00000  0.00000  0.00000  0.00000
 NKP=  151  NGP=       295  K=( -0.03262  0.22836  0.88082)  WKP= 0.0044
                              EIGEN VALUE 
 -0.20895 -0.19633 -0.13316 -0.11477 -0.10045  0.06470  0.22860  0.30627
  0.36999  0.73981  0.83771  1.30260  1.45329  1.62714  1.73762  1.78189
                               OCCUPATION 
  1.00000  1.00000  1.00000  1.00000  1.00000  0.00000  0.00000  0.00000
  0.00000  0.00000  0.00000  0.00000  0.00000  0.00000  0.00000  0.00000
 NKP=  152  NGP=       292  K=( -0.09787  0.29361  0.94606)  WKP= 0.0044
                              EIGEN VALUE 
 -0.20146 -0.19091 -0.14679 -0.12028 -0.10225  0.09932  0.21584  0.24286
  0.39335  0.76590  0.95308  1.21420  1.36407  1.54099  1.68323  1.78967
                               OCCUPATION 
  1.00000  1.00000  1.00000  1.00000  1.00000  0.00000  0.00000  0.00000
  0.00000  0.00000  0.00000  0.00000  0.00000  0.00000  0.00000  0.00000
 NKP=  153  NGP=       293  K=( -0.16311  0.35885  1.01131)  WKP= 0.0044
                              EIGEN VALUE 
 -0.19270 -0.18595 -0.15946 -0.12681 -0.10558  0.09773  0.14501  0.30580
  0.43127  0.79157  1.06794  1.12767  1.31844  1.42454  1.59982  1.66339
                               OCCUPATION 
  1.00000  1.00000  1.00000  1.00000  1.00000  0.00000  0.00000  0.00000
  0.00000  0.00000  0.00000  0.00000  0.00000  0.00000  0.00000  0.00000
 NKP=  154  NGP=       291  K=( -0.22836  0.42410  1.07655)  WKP= 0.0044
                              EIGEN VALUE 
 -0.19422 -0.18021 -0.16067 -0.13468 -0.10762  0.05300  0.11928  0.39952
  0.48060  0.81738  0.99518  1.24223  1.28679  1.31514  1.45527  1.63028
                               OCCUPATION 
  1.00000  1.00000  1.00000  1.00000  1.00000  0.00000  0.00000  0.00000
  0.00000  0.00000  0.00000  0.00000  0.00000  0.00000  0.00000  0.00000
 NKP=  155  NGP=       295  K=( -0.29361  0.48934  1.14180)  WKP= 0.0044
                              EIGEN VALUE 
 -0.20721 -0.17060 -0.15328 -0.14247 -0.10729 -0.00268  0.12078  0.50720
  0.54076  0.80922  0.94754  1.17737  1.25505  1.32431  1.43533  1.61669
                               OCCUPATION 
  1.00000  1.00000  1.00000  1.00000  1.00000  0.00000  0.00000  0.00000
  0.00000  0.00000  0.00000  0.00000  0.00000  0.00000  0.00000  0.00000
 NKP=  156  NGP=       298  K=(  0.09787  0.09787  0.88082)  WKP= 0.0022
                              EIGEN VALUE 
 -0.21616 -0.20142 -0.11422 -0.10949 -0.10135  0.03154  0.22047  0.34363
  0.45057  0.63063  0.76621  1.47809  1.53398  1.62982  1.67393  1.83406
                               OCCUPATION 
  1.00000  1.00000  1.00000  1.00000  1.00000  0.00000  0.00000  0.00000
  0.00000  0.00000  0.00000  0.00000  0.00000  0.00000  0.00000  0.00000
 NKP=  157  NGP=       299  K=(  0.03262  0.16311  0.94606)  WKP= 0.0044
                              EIGEN VALUE 
 -0.21424 -0.20010 -0.12051 -0.11073 -0.10044  0.04052  0.22246  0.34717
  0.40171  0.68080  0.77709  1.39798  1.54872  1.61703  1.72934  1.77377
                               OCCUPATION 
  1.00000  1.00000  1.00000  1.00000  1.00000  0.00000  0.00000  0.00000
  0.00000  0.00000  0.00000  0.00000  0.00000  0.00000  0.00000  0.00000
 NKP=  158  NGP=       295  K=( -0.03262  0.22836  1.01131)  WKP= 0.0044
                              EIGEN VALUE 
 -0.20861 -0.19537 -0.13642 -0.11461 -0.10213  0.03532  0.26769  0.31169
  0.37511  0.74311  0.84018  1.27345  1.49003  1.59579  1.69007  1.76664
                               OCCUPATION 
  1.00000  1.00000  1.00000  1.00000  1.00000  0.00000  0.00000  0.00000
  0.00000  0.00000  0.00000  0.00000  0.00000  0.00000  0.00000  0.00000
 NKP=  159  NGP=       294  K=( -0.09787  0.29361  1.07655)  WKP= 0.0044
                              EIGEN VALUE 
 -0.20071 -0.18848 -0.15372 -0.12225 -0.10496  0.02511  0.23407  0.34215
  0.40781  0.77463  0.95840  1.15190  1.45301  1.45733  1.58979  1.74213
                               OCCUPATION 
  1.00000  1.00000  1.00000  1.00000  1.00000  0.00000  0.00000  0.00000
  0.00000  0.00000  0.00000  0.00000  0.00000  0.00000  0.00000  0.00000
 NKP=  160  NGP=       295  K=( -0.16311  0.35885  1.14180)  WKP= 0.0044
                              EIGEN VALUE 
 -0.19807 -0.18049 -0.16130 -0.13260 -0.10671  0.01343  0.16813  0.43314
  0.45450  0.80177  1.01033  1.13137  1.31753  1.41436  1.46022  1.67421
                               OCCUPATION 
  1.00000  1.00000  1.00000  1.00000  1.00000  0.00000  0.00000  0.00000
  0.00000  0.00000  0.00000  0.00000  0.00000  0.00000  0.00000  0.00000
 NKP=  161  NGP=       301  K=(  0.09787  0.09787  1.01131)  WKP= 0.0022
                              EIGEN VALUE 
 -0.21613 -0.20031 -0.11695 -0.11105 -0.10189  0.00494  0.25687  0.34918
  0.45687  0.63298  0.76895  1.45033  1.50017  1.65952  1.70615  1.80053
                               OCCUPATION 
  1.00000  1.00000  1.00000  1.00000  1.00000  0.00000  0.00000  0.00000
  0.00000  0.00000  0.00000  0.00000  0.00000  0.00000  0.00000  0.00000
 NKP=  162  NGP=       299  K=(  0.03262  0.16311  1.07655)  WKP= 0.0044
                              EIGEN VALUE 
 -0.21452 -0.19694 -0.12970 -0.11165 -0.10486 -0.02223  0.31551  0.36351
  0.41832  0.69009  0.78503  1.32891  1.54269  1.62987  1.64786  1.70177
                               OCCUPATION 
  1.00000  1.00000  1.00000  1.00000  1.00000  0.00000  0.00000  0.00000
  0.00000  0.00000  0.00000  0.00000  0.00000  0.00000  0.00000  0.00000
 NKP=  163  NGP=       296  K=( -0.03262  0.22836  1.14180)  WKP= 0.0044
                              EIGEN VALUE 
 -0.21040 -0.19077 -0.14884 -0.11701 -0.10921 -0.03665  0.33717  0.38940
  0.40216  0.75978  0.85299  1.19591  1.48216  1.56296  1.60019  1.62813
                               OCCUPATION 
  1.00000  1.00000  1.00000  1.00000  1.00000 -0.00000  0.00000  0.00000
  0.00000  0.00000  0.00000  0.00000  0.00000  0.00000  0.00000  0.00000
 NKP=  164  NGP=       298  K=( -0.09787  0.29361  1.20705)  WKP= 0.0044
                              EIGEN VALUE 
 -0.20853 -0.18223 -0.16171 -0.12899 -0.11030 -0.04480  0.26819  0.43916
  0.48214  0.79515  0.96719  1.08936  1.32942  1.44325  1.56198  1.59616
                               OCCUPATION 
  1.00000  1.00000  1.00000  1.00000  1.00000  0.36098  0.00000  0.00000
  0.00000  0.00000  0.00000  0.00000  0.00000  0.00000  0.00000  0.00000
 NKP=  165  NGP=       303  K=(  0.09787  0.09787  1.14180)  WKP= 0.0022
                              EIGEN VALUE 
 -0.21950 -0.19499 -0.13047 -0.11791 -0.10465 -0.06293  0.37283  0.38054
  0.48751  0.64505  0.78323  1.37342  1.40722  1.59955  1.66941  1.74140
                               OCCUPATION 
  1.00000  1.00000  1.00000  1.00000  1.00000  1.00000  0.00000  0.00000
  0.00000  0.00000  0.00000  0.00000  0.00000  0.00000  0.00000  0.00000
 NKP=  166  NGP=       303  K=(  0.03262  0.16311  1.20705)  WKP= 0.0044
                              EIGEN VALUE 
 -0.22440 -0.19012 -0.14529 -0.11882 -0.11205 -0.08016  0.39890  0.44780
  0.45996  0.71241  0.80497  1.24872  1.42995  1.51203  1.56095  1.66221
                               OCCUPATION 
  1.00000  1.00000  1.00000  1.00000  1.00000  1.00000  0.00000  0.00000
  0.00000  0.00000  0.00000  0.00000  0.00000  0.00000  0.00000  0.00000
 NKP=  167  NGP=       299  K=( -0.03262  0.22836  1.27229)  WKP= 0.0044
                              EIGEN VALUE 
 -0.23064 -0.18343 -0.15722 -0.12547 -0.11874 -0.08381  0.38060  0.44159
  0.54008  0.79035  0.87731  1.12364  1.32633  1.44152  1.49311  1.61027
                               OCCUPATION 
  1.00000  1.00000  1.00000  1.00000  1.00000  1.00000  0.00000  0.00000
  0.00000  0.00000  0.00000  0.00000  0.00000  0.00000  0.00000  0.00000
 NKP=  168  NGP=       302  K=(  0.09787  0.09787  1.27229)  WKP= 0.0022
                              EIGEN VALUE 
 -0.24220 -0.18641 -0.14660 -0.12752 -0.10935 -0.10506  0.41994  0.52387
  0.53970  0.66863  0.81112  1.29982  1.30624  1.42864  1.54929  1.62985
                               OCCUPATION 
  1.00000  1.00000  1.00000  1.00000  1.00000  1.00000  0.00000  0.00000
  0.00000  0.00000  0.00000  0.00000  0.00000  0.00000  0.00000  0.00000
 NKP=  169  NGP=       301  K=(  0.03262  0.16311  1.33754)  WKP= 0.0044
                              EIGEN VALUE 
 -0.25981 -0.18092 -0.15172 -0.12978 -0.12269 -0.10556  0.45095  0.50758
  0.60825  0.74913  0.83953  1.17449  1.28452  1.39541  1.43691  1.55296
                               OCCUPATION 
  1.00000  1.00000  1.00000  1.00000  1.00000  1.00000  0.00000  0.00000
  0.00000  0.00000  0.00000  0.00000  0.00000  0.00000  0.00000  0.00000
 NKP=  170  NGP=       298  K=(  0.09787  0.09787  1.40278)  WKP= 0.0022
                              EIGEN VALUE 
 -0.28665 -0.17625 -0.14822 -0.13727 -0.12492 -0.11510  0.47919  0.60991
  0.67058  0.71748  0.85500  1.18908  1.23603  1.29508  1.40114  1.48442
                               OCCUPATION 
  1.00000  1.00000  1.00000  1.00000  1.00000  1.00000  0.00000  0.00000
  0.00000  0.00000  0.00000  0.00000  0.00000  0.00000  0.00000  0.00000
 NKP=  171  NGP=       304  K=(  0.16311  0.16311  0.16311)  WKP= 0.0007
                              EIGEN VALUE 
 -0.34228 -0.16143 -0.14940 -0.14940 -0.12624 -0.12624  0.54091  0.81032
  0.81032  0.81575  1.04843  1.06762  1.06762  1.12715  1.12715  1.31094
                               OCCUPATION 
  1.00000  1.00000  1.00000  1.00000  1.00000  1.00000  0.00000  0.00000
  0.00000  0.00000  0.00000  0.00000  0.00000  0.00000  0.00000  0.00000
 NKP=  172  NGP=       302  K=(  0.09787  0.22836  0.22836)  WKP= 0.0022
                              EIGEN VALUE 
 -0.32559 -0.16440 -0.14866 -0.14704 -0.13026 -0.12028  0.50046  0.66763
  0.86186  0.88923  0.97658  0.98143  1.07365  1.17019  1.22648  1.37960
                               OCCUPATION 
  1.00000  1.00000  1.00000  1.00000  1.00000  1.00000  0.00000  0.00000
  0.00000  0.00000  0.00000  0.00000  0.00000  0.00000  0.00000  0.00000
 NKP=  173  NGP=       300  K=(  0.03262  0.29361  0.29361)  WKP= 0.0022
                              EIGEN VALUE 
 -0.29767 -0.16881 -0.15023 -0.14133 -0.13470 -0.11056  0.46945  0.53088
  0.87607  0.89083  0.94520  0.98198  1.04279  1.20475  1.35189  1.48925
                               OCCUPATION 
  1.00000  1.00000  1.00000  1.00000  1.00000  1.00000  0.00000  0.00000
  0.00000  0.00000  0.00000  0.00000  0.00000  0.00000  0.00000  0.00000
 NKP=  174  NGP=       299  K=( -0.03262  0.35885  0.35885)  WKP= 0.0022
                              EIGEN VALUE 
 -0.26213 -0.17168 -0.15469 -0.13894 -0.13303 -0.09619  0.39486  0.45835
  0.81079  0.82413  0.98946  1.02558  1.08285  1.23273  1.41077  1.55148
                               OCCUPATION 
  1.00000  1.00000  1.00000  1.00000  1.00000  1.00000  0.00000  0.00000
  0.00000  0.00000  0.00000  0.00000  0.00000  0.00000  0.00000  0.00000
 NKP=  175  NGP=       297  K=( -0.09787  0.42410  0.42410)  WKP= 0.0022
                              EIGEN VALUE 
 -0.22867 -0.16847 -0.16049 -0.14218 -0.12355 -0.07439  0.27804  0.45127
  0.74019  0.77533  1.02160  1.03135  1.19406  1.27727  1.39499  1.63739
                               OCCUPATION 
  1.00000  1.00000  1.00000  1.00000  1.00000  1.00000  0.00000  0.00000
  0.00000  0.00000  0.00000  0.00000  0.00000  0.00000  0.00000  0.00000
 NKP=  176  NGP=       297  K=( -0.16311  0.48934  0.48934)  WKP= 0.0022
                              EIGEN VALUE 
 -0.21170 -0.16593 -0.15675 -0.14400 -0.11449 -0.03749  0.17407  0.45867
  0.68140  0.73815  1.02941  1.05984  1.30706  1.31584  1.41057  1.49789
                               OCCUPATION 
  1.00000  1.00000  1.00000  1.00000  1.00000 -0.00000  0.00000  0.00000
  0.00000  0.00000  0.00000  0.00000  0.00000  0.00000  0.00000  0.00000
 NKP=  177  NGP=       295  K=( -0.22836  0.55459  0.55459)  WKP= 0.0022
                              EIGEN VALUE 
 -0.20824 -0.16936 -0.14982 -0.14416 -0.10763  0.00502  0.10335  0.47952
  0.63617  0.71298  1.04897  1.08023  1.28333  1.34875  1.44768  1.52645
                               OCCUPATION 
  1.00000  1.00000  1.00000  1.00000  1.00000  0.00000  0.00000  0.00000
  0.00000  0.00000  0.00000  0.00000  0.00000  0.00000  0.00000  0.00000
 NKP=  178  NGP=       293  K=( -0.29361  0.61983  0.61983)  WKP= 0.0022
                              EIGEN VALUE 
 -0.21096 -0.17092 -0.15316 -0.14280 -0.10438 -0.02491  0.14359  0.51334
  0.60593  0.69897  1.08024  1.09615  1.18576  1.30789  1.58630  1.63691
                               OCCUPATION 
  1.00000  1.00000  1.00000  1.00000  1.00000  0.00000  0.00000  0.00000
  0.00000  0.00000  0.00000  0.00000  0.00000  0.00000  0.00000  0.00000
 NKP=  179  NGP=       298  K=( -0.35885  0.68508  0.68508)  WKP= 0.0022
                              EIGEN VALUE 
 -0.22314 -0.17454 -0.15752 -0.14044 -0.10530 -0.07379  0.24039  0.55903
  0.59155  0.69499  1.05005  1.12304  1.13585  1.29880  1.60001  1.66634
                               OCCUPATION 
  1.00000  1.00000  1.00000  1.00000  1.00000  1.00000  0.00000  0.00000
  0.00000  0.00000  0.00000  0.00000  0.00000  0.00000  0.00000  0.00000
 NKP=  180  NGP=       297  K=( -0.42410  0.75033  0.75033)  WKP= 0.0022
                              EIGEN VALUE 
 -0.25139 -0.17799 -0.15437 -0.13806 -0.10960 -0.10575  0.35432  0.59310
  0.61428  0.70039  0.94539  1.15905  1.17654  1.29717  1.49323  1.57828
                               OCCUPATION 
  1.00000  1.00000  1.00000  1.00000  1.00000  1.00000  0.00000  0.00000
  0.00000  0.00000  0.00000  0.00000  0.00000  0.00000  0.00000  0.00000
 NKP=  181  NGP=       300  K=(  0.16311  0.16311  0.29361)  WKP= 0.0022
                              EIGEN VALUE 
 -0.31362 -0.16592 -0.14846 -0.14697 -0.12731 -0.11988  0.45622  0.71357
  0.75188  0.87689  0.94565  1.04908  1.10215  1.15485  1.26108  1.38654
                               OCCUPATION 
  1.00000  1.00000  1.00000  1.00000  1.00000  1.00000  0.00000  0.00000
  0.00000  0.00000  0.00000  0.00000  0.00000  0.00000  0.00000  0.00000
 NKP=  182  NGP=       300  K=(  0.09787  0.22836  0.35885)  WKP= 0.0044
                              EIGEN VALUE 
 -0.29046 -0.16993 -0.15070 -0.14304 -0.12811 -0.11164  0.42254  0.58996
  0.78054  0.82838  0.97435  1.01096  1.10635  1.24122  1.31392  1.49720
                               OCCUPATION 
  1.00000  1.00000  1.00000  1.00000  1.00000  1.00000  0.00000  0.00000
  0.00000  0.00000  0.00000  0.00000  0.00000  0.00000  0.00000  0.00000
 NKP=  183  NGP=       300  K=(  0.03262  0.29361  0.42410)  WKP= 0.0044
                              EIGEN VALUE 
 -0.25893 -0.17387 -0.15595 -0.13621 -0.13050 -0.09624  0.39820  0.46109
  0.71642  0.88774  0.92786  1.03309  1.13493  1.28524  1.41706  1.55580
                               OCCUPATION 
  1.00000  1.00000  1.00000  1.00000  1.00000  1.00000  0.00000  0.00000
  0.00000  0.00000  0.00000  0.00000  0.00000  0.00000  0.00000  0.00000
 NKP=  184  NGP=       301  K=( -0.03262  0.35885  0.48934)  WKP= 0.0044
                              EIGEN VALUE 
 -0.22602 -0.17474 -0.16278 -0.13492 -0.12543 -0.07262  0.33009  0.39750
  0.65130  0.85895  0.95984  1.07768  1.17816  1.32734  1.47711  1.60838
                               OCCUPATION 
  1.00000  1.00000  1.00000  1.00000  1.00000  1.00000  0.00000  0.00000
  0.00000  0.00000  0.00000  0.00000  0.00000  0.00000  0.00000  0.00000
 NKP=  185  NGP=       292  K=( -0.09787  0.42410  0.55459)  WKP= 0.0044
                              EIGEN VALUE 
 -0.20511 -0.17112 -0.16650 -0.13716 -0.11637 -0.03412  0.22198  0.39873
  0.59575  0.81427  0.98819  1.15923  1.21426  1.39304  1.44995  1.50368
                               OCCUPATION 
  1.00000  1.00000  1.00000  1.00000  1.00000 -0.00000  0.00000  0.00000
  0.00000  0.00000  0.00000  0.00000  0.00000  0.00000  0.00000  0.00000
 NKP=  186  NGP=       294  K=( -0.16311  0.48934  0.61983)  WKP= 0.0044
                              EIGEN VALUE 
 -0.19971 -0.17521 -0.15820 -0.13834 -0.10949  0.02020  0.13070  0.41533
  0.55136  0.78139  1.00820  1.20972  1.29044  1.33224  1.41335  1.54853
                               OCCUPATION 
  1.00000  1.00000  1.00000  1.00000  1.00000  0.00000  0.00000  0.00000
  0.00000  0.00000  0.00000  0.00000  0.00000  0.00000  0.00000  0.00000
 NKP=  187  NGP=       294  K=( -0.22836  0.55459  0.68508)  WKP= 0.0044
                              EIGEN VALUE 
 -0.20131 -0.17719 -0.15704 -0.13720 -0.10600  0.01825  0.13060  0.44526
  0.51961  0.76071  1.02937  1.18390  1.23864  1.37920  1.45430  1.65586
                               OCCUPATION 
  1.00000  1.00000  1.00000  1.00000  1.00000  0.00000  0.00000  0.00000
  0.00000  0.00000  0.00000  0.00000  0.00000  0.00000  0.00000  0.00000
 NKP=  188  NGP=       296  K=( -0.29361  0.61983  0.75033)  WKP= 0.0044
                              EIGEN VALUE 
 -0.20904 -0.17921 -0.15963 -0.13448 -0.10666 -0.04026  0.22140  0.48577
  0.50361  0.75096  1.02137  1.10146  1.25917  1.38352  1.58762  1.62360
                               OCCUPATION 
  1.00000  1.00000  1.00000  1.00000  1.00000 -0.00155  0.00000  0.00000
  0.00000  0.00000  0.00000  0.00000  0.00000  0.00000  0.00000  0.00000
 NKP=  189  NGP=       299  K=( -0.35885  0.68508  0.81557)  WKP= 0.0044
                              EIGEN VALUE 
 -0.22909 -0.18204 -0.15727 -0.13156 -0.11227 -0.08289  0.33107  0.49605
  0.54393  0.74976  0.92758  1.12532  1.27963  1.38903  1.51815  1.69631
                               OCCUPATION 
  1.00000  1.00000  1.00000  1.00000  1.00000  1.00000  0.00000  0.00000
  0.00000  0.00000  0.00000  0.00000  0.00000  0.00000  0.00000  0.00000
 NKP=  190  NGP=       296  K=(  0.16311  0.16311  0.42410)  WKP= 0.0022
                              EIGEN VALUE 
 -0.27305 -0.17357 -0.15225 -0.14171 -0.11683 -0.11281  0.38490  0.62952
  0.68240  0.73342  0.96492  1.09977  1.14815  1.24305  1.41265  1.50635
                               OCCUPATION 
  1.00000  1.00000  1.00000  1.00000  1.00000  1.00000  0.00000  0.00000
  0.00000  0.00000  0.00000  0.00000  0.00000  0.00000  0.00000  0.00000
 NKP=  191  NGP=       299  K=(  0.09787  0.22836  0.48934)  WKP= 0.0044
                              EIGEN VALUE 
 -0.24800 -0.17781 -0.15630 -0.13605 -0.11751 -0.09691  0.35809  0.52415
  0.62258  0.76960  0.94411  1.09078  1.21238  1.33651  1.44139  1.64415
                               OCCUPATION 
  1.00000  1.00000  1.00000  1.00000  1.00000  1.00000  0.00000  0.00000
  0.00000  0.00000  0.00000  0.00000  0.00000  0.00000  0.00000  0.00000
 NKP=  192  NGP=       298  K=(  0.03262  0.29361  0.55459)  WKP= 0.0044
                              EIGEN VALUE 
 -0.22074 -0.18045 -0.16280 -0.12787 -0.12003 -0.06978  0.34034  0.40569
  0.55426  0.85519  0.92117  1.06078  1.29185  1.42371  1.49963  1.62266
                               OCCUPATION 
  1.00000  1.00000  1.00000  1.00000  1.00000  1.00000  0.00000  0.00000
  0.00000  0.00000  0.00000  0.00000  0.00000  0.00000  0.00000  0.00000
 NKP=  193  NGP=       296  K=( -0.03262  0.35885  0.61983)  WKP= 0.0044
                              EIGEN VALUE 
 -0.19986 -0.17930 -0.16954 -0.12739 -0.11502 -0.02764  0.27908  0.35217
  0.49572  0.89396  0.93490  1.07018  1.34575  1.46787  1.50180  1.56664
                               OCCUPATION 
  1.00000  1.00000  1.00000  1.00000  1.00000  0.00000  0.00000  0.00000
  0.00000  0.00000  0.00000  0.00000  0.00000  0.00000  0.00000  0.00000
 NKP=  194  NGP=       294  K=( -0.09787  0.42410  0.68508)  WKP= 0.0044
                              EIGEN VALUE 
 -0.19063 -0.18114 -0.16748 -0.13053 -0.10886  0.03221  0.18061  0.36191
  0.44832  0.87232  0.96967  1.14773  1.33743  1.37323  1.51266  1.61205
                               OCCUPATION 
  1.00000  1.00000  1.00000  1.00000  1.00000  0.00000  0.00000  0.00000
  0.00000  0.00000  0.00000  0.00000  0.00000  0.00000  0.00000  0.00000
 NKP=  195  NGP=       292  K=( -0.16311  0.48934  0.75033)  WKP= 0.0044
                              EIGEN VALUE 
 -0.18942 -0.18396 -0.16391 -0.13118 -0.10646  0.07312  0.12920  0.38736
  0.41333  0.85595  0.98509  1.18411  1.29041  1.38315  1.50647  1.70356
                               OCCUPATION 
  1.00000  1.00000  1.00000  1.00000  1.00000  0.00000  0.00000  0.00000
  0.00000  0.00000  0.00000  0.00000  0.00000  0.00000  0.00000  0.00000
 NKP=  196  NGP=       295  K=( -0.22836  0.55459  0.81557)  WKP= 0.0044
                              EIGEN VALUE 
 -0.19591 -0.18190 -0.16533 -0.12808 -0.10833  0.00846  0.21310  0.38993
  0.42751  0.84667  0.98294  1.09166  1.38697  1.42507  1.50557  1.63462
                               OCCUPATION 
  1.00000  1.00000  1.00000  1.00000  1.00000  0.00000  0.00000  0.00000
  0.00000  0.00000  0.00000  0.00000  0.00000  0.00000  0.00000  0.00000
 NKP=  197  NGP=       298  K=( -0.29361  0.61983  0.88082)  WKP= 0.0044
                              EIGEN VALUE 
 -0.20836 -0.18370 -0.16284 -0.12372 -0.11469 -0.04703  0.31679  0.38371
  0.47811  0.83905  0.91712  1.08441  1.37670  1.49273  1.54989  1.58782
                               OCCUPATION 
  1.00000  1.00000  1.00000  1.00000  1.00000  1.01865  0.00000  0.00000
  0.00000  0.00000  0.00000  0.00000  0.00000  0.00000  0.00000  0.00000
 NKP=  198  NGP=       296  K=(  0.16311  0.16311  0.55459)  WKP= 0.0022
                              EIGEN VALUE 
 -0.23218 -0.18253 -0.15438 -0.13388 -0.10687 -0.08978  0.32723  0.53788
  0.56086  0.68191  0.92685  1.20842  1.21544  1.36227  1.57648  1.65477
                               OCCUPATION 
  1.00000  1.00000  1.00000  1.00000  1.00000  1.00000  0.00000  0.00000
  0.00000  0.00000  0.00000  0.00000  0.00000  0.00000  0.00000  0.00000
 NKP=  199  NGP=       299  K=(  0.09787  0.22836  0.61983)  WKP= 0.0044
                              EIGEN VALUE 
 -0.21578 -0.18614 -0.15497 -0.12684 -0.10847 -0.06141  0.30773  0.46341
  0.47680  0.73395  0.91336  1.16099  1.34338  1.45266  1.59794  1.67530
                               OCCUPATION 
  1.00000  1.00000  1.00000  1.00000  1.00000  1.00000  0.00000  0.00000
  0.00000  0.00000  0.00000  0.00000  0.00000  0.00000  0.00000  0.00000
 NKP=  200  NGP=       294  K=(  0.03262  0.29361  0.68508)  WKP= 0.0044
                              EIGEN VALUE 
 -0.20276 -0.18658 -0.15919 -0.12080 -0.10974 -0.01652  0.29719  0.36559
  0.40626  0.82576  0.91258  1.11423  1.46186  1.51156  1.55708  1.62256
                               OCCUPATION 
  1.00000  1.00000  1.00000  1.00000  1.00000  0.00000  0.00000  0.00000
  0.00000  0.00000  0.00000  0.00000  0.00000  0.00000  0.00000  0.00000
 NKP=  201  NGP=       294  K=( -0.03262  0.35885  0.75033)  WKP= 0.0044
                              EIGEN VALUE 
 -0.19520 -0.18322 -0.16405 -0.12372 -0.10556  0.04476  0.24383  0.32256
  0.35624  0.88531  0.95841  1.08463  1.36198  1.52556  1.61637  1.69099
                               OCCUPATION 
  1.00000  1.00000  1.00000  1.00000  1.00000  0.00000  0.00000  0.00000
  0.00000  0.00000  0.00000  0.00000  0.00000  0.00000  0.00000  0.00000
 NKP=  202  NGP=       291  K=( -0.09787  0.42410  0.81557)  WKP= 0.0044
                              EIGEN VALUE 
 -0.19116 -0.17999 -0.16782 -0.12722 -0.10356  0.11769  0.15682  0.31759
  0.34219  0.90322  1.00308  1.11153  1.24201  1.52836  1.63341  1.75614
                               OCCUPATION 
  1.00000  1.00000  1.00000  1.00000  1.00000  0.00000  0.00000  0.00000
  0.00000  0.00000  0.00000  0.00000  0.00000  0.00000  0.00000  0.00000
 NKP=  203  NGP=       291  K=( -0.16311  0.48934  0.88082)  WKP= 0.0044
                              EIGEN VALUE 
 -0.19045 -0.17748 -0.17203 -0.12682 -0.10563  0.07133  0.20780  0.29759
  0.37645  0.92195  0.97325  1.09771  1.28118  1.50277  1.61893  1.69081
                               OCCUPATION 
  1.00000  1.00000  1.00000  1.00000  1.00000  0.00000  0.00000  0.00000
  0.00000  0.00000  0.00000  0.00000  0.00000  0.00000  0.00000  0.00000
 NKP=  204  NGP=       294  K=( -0.22836  0.55459  0.94606)  WKP= 0.0044
                              EIGEN VALUE 
 -0.19518 -0.18155 -0.16817 -0.12487 -0.10998  0.00559  0.25930  0.33547
  0.42345  0.89248  0.94471  1.07286  1.42074  1.43702  1.55389  1.62245
                               OCCUPATION 
  1.00000  1.00000  1.00000  1.00000  1.00000  0.00000  0.00000  0.00000
  0.00000  0.00000  0.00000  0.00000  0.00000  0.00000  0.00000  0.00000
 NKP=  205  NGP=       301  K=(  0.16311  0.16311  0.68508)  WKP= 0.0022
                              EIGEN VALUE 
 -0.21156 -0.19082 -0.14473 -0.12481 -0.10347 -0.03791  0.28431  0.39163
  0.51042  0.65896  0.89870  1.28165  1.31506  1.52427  1.68288  1.73154
                               OCCUPATION 
  1.00000  1.00000  1.00000  1.00000  1.00000 -0.00000  0.00000  0.00000
  0.00000  0.00000  0.00000  0.00000  0.00000  0.00000  0.00000  0.00000
 NKP=  206  NGP=       296  K=(  0.09787  0.22836  0.75033)  WKP= 0.0044
                              EIGEN VALUE 
 -0.20708 -0.19265 -0.14329 -0.11893 -0.10409  0.00377  0.27309  0.32899
  0.43834  0.71287  0.89349  1.23810  1.44997  1.54508  1.61959  1.74713
                               OCCUPATION 
  1.00000  1.00000  1.00000  1.00000  1.00000  0.00000  0.00000  0.00000
  0.00000  0.00000  0.00000  0.00000  0.00000  0.00000  0.00000  0.00000
 NKP=  207  NGP=       296  K=(  0.03262  0.29361  0.81557)  WKP= 0.0044
                              EIGEN VALUE 
 -0.20240 -0.19046 -0.14865 -0.11919 -0.10219  0.06007  0.27042  0.28045
  0.34362  0.80893  0.90563  1.18335  1.39763  1.60453  1.68388  1.75655
                               OCCUPATION 
  1.00000  1.00000  1.00000  1.00000  1.00000  0.00000  0.00000  0.00000
  0.00000  0.00000  0.00000  0.00000  0.00000  0.00000  0.00000  0.00000
 NKP=  208  NGP=       293  K=( -0.03262  0.35885  0.88082)  WKP= 0.0044
                              EIGEN VALUE 
 -0.19763 -0.18487 -0.15741 -0.12378 -0.10044  0.12298  0.22685  0.25029
  0.31100  0.87628  0.97126  1.12295  1.27717  1.65831  1.73910  1.79747
                               OCCUPATION 
  1.00000  1.00000  1.00000  1.00000  1.00000  0.00000  0.00000  0.00000
  0.00000  0.00000  0.00000  0.00000  0.00000  0.00000  0.00000  0.00000
 NKP=  209  NGP=       292  K=( -0.09787  0.42410  0.94606)  WKP= 0.0044
                              EIGEN VALUE 
 -0.19260 -0.17862 -0.16772 -0.12678 -0.10229  0.14566  0.16346  0.26962
  0.33773  0.90558  1.03607  1.08427  1.21958  1.57774  1.68876  1.75706
                               OCCUPATION 
  1.00000  1.00000  1.00000  1.00000  1.00000  0.00000  0.00000  0.00000
  0.00000  0.00000  0.00000  0.00000  0.00000  0.00000  0.00000  0.00000
 NKP=  210  NGP=       294  K=( -0.16311  0.48934  1.01131)  WKP= 0.0044
                              EIGEN VALUE 
 -0.18909 -0.18216 -0.16778 -0.12838 -0.10586  0.07374  0.16612  0.34935
  0.38063  0.89377  0.97786  1.13218  1.28435  1.45459  1.56882  1.69707
                               OCCUPATION 
  1.00000  1.00000  1.00000  1.00000  1.00000  0.00000  0.00000  0.00000
  0.00000  0.00000  0.00000  0.00000  0.00000  0.00000  0.00000  0.00000
 NKP=  211  NGP=       292  K=(  0.16311  0.16311  0.81557)  WKP= 0.0022
                              EIGEN VALUE 
 -0.20875 -0.19594 -0.13298 -0.11693 -0.10309  0.03561  0.25630  0.27066
  0.48110  0.64758  0.88344  1.36156  1.40324  1.57080  1.62431  1.72523
                               OCCUPATION 
  1.00000  1.00000  1.00000  1.00000  1.00000  0.00000  0.00000  0.00000
  0.00000  0.00000  0.00000  0.00000  0.00000  0.00000  0.00000  0.00000
 NKP=  212  NGP=       292  K=(  0.09787  0.22836  0.88082)  WKP= 0.0044
                              EIGEN VALUE 
 -0.20728 -0.19552 -0.13513 -0.11593 -0.10215  0.07241  0.22961  0.25908
  0.42262  0.70421  0.88515  1.30623  1.45538  1.52723  1.67302  1.82174
                               OCCUPATION 
  1.00000  1.00000  1.00000  1.00000  1.00000  0.00000  0.00000  0.00000
  0.00000  0.00000  0.00000  0.00000  0.00000  0.00000  0.00000  0.00000
 NKP=  213  NGP=       293  K=(  0.03262  0.29361  0.94606)  WKP= 0.0044
                              EIGEN VALUE 
 -0.20303 -0.19126 -0.14570 -0.11942 -0.10044  0.09246  0.23707  0.26666
  0.33889  0.80555  0.90412  1.21039  1.36152  1.64151  1.74336  1.79099
                               OCCUPATION 
  1.00000  1.00000  1.00000  1.00000  1.00000  0.00000  0.00000  0.00000
  0.00000  0.00000  0.00000  0.00000  0.00000  0.00000  0.00000  0.00000
 NKP=  214  NGP=       294  K=( -0.03262  0.35885  1.01131)  WKP= 0.0044
                              EIGEN VALUE 
 -0.19662 -0.18431 -0.15989 -0.12357 -0.10224  0.08697  0.23304  0.29402
  0.31584  0.87941  0.96738  1.10447  1.31068  1.60715  1.67524  1.76139
                               OCCUPATION 
  1.00000  1.00000  1.00000  1.00000  1.00000  0.00000  0.00000  0.00000
  0.00000  0.00000  0.00000  0.00000  0.00000  0.00000  0.00000  0.00000
 NKP=  215  NGP=       294  K=(  0.16311  0.16311  0.94606)  WKP= 0.0022
                              EIGEN VALUE 
 -0.20891 -0.19696 -0.13028 -0.11475 -0.10349  0.06533  0.22708  0.25527
  0.47511  0.64540  0.88045  1.39239  1.43387  1.53300  1.59194  1.82683
                               OCCUPATION 
  1.00000  1.00000  1.00000  1.00000  1.00000  0.00000  0.00000  0.00000
  0.00000  0.00000  0.00000  0.00000  0.00000  0.00000  0.00000  0.00000
 NKP=  216  NGP=       293  K=(  0.09787  0.22836  1.01131)  WKP= 0.0044
                              EIGEN VALUE 
 -0.20699 -0.19457 -0.13808 -0.11679 -0.10285  0.04205  0.26055  0.27335
  0.42790  0.70707  0.88792  1.27679  1.49170  1.49543  1.69247  1.73506
                               OCCUPATION 
  1.00000  1.00000  1.00000  1.00000  1.00000  0.00000  0.00000  0.00000
  0.00000  0.00000  0.00000  0.00000  0.00000  0.00000  0.00000  0.00000
 NKP=  217  NGP=       295  K=(  0.03262  0.29361  1.07655)  WKP= 0.0044
                              EIGEN VALUE 
 -0.20176 -0.18888 -0.15366 -0.11940 -0.10543  0.02038  0.28188  0.33756
  0.35380  0.81567  0.90855  1.14831  1.45075  1.54180  1.61804  1.68944
                               OCCUPATION 
  1.00000  1.00000  1.00000  1.00000  1.00000  0.00000  0.00000  0.00000
  0.00000  0.00000  0.00000  0.00000  0.00000  0.00000  0.00000  0.00000
 NKP=  218  NGP=       299  K=(  0.16311  0.16311  1.07655)  WKP= 0.0022
                              EIGEN VALUE 
 -0.20912 -0.19388 -0.13809 -0.12051 -0.10294 -0.00227  0.26897  0.32584
  0.49295  0.65203  0.88949  1.32178  1.36093  1.61326  1.62412  1.68619
                               OCCUPATION 
  1.00000  1.00000  1.00000  1.00000  1.00000  0.00000  0.00000  0.00000
  0.00000  0.00000  0.00000  0.00000  0.00000  0.00000  0.00000  0.00000
 NKP=  219  NGP=       299  K=(  0.09787  0.22836  1.14180)  WKP= 0.0044
                              EIGEN VALUE 
 -0.20914 -0.18978 -0.14958 -0.12243 -0.10587 -0.03203  0.28832  0.39490
  0.45384  0.72175  0.90196  1.19871  1.39969  1.52955  1.60725  1.68406
                               OCCUPATION 
  1.00000  1.00000  1.00000  1.00000  1.00000  0.00000  0.00000  0.00000
  0.00000  0.00000  0.00000  0.00000  0.00000  0.00000  0.00000  0.00000
 NKP=  220  NGP=       301  K=(  0.16311  0.16311  1.20705)  WKP= 0.0022
                              EIGEN VALUE 
 -0.21857 -0.18692 -0.15097 -0.12938 -0.10479 -0.06745  0.30380  0.46291
  0.53317  0.66871  0.91116  1.24358  1.26696  1.43873  1.66153  1.72753
                               OCCUPATION 
  1.00000  1.00000  1.00000  1.00000  1.00000  1.00000  0.00000  0.00000
  0.00000  0.00000  0.00000  0.00000  0.00000  0.00000  0.00000  0.00000
 NKP=  221  NGP=       299  K=(  0.22836  0.22836  0.22836)  WKP= 0.0007
                              EIGEN VALUE 
 -0.30623 -0.16346 -0.14917 -0.14917 -0.12251 -0.12251  0.40836  0.78681
  0.78681  0.79747  1.00205  1.00205  1.04816  1.20779  1.20779  1.37955
                               OCCUPATION 
  1.00000  1.00000  1.00000  1.00000  1.00000  1.00000  0.00000  0.00000
  0.00000  0.00000  0.00000  0.00000  0.00000  0.00000  0.00000  0.00000
 NKP=  222  NGP=       299  K=(  0.16311  0.29361  0.29361)  WKP= 0.0022
                              EIGEN VALUE 
 -0.28767 -0.16534 -0.15036 -0.14781 -0.12548 -0.11309  0.37124  0.64946
  0.82947  0.86063  0.91825  0.97437  1.14209  1.16890  1.28258  1.46321
                               OCCUPATION 
  1.00000  1.00000  1.00000  1.00000  1.00000  1.00000  0.00000  0.00000
  0.00000  0.00000  0.00000  0.00000  0.00000  0.00000  0.00000  0.00000
 NKP=  223  NGP=       299  K=(  0.09787  0.35885  0.35885)  WKP= 0.0022
                              EIGEN VALUE 
 -0.26000 -0.16937 -0.15440 -0.14343 -0.12790 -0.09730  0.34492  0.51564
  0.81308  0.81853  0.97321  0.98530  1.14397  1.23266  1.34430  1.62588
                               OCCUPATION 
  1.00000  1.00000  1.00000  1.00000  1.00000  1.00000  0.00000  0.00000
  0.00000  0.00000  0.00000  0.00000  0.00000  0.00000  0.00000  0.00000
 NKP=  224  NGP=       299  K=(  0.03262  0.42410  0.42410)  WKP= 0.0022
                              EIGEN VALUE 
 -0.22836 -0.17242 -0.16121 -0.13839 -0.12764 -0.07349  0.32662  0.39469
  0.73679  0.77648  1.04389  1.07199  1.13564  1.26880  1.47085  1.60417
                               OCCUPATION 
  1.00000  1.00000  1.00000  1.00000  1.00000  1.00000  0.00000  0.00000
  0.00000  0.00000  0.00000  0.00000  0.00000  0.00000  0.00000  0.00000
 NKP=  225  NGP=       295  K=( -0.03262  0.48934  0.48934)  WKP= 0.0022
                              EIGEN VALUE 
 -0.20378 -0.17047 -0.16909 -0.13650 -0.12172 -0.03683  0.26429  0.34114
  0.66920  0.73630  1.10647  1.12222  1.19973  1.30935  1.47823  1.53747
                               OCCUPATION 
  1.00000  1.00000  1.00000  1.00000  1.00000 -0.00000  0.00000  0.00000
  0.00000  0.00000  0.00000  0.00000  0.00000  0.00000  0.00000  0.00000
 NKP=  226  NGP=       291  K=( -0.09787  0.55459  0.55459)  WKP= 0.0022
                              EIGEN VALUE 
 -0.19604 -0.17639 -0.16163 -0.13575 -0.11358  0.01707  0.16673  0.34972
  0.61312  0.70540  1.13709  1.15189  1.30543  1.32173  1.40333  1.51708
                               OCCUPATION 
  1.00000  1.00000  1.00000  1.00000  1.00000  0.00000  0.00000  0.00000
  0.00000  0.00000  0.00000  0.00000  0.00000  0.00000  0.00000  0.00000
 NKP=  227  NGP=       294  K=( -0.16311  0.61983  0.61983)  WKP= 0.0022
                              EIGEN VALUE 
 -0.19800 -0.18100 -0.15573 -0.13429 -0.10692  0.05121  0.11877  0.37468
  0.57062  0.68455  1.14467  1.16134  1.21384  1.45126  1.45641  1.54587
                               OCCUPATION 
  1.00000  1.00000  1.00000  1.00000  1.00000  0.00000  0.00000  0.00000
  0.00000  0.00000  0.00000  0.00000  0.00000  0.00000  0.00000  0.00000
 NKP=  228  NGP=       294  K=( -0.22836  0.68508  0.68508)  WKP= 0.0022
                              EIGEN VALUE 
 -0.20474 -0.18430 -0.15359 -0.13199 -0.10373 -0.01124  0.19873  0.41281
  0.54356  0.67286  1.02783  1.19689  1.23285  1.44778  1.60031  1.65750
                               OCCUPATION 
  1.00000  1.00000  1.00000  1.00000  1.00000  0.00000  0.00000  0.00000
  0.00000  0.00000  0.00000  0.00000  0.00000  0.00000  0.00000  0.00000
 NKP=  229  NGP=       298  K=(  0.22836  0.22836  0.35885)  WKP= 0.0022
                              EIGEN VALUE 
 -0.27457 -0.16460 -0.15168 -0.14835 -0.11803 -0.11416  0.33043  0.69716
  0.73596  0.81025  0.95246  1.03885  1.07196  1.19926  1.35562  1.46606
                               OCCUPATION 
  1.00000  1.00000  1.00000  1.00000  1.00000  1.00000  0.00000  0.00000
  0.00000  0.00000  0.00000  0.00000  0.00000  0.00000  0.00000  0.00000
 NKP=  230  NGP=       298  K=(  0.16311  0.29361  0.42410)  WKP= 0.0044
                              EIGEN VALUE 
 -0.25279 -0.16757 -0.15536 -0.14525 -0.11873 -0.09923  0.30054  0.57960
  0.72278  0.80463  0.96860  1.03376  1.13522  1.23779  1.38432  1.59431
                               OCCUPATION 
  1.00000  1.00000  1.00000  1.00000  1.00000  1.00000  0.00000  0.00000
  0.00000  0.00000  0.00000  0.00000  0.00000  0.00000  0.00000  0.00000
 NKP=  231  NGP=       297  K=(  0.09787  0.35885  0.48934)  WKP= 0.0044
                              EIGEN VALUE 
 -0.22623 -0.17141 -0.16193 -0.13928 -0.12066 -0.07317  0.28134  0.45409
  0.65451  0.84513  0.95022  1.09388  1.16832  1.33533  1.41387  1.64178
                               OCCUPATION 
  1.00000  1.00000  1.00000  1.00000  1.00000  1.00000  0.00000  0.00000
  0.00000  0.00000  0.00000  0.00000  0.00000  0.00000  0.00000  0.00000
 NKP=  232  NGP=       296  K=(  0.03262  0.42410  0.55459)  WKP= 0.0044
                              EIGEN VALUE 
 -0.20201 -0.17312 -0.17043 -0.13361 -0.11973 -0.03452  0.26801  0.34390
  0.59209  0.81660  1.01282  1.13582  1.23013  1.37455  1.48316  1.54372
                               OCCUPATION 
  1.00000  1.00000  1.00000  1.00000  1.00000 -0.00000  0.00000  0.00000
  0.00000  0.00000  0.00000  0.00000  0.00000  0.00000  0.00000  0.00000
 NKP=  233  NGP=       290  K=( -0.03262  0.48934  0.61983)  WKP= 0.0044
                              EIGEN VALUE 
 -0.18990 -0.17946 -0.16797 -0.13141 -0.11421  0.02029  0.21138  0.30117
  0.53915  0.77897  1.07427  1.19728  1.28897  1.32136  1.44931  1.61039
                               OCCUPATION 
  1.00000  1.00000  1.00000  1.00000  1.00000  0.00000  0.00000  0.00000
  0.00000  0.00000  0.00000  0.00000  0.00000  0.00000  0.00000  0.00000
 NKP=  234  NGP=       294  K=( -0.09787  0.55459  0.68508)  WKP= 0.0044
                              EIGEN VALUE 
 -0.19166 -0.18481 -0.15957 -0.12971 -0.10819  0.08386  0.13050  0.31658
  0.49725  0.75026  1.10326  1.16984  1.31368  1.34292  1.53349  1.59724
                               OCCUPATION 
  1.00000  1.00000  1.00000  1.00000  1.00000  0.00000  0.00000  0.00000
  0.00000  0.00000  0.00000  0.00000  0.00000  0.00000  0.00000  0.00000
 NKP=  235  NGP=       292  K=( -0.16311  0.61983  0.75033)  WKP= 0.0044
                              EIGEN VALUE 
 -0.19923 -0.18723 -0.15400 -0.12645 -0.10487  0.03375  0.18772  0.34933
  0.46819  0.73179  1.01938  1.15899  1.36364  1.45739  1.54817  1.68333
                               OCCUPATION 
  1.00000  1.00000  1.00000  1.00000  1.00000  0.00000  0.00000  0.00000
  0.00000  0.00000  0.00000  0.00000  0.00000  0.00000  0.00000  0.00000
 NKP=  236  NGP=       299  K=(  0.22836  0.22836  0.48934)  WKP= 0.0022
                              EIGEN VALUE 
 -0.23853 -0.17000 -0.15669 -0.14389 -0.10750 -0.09480  0.26682  0.62256
  0.63455  0.71318  1.06215  1.07743  1.09124  1.24717  1.51625  1.59899
                               OCCUPATION 
  1.00000  1.00000  1.00000  1.00000  1.00000  1.00000  0.00000  0.00000
  0.00000  0.00000  0.00000  0.00000  0.00000  0.00000  0.00000  0.00000
 NKP=  237  NGP=       296  K=(  0.16311  0.29361  0.55459)  WKP= 0.0044
                              EIGEN VALUE 
 -0.22019 -0.17442 -0.16007 -0.13865 -0.10928 -0.06745  0.24412  0.52223
  0.56555  0.76526  1.01111  1.08894  1.19867  1.32444  1.53696  1.65339
                               OCCUPATION 
  1.00000  1.00000  1.00000  1.00000  1.00000  1.00000  0.00000  0.00000
  0.00000  0.00000  0.00000  0.00000  0.00000  0.00000  0.00000  0.00000
 NKP=  238  NGP=       298  K=(  0.09787  0.35885  0.61983)  WKP= 0.0044
                              EIGEN VALUE 
 -0.20178 -0.17807 -0.16648 -0.13148 -0.11175 -0.02591  0.23205  0.40746
  0.49952  0.85160  0.96281  1.09500  1.30770  1.44662  1.48954  1.55615
                               OCCUPATION 
  1.00000  1.00000  1.00000  1.00000  1.00000  0.00000  0.00000  0.00000
  0.00000  0.00000  0.00000  0.00000  0.00000  0.00000  0.00000  0.00000
 NKP=  239  NGP=       291  K=(  0.03262  0.42410  0.68508)  WKP= 0.0044
                              EIGEN VALUE 
 -0.18907 -0.17852 -0.17308 -0.12802 -0.11000  0.03017  0.22369  0.30915
  0.44434  0.88526  0.98127  1.11235  1.33720  1.40892  1.54462  1.63245
                               OCCUPATION 
  1.00000  1.00000  1.00000  1.00000  1.00000  0.00000  0.00000  0.00000
  0.00000  0.00000  0.00000  0.00000  0.00000  0.00000  0.00000  0.00000
 NKP=  240  NGP=       292  K=( -0.03262  0.48934  0.75033)  WKP= 0.0044
                              EIGEN VALUE 
 -0.18941 -0.18130 -0.16754 -0.12751 -0.10561  0.10035  0.17408  0.27670
  0.40032  0.85981  1.04684  1.13225  1.23566  1.47951  1.61464  1.70072
                               OCCUPATION 
  1.00000  1.00000  1.00000  1.00000  1.00000  0.00000  0.00000  0.00000
  0.00000  0.00000  0.00000  0.00000  0.00000  0.00000  0.00000  0.00000
 NKP=  241  NGP=       291  K=( -0.09787  0.55459  0.81557)  WKP= 0.0044
                              EIGEN VALUE 
 -0.19512 -0.18506 -0.15967 -0.12468 -0.10346  0.09161  0.18774  0.29861
  0.36872  0.83676  1.01581  1.11063  1.31350  1.51913  1.64927  1.74504
                               OCCUPATION 
  1.00000  1.00000  1.00000  1.00000  1.00000  0.00000  0.00000  0.00000
  0.00000  0.00000  0.00000  0.00000  0.00000  0.00000  0.00000  0.00000
 NKP=  242  NGP=       296  K=(  0.22836  0.22836  0.61983)  WKP= 0.0022
                              EIGEN VALUE 
 -0.21174 -0.17958 -0.15639 -0.13639 -0.10403 -0.04581  0.21764  0.48430
  0.56513  0.68220  1.03810  1.15836  1.18699  1.36717  1.65661  1.69591
                               OCCUPATION 
  1.00000  1.00000  1.00000  1.00000  1.00000  0.76809  0.00000  0.00000
  0.00000  0.00000  0.00000  0.00000  0.00000  0.00000  0.00000  0.00000
 NKP=  243  NGP=       298  K=(  0.16311  0.29361  0.68508)  WKP= 0.0044
                              EIGEN VALUE 
 -0.20230 -0.18374 -0.15732 -0.13026 -0.10531 -0.00601  0.20253  0.41613
  0.48270  0.73988  1.02232  1.12617  1.31441  1.45481  1.52668  1.69661
                               OCCUPATION 
  1.00000  1.00000  1.00000  1.00000  1.00000  0.00000  0.00000  0.00000
  0.00000  0.00000  0.00000  0.00000  0.00000  0.00000  0.00000  0.00000
 NKP=  244  NGP=       294  K=(  0.09787  0.35885  0.75033)  WKP= 0.0044
                              EIGEN VALUE 
 -0.19433 -0.18421 -0.16261 -0.12579 -0.10556  0.04854  0.19828  0.35863
  0.37815  0.84110  1.00281  1.09611  1.36459  1.46041  1.57123  1.71932
                               OCCUPATION 
  1.00000  1.00000  1.00000  1.00000  1.00000  0.00000  0.00000  0.00000
  0.00000  0.00000  0.00000  0.00000  0.00000  0.00000  0.00000  0.00000
 NKP=  245  NGP=       294  K=(  0.03262  0.42410  0.81557)  WKP= 0.0044
                              EIGEN VALUE 
 -0.19286 -0.17709 -0.16962 -0.12650 -0.10227  0.11581  0.19674  0.28916
  0.31529  0.94676  0.98236  1.07888  1.23733  1.59642  1.67873  1.76162
                               OCCUPATION 
  1.00000  1.00000  1.00000  1.00000  1.00000  0.00000  0.00000  0.00000
  0.00000  0.00000  0.00000  0.00000  0.00000  0.00000  0.00000  0.00000
 NKP=  246  NGP=       292  K=( -0.03262  0.48934  0.88082)  WKP= 0.0044
                              EIGEN VALUE 
 -0.19428 -0.17713 -0.16790 -0.12653 -0.10044  0.15568  0.19077  0.26419
  0.28823  0.94999  1.01517  1.05265  1.21304  1.67307  1.72724  1.79940
                               OCCUPATION 
  1.00000  1.00000  1.00000  1.00000  1.00000  0.00000  0.00000  0.00000
  0.00000  0.00000  0.00000  0.00000  0.00000  0.00000  0.00000  0.00000
 NKP=  247  NGP=       296  K=(  0.22836  0.22836  0.75033)  WKP= 0.0022
                              EIGEN VALUE 
 -0.20130 -0.18804 -0.15008 -0.12757 -0.10434  0.02856  0.18385  0.34608
  0.52711  0.66628  1.01988  1.23793  1.27553  1.53097  1.53781  1.61258
                               OCCUPATION 
  1.00000  1.00000  1.00000  1.00000  1.00000  0.00000  0.00000  0.00000
  0.00000  0.00000  0.00000  0.00000  0.00000  0.00000  0.00000  0.00000
 NKP=  248  NGP=       293  K=(  0.16311  0.29361  0.81557)  WKP= 0.0044
                              EIGEN VALUE 
 -0.19849 -0.18927 -0.15090 -0.12356 -0.10497  0.07612  0.17695  0.28983
  0.45847  0.72652  1.01630  1.19415  1.39940  1.41414  1.61272  1.66527
                               OCCUPATION 
  1.00000  1.00000  1.00000  1.00000  1.00000  0.00000  0.00000  0.00000
  0.00000  0.00000  0.00000  0.00000  0.00000  0.00000  0.00000  0.00000
 NKP=  249  NGP=       292  K=(  0.09787  0.35885  0.88082)  WKP= 0.0044
                              EIGEN VALUE 
 -0.19600 -0.18532 -0.15782 -0.12434 -0.10229  0.12901  0.18109  0.25389
  0.36422  0.83446  1.02109  1.12702  1.28005  1.55828  1.69097  1.76544
                               OCCUPATION 
  1.00000  1.00000  1.00000  1.00000  1.00000  0.00000  0.00000  0.00000
  0.00000  0.00000  0.00000  0.00000  0.00000  0.00000  0.00000  0.00000
 NKP=  250  NGP=       292  K=(  0.22836  0.22836  0.88082)  WKP= 0.0022
                              EIGEN VALUE 
 -0.19998 -0.19143 -0.14526 -0.12111 -0.10674  0.10636  0.16531  0.24506
  0.51042  0.66003  1.01182  1.31310  1.34101  1.44034  1.51373  1.75052
                               OCCUPATION 
  1.00000  1.00000  1.00000  1.00000  1.00000  0.00000  0.00000  0.00000
  0.00000  0.00000  0.00000  0.00000  0.00000  0.00000  0.00000  0.00000
 NKP=  251  NGP=       293  K=(  0.16311  0.29361  0.94606)  WKP= 0.0044
                              EIGEN VALUE 
 -0.19862 -0.19008 -0.14905 -0.12200 -0.10518  0.11215  0.16959  0.24721
  0.45358  0.72391  1.01452  1.22179  1.36822  1.44061  1.59113  1.75344
                               OCCUPATION 
  1.00000  1.00000  1.00000  1.00000  1.00000  0.00000  0.00000  0.00000
  0.00000  0.00000  0.00000  0.00000  0.00000  0.00000  0.00000  0.00000
 NKP=  252  NGP=       294  K=(  0.22836  0.22836  1.01131)  WKP= 0.0022
                              EIGEN VALUE 
 -0.20014 -0.19039 -0.14701 -0.12365 -0.10558  0.07075  0.17295  0.28695
  0.51602  0.66208  1.01452  1.27944  1.31409  1.48148  1.54192  1.65125
                               OCCUPATION 
  1.00000  1.00000  1.00000  1.00000  1.00000  0.00000  0.00000  0.00000
  0.00000  0.00000  0.00000  0.00000  0.00000  0.00000  0.00000  0.00000
 NKP=  253  NGP=       302  K=(  0.29361  0.29361  0.29361)  WKP= 0.0007
                              EIGEN VALUE 
 -0.26688 -0.15691 -0.15144 -0.15144 -0.11593 -0.11593  0.28653  0.77215
  0.77215  0.77695  0.94105  0.94105  1.05110  1.31012  1.31012  1.45578
                               OCCUPATION 
  1.00000  1.00000  1.00000  1.00000  1.00000  1.00000  0.00000  0.00000
  0.00000  0.00000  0.00000  0.00000  0.00000  0.00000  0.00000  0.00000
 NKP=  254  NGP=       295  K=(  0.22836  0.35885  0.35885)  WKP= 0.0022
                              EIGEN VALUE 
 -0.25082 -0.15609 -0.15354 -0.15066 -0.11763 -0.10275  0.25353  0.64261
  0.79388  0.81382  0.89450  0.96769  1.12025  1.27734  1.36434  1.55571
                               OCCUPATION 
  1.00000  1.00000  1.00000  1.00000  1.00000  1.00000  0.00000  0.00000
  0.00000  0.00000  0.00000  0.00000  0.00000  0.00000  0.00000  0.00000
 NKP=  255  NGP=       295  K=(  0.16311  0.42410  0.42410)  WKP= 0.0022
                              EIGEN VALUE 
 -0.22919 -0.16058 -0.15922 -0.14641 -0.11874 -0.07627  0.23125  0.51405
  0.74675  0.77302  0.97401  1.01142  1.24488  1.25796  1.37501  1.63519
                               OCCUPATION 
  1.00000  1.00000  1.00000  1.00000  1.00000  1.00000  0.00000  0.00000
  0.00000  0.00000  0.00000  0.00000  0.00000  0.00000  0.00000  0.00000
 NKP=  256  NGP=       295  K=(  0.09787  0.48934  0.48934)  WKP= 0.0022
                              EIGEN VALUE 
 -0.20702 -0.16824 -0.16503 -0.13978 -0.11853 -0.03691  0.21864  0.39573
  0.67329  0.73690  1.07621  1.08804  1.25350  1.32734  1.43801  1.49471
                               OCCUPATION 
  1.00000  1.00000  1.00000  1.00000  1.00000 -0.00000  0.00000  0.00000
  0.00000  0.00000  0.00000  0.00000  0.00000  0.00000  0.00000  0.00000
 NKP=  257  NGP=       289  K=(  0.03262  0.55459  0.55459)  WKP= 0.0022
                              EIGEN VALUE 
 -0.19216 -0.17797 -0.16539 -0.13277 -0.11606  0.01682  0.20724  0.29856
  0.60848  0.70398  1.17644  1.17833  1.27285  1.29115  1.39440  1.60456
                               OCCUPATION 
  1.00000  1.00000  1.00000  1.00000  1.00000  0.00000  0.00000  0.00000
  0.00000  0.00000  0.00000  0.00000  0.00000  0.00000  0.00000  0.00000
 NKP=  258  NGP=       284  K=( -0.03262  0.61983  0.61983)  WKP= 0.0022
                              EIGEN VALUE 
 -0.19212 -0.18577 -0.15717 -0.12743 -0.11098  0.08470  0.15540  0.26686
  0.55526  0.67895  1.15191  1.24173  1.25606  1.35338  1.44419  1.67612
                               OCCUPATION 
  1.00000  1.00000  1.00000  1.00000  1.00000  0.00000  0.00000  0.00000
  0.00000  0.00000  0.00000  0.00000  0.00000  0.00000  0.00000  0.00000
 NKP=  259  NGP=       297  K=(  0.29361  0.29361  0.42410)  WKP= 0.0022
                              EIGEN VALUE 
 -0.24174 -0.15555 -0.15094 -0.15036 -0.10847 -0.10312  0.21749  0.69350
  0.72042  0.76024  0.94537  0.98478  1.08746  1.28509  1.46435  1.55558
                               OCCUPATION 
  1.00000  1.00000  1.00000  1.00000  1.00000  1.00000  0.00000  0.00000
  0.00000  0.00000  0.00000  0.00000  0.00000  0.00000  0.00000  0.00000
 NKP=  260  NGP=       298  K=(  0.22836  0.35885  0.48934)  WKP= 0.0044
                              EIGEN VALUE 
 -0.22704 -0.16047 -0.15355 -0.14760 -0.11051 -0.07557  0.19220  0.58180
  0.67050  0.78936  0.94190  1.05115  1.16847  1.27739  1.48363  1.63469
                               OCCUPATION 
  1.00000  1.00000  1.00000  1.00000  1.00000  1.00000  0.00000  0.00000
  0.00000  0.00000  0.00000  0.00000  0.00000  0.00000  0.00000  0.00000
 NKP=  261  NGP=       295  K=(  0.16311  0.42410  0.55459)  WKP= 0.0044
                              EIGEN VALUE 
 -0.20960 -0.16848 -0.15928 -0.14162 -0.11236 -0.03367  0.17709  0.46162
  0.60311  0.80851  0.96058  1.14469  1.23583  1.34109  1.46515  1.51147
                               OCCUPATION 
  1.00000  1.00000  1.00000  1.00000  1.00000 -0.00000  0.00000  0.00000
  0.00000  0.00000  0.00000  0.00000  0.00000  0.00000  0.00000  0.00000
 NKP=  262  NGP=       295  K=(  0.09787  0.48934  0.61983)  WKP= 0.0044
                              EIGEN VALUE 
 -0.19388 -0.17814 -0.16385 -0.13425 -0.11212  0.02103  0.17017  0.35278
  0.54321  0.77986  1.04424  1.23000  1.26118  1.33116  1.46076  1.53444
                               OCCUPATION 
  1.00000  1.00000  1.00000  1.00000  1.00000  0.00000  0.00000  0.00000
  0.00000  0.00000  0.00000  0.00000  0.00000  0.00000  0.00000  0.00000
 NKP=  263  NGP=       290  K=(  0.03262  0.55459  0.68508)  WKP= 0.0044
                              EIGEN VALUE 
 -0.18991 -0.18605 -0.16025 -0.12753 -0.10927  0.08884  0.16012  0.26927
  0.49278  0.74817  1.13671  1.15874  1.29158  1.36210  1.51496  1.68109
                               OCCUPATION 
  1.00000  1.00000  1.00000  1.00000  1.00000  0.00000  0.00000  0.00000
  0.00000  0.00000  0.00000  0.00000  0.00000  0.00000  0.00000  0.00000
 NKP=  264  NGP=       299  K=(  0.29361  0.29361  0.55459)  WKP= 0.0022
                              EIGEN VALUE 
 -0.21974 -0.16511 -0.15178 -0.14636 -0.10466 -0.05769  0.16416  0.58735
  0.63071  0.71063  1.04464  1.05515  1.15893  1.27383  1.61491  1.65709
                               OCCUPATION 
  1.00000  1.00000  1.00000  1.00000  1.00000  1.00000  0.00000  0.00000
  0.00000  0.00000  0.00000  0.00000  0.00000  0.00000  0.00000  0.00000
 NKP=  265  NGP=       296  K=(  0.22836  0.35885  0.61983)  WKP= 0.0044
                              EIGEN VALUE 
 -0.20846 -0.17171 -0.15563 -0.14116 -0.10612 -0.01877  0.14667  0.51513
  0.53884  0.76895  0.99602  1.18134  1.19075  1.32162  1.51328  1.63829
                               OCCUPATION 
  1.00000  1.00000  1.00000  1.00000  1.00000  0.00000  0.00000  0.00000
  0.00000  0.00000  0.00000  0.00000  0.00000  0.00000  0.00000  0.00000
 NKP=  266  NGP=       294  K=(  0.16311  0.42410  0.68508)  WKP= 0.0044
                              EIGEN VALUE 
 -0.19507 -0.17957 -0.16196 -0.13440 -0.10758  0.03429  0.13911  0.42428
  0.45668  0.84707  0.96381  1.20020  1.31194  1.34298  1.44572  1.65131
                               OCCUPATION 
  1.00000  1.00000  1.00000  1.00000  1.00000  0.00000  0.00000  0.00000
  0.00000  0.00000  0.00000  0.00000  0.00000  0.00000  0.00000  0.00000
 NKP=  267  NGP=       292  K=(  0.09787  0.48934  0.75033)  WKP= 0.0044
                              EIGEN VALUE 
 -0.18793 -0.18401 -0.16597 -0.12878 -0.10587  0.09807  0.14035  0.32570
  0.40454  0.85910  1.01626  1.16027  1.25279  1.44083  1.58092  1.67732
                               OCCUPATION 
  1.00000  1.00000  1.00000  1.00000  1.00000  0.00000  0.00000  0.00000
  0.00000  0.00000  0.00000  0.00000  0.00000  0.00000  0.00000  0.00000
 NKP=  268  NGP=       298  K=(  0.29361  0.29361  0.68508)  WKP= 0.0022
                              EIGEN VALUE 
 -0.20369 -0.17642 -0.15452 -0.13867 -0.10520  0.01249  0.12771  0.44199
  0.58584  0.69050  1.11931  1.12691  1.19790  1.37531  1.52054  1.58796
                               OCCUPATION 
  1.00000  1.00000  1.00000  1.00000  1.00000  0.00000  0.00000  0.00000
  0.00000  0.00000  0.00000  0.00000  0.00000  0.00000  0.00000  0.00000
 NKP=  269  NGP=       294  K=(  0.22836  0.35885  0.75033)  WKP= 0.0044
                              EIGEN VALUE 
 -0.19561 -0.18172 -0.15842 -0.13321 -0.10684  0.05690  0.12144  0.37795
  0.50618  0.75444  1.06584  1.17728  1.28510  1.37723  1.47692  1.61276
                               OCCUPATION 
  1.00000  1.00000  1.00000  1.00000  1.00000  0.00000  0.00000  0.00000
  0.00000  0.00000  0.00000  0.00000  0.00000  0.00000  0.00000  0.00000
 NKP=  270  NGP=       292  K=(  0.29361  0.29361  0.81557)  WKP= 0.0022
                              EIGEN VALUE 
 -0.19408 -0.18421 -0.15666 -0.13020 -0.10916  0.07878  0.12720  0.31357
  0.56039  0.68078  1.15068  1.20468  1.23725  1.39801  1.46637  1.58112
                               OCCUPATION 
  1.00000  1.00000  1.00000  1.00000  1.00000  0.00000  0.00000  0.00000
  0.00000  0.00000  0.00000  0.00000  0.00000  0.00000  0.00000  0.00000
 NKP=  271  NGP=       296  K=(  0.35885  0.35885  0.35885)  WKP= 0.0007
                              EIGEN VALUE 
 -0.23897 -0.15411 -0.15411 -0.12951 -0.10952 -0.10952  0.17971  0.75981
  0.76536  0.76536  0.89586  0.89586  1.05479  1.42424  1.42424  1.54336
                               OCCUPATION 
  1.00000  1.00000  1.00000  1.00000  1.00000  1.00000  0.00000  0.00000
  0.00000  0.00000  0.00000  0.00000  0.00000  0.00000  0.00000  0.00000
 NKP=  272  NGP=       294  K=(  0.29361  0.42410  0.42410)  WKP= 0.0022
                              EIGEN VALUE 
 -0.23004 -0.15657 -0.15305 -0.13378 -0.11036 -0.08363  0.15292  0.64771
  0.76517  0.76519  0.89655  0.95584  1.10805  1.39684  1.46566  1.61989
                               OCCUPATION 
  1.00000  1.00000  1.00000  1.00000  1.00000  1.00000  0.00000  0.00000
  0.00000  0.00000  0.00000  0.00000  0.00000  0.00000  0.00000  0.00000
 NKP=  273  NGP=       296  K=(  0.22836  0.48934  0.48934)  WKP= 0.0022
                              EIGEN VALUE 
 -0.21652 -0.16318 -0.14804 -0.14641 -0.11074 -0.03960  0.13609  0.52557
  0.69340  0.74015  0.98602  1.02743  1.23137  1.38258  1.45077  1.50812
                               OCCUPATION 
  1.00000  1.00000  1.00000  1.00000  1.00000 -0.00032  0.00000  0.00000
  0.00000  0.00000  0.00000  0.00000  0.00000  0.00000  0.00000  0.00000
 NKP=  274  NGP=       297  K=(  0.16311  0.55459  0.55459)  WKP= 0.0022
                              EIGEN VALUE 
 -0.20184 -0.17337 -0.15607 -0.13992 -0.11041  0.01514  0.12800  0.41215
  0.62237  0.70834  1.09189  1.11757  1.31776  1.37675  1.38216  1.48922
                               OCCUPATION 
  1.00000  1.00000  1.00000  1.00000  1.00000  0.00000  0.00000  0.00000
  0.00000  0.00000  0.00000  0.00000  0.00000  0.00000  0.00000  0.00000
 NKP=  275  NGP=       295  K=(  0.35885  0.35885  0.48934)  WKP= 0.0022
                              EIGEN VALUE 
 -0.22706 -0.15774 -0.15312 -0.12969 -0.10526 -0.07467  0.12578  0.69327
  0.70342  0.74191  0.94163  0.94275  1.09540  1.39701  1.57447  1.62781
                               OCCUPATION 
  1.00000  1.00000  1.00000  1.00000  1.00000  1.00000  0.00000  0.00000
  0.00000  0.00000  0.00000  0.00000  0.00000  0.00000  0.00000  0.00000
 NKP=  276  NGP=       295  K=(  0.29361  0.42410  0.55459)  WKP= 0.0044
                              EIGEN VALUE 
 -0.21841 -0.16245 -0.14972 -0.14004 -0.10650 -0.03695  0.10975  0.59603
  0.63031  0.78136  0.92857  1.05214  1.17383  1.38032  1.51265  1.59155
                               OCCUPATION 
  1.00000  1.00000  1.00000  1.00000  1.00000 -0.00000  0.00000  0.00000
  0.00000  0.00000  0.00000  0.00000  0.00000  0.00000  0.00000  0.00000
 NKP=  277  NGP=       296  K=(  0.22836  0.48934  0.61983)  WKP= 0.0044
                              EIGEN VALUE 
 -0.20603 -0.17116 -0.15216 -0.14260 -0.10737  0.01164  0.10520  0.48259
  0.56369  0.78297  0.97503  1.16492  1.29093  1.33470  1.40104  1.59707
                               OCCUPATION 
  1.00000  1.00000  1.00000  1.00000  1.00000  0.00000  0.00000  0.00000
  0.00000  0.00000  0.00000  0.00000  0.00000  0.00000  0.00000  0.00000
 NKP=  278  NGP=       294  K=(  0.35885  0.35885  0.61983)  WKP= 0.0022
                              EIGEN VALUE 
 -0.21469 -0.16502 -0.14796 -0.14320 -0.10571 -0.01734  0.09827  0.55024
  0.65441  0.71961  1.00952  1.04031  1.20885  1.36092  1.51615  1.57773
                               OCCUPATION 
  1.00000  1.00000  1.00000  1.00000  1.00000  0.00000  0.00000  0.00000
  0.00000  0.00000  0.00000  0.00000  0.00000  0.00000  0.00000  0.00000
 NKP=  279  NGP=       290  K=(  0.42410  0.42410  0.42410)  WKP= 0.0007
                              EIGEN VALUE 
 -0.22892 -0.15575 -0.15575 -0.10568 -0.10568 -0.08812  0.10227  0.75022
  0.76382  0.76382  0.87098  0.87098  1.05709  1.54350  1.54350  1.62262
                               OCCUPATION 
  1.00000  1.00000  1.00000  1.00000  1.00000  1.00000  0.00000  0.00000
  0.00000  0.00000  0.00000  0.00000  0.00000  0.00000  0.00000  0.00000
 NKP=  280  NGP=       287  K=(  0.35885  0.48934  0.48934)  WKP= 0.0022
                              EIGEN VALUE 
 -0.22445 -0.15813 -0.15394 -0.12303 -0.10586 -0.05599  0.09248  0.66515
  0.72744  0.74705  0.91324  0.94550  1.10113  1.52229  1.52390  1.57554
                               OCCUPATION 
  1.00000  1.00000  1.00000  1.00000  1.00000  1.00000  0.00000  0.00000
  0.00000  0.00000  0.00000  0.00000  0.00000  0.00000  0.00000  0.00000
 
 QMDQMDQMDQMDQMDQMDQMDQMDQMDQMDQMDQMDQMDQMDQMDQMDQMDQMDQMDQMDQMDQMDQMDQM

 MD ITERATION NR.      1:013          TOTAL CPU TIME =      7.47 SECONDS

                       CONVERGED ENERGY AND FORCES 
   NIT     TotalEnergy     f_max     f_rms      edel      vdel      fdel
     1    -59.76556210  0.000000  0.000000  0.18D-10  0.72D-08  0.18D-10

    ATOM              COORDINATES                        FORCES
MD:    1
MD:    1 Cu   0.000000   0.000000   0.000000  -0.00000  0.00000 -0.00000
 
CHGPRO:     0.0000      0.2966554614     -0.4892465038      0.1562201117
CHGPRO:     0.1520      0.2913610512     -0.4897921192      0.1511900944
CHGPRO:     0.3040      0.2760666028     -0.4914033406      0.1363379701
CHGPRO:     0.4560      0.2524288174     -0.4941894067      0.1124070247
CHGPRO:     0.6080      0.2229059947     -0.4981004946      0.0808510283
CHGPRO:     0.7600      0.1904195662     -0.5027404727      0.0440603661
CHGPRO:     0.9120      0.1579486820     -0.5074242064      0.0054874753
CHGPRO:     1.0640      0.1280784998     -0.5108897967     -0.0306531880
CHGPRO:     1.2160      0.1026067283     -0.5115753058     -0.0604938672
CHGPRO:     1.3680      0.0823250548     -0.5075516507     -0.0812329494
CHGPRO:     1.5200      0.0670695711     -0.4970788336     -0.0910875478
CHGPRO:     1.6720      0.0560552692     -0.4797815813     -0.0898101232
CHGPRO:     1.8240      0.0483262960     -0.4572646361     -0.0795378882
CHGPRO:     1.9760      0.0430678846     -0.4341973554     -0.0647437288
CHGPRO:     2.1280      0.0396901448     -0.4153205644     -0.0506934963
CHGPRO:     2.2800      0.0378036359     -0.4021995868     -0.0412174958
CHGPRO:     2.4320      0.0371960573     -0.3971026723     -0.0379474600
CHGPRO:     2.5839      0.0378036359     -0.4021995868     -0.0412174958
CHGPRO:     2.7359      0.0396901448     -0.4153205644     -0.0506934963
CHGPRO:     2.8879      0.0430678846     -0.4341973554     -0.0647437288
CHGPRO:     3.0399      0.0483262960     -0.4572646361     -0.0795378882
CHGPRO:     3.1919      0.0560552692     -0.4797815813     -0.0898101232
CHGPRO:     3.3439      0.0670695711     -0.4970788336     -0.0910875478
CHGPRO:     3.4959      0.0823250548     -0.5075516507     -0.0812329494
CHGPRO:     3.6479      0.1026067283     -0.5115753058     -0.0604938672
CHGPRO:     3.7999      0.1280784998     -0.5108897967     -0.0306531880
CHGPRO:     3.9519      0.1579486820     -0.5074242064      0.0054874753
CHGPRO:     4.1039      0.1904195662     -0.5027404727      0.0440603661
CHGPRO:     4.2559      0.2229059947     -0.4981004946      0.0808510283
CHGPRO:     4.4079      0.2524288174     -0.4941894067      0.1124070247
CHGPRO:     4.5599      0.2760666028     -0.4914033406      0.1363379701
CHGPRO:     4.7119      0.2913610512     -0.4897921192      0.1511900944

 *I* wavefunction data written in zaj.data

 *I* writing eko_l

 *I* writing fsr_l, fsi_l

 *I* potential data written in potential.data

           <<<  Atomic Charge >>>
  ia is   rd d_rd  Charge(1)  Charge(2)  Charge(3)
   1  1 2.30 0.10   9.836153  10.065234  10.301812

 ***********************************************************************
 *                                                                     *
 *                               TIMING                                *
 *                                                                     *
 ***********************************************************************
      SUBROUTINE        CALLS        TOTAL CPU TIME           <CPU TIME>
             SCF            1                5.5924               5.5924
          WF_Dav           14                4.7638               0.3403
        dav_hphi         1470                2.5420               0.0017
         fftw3c3        27160                2.4666               0.0001
           kbint            1                1.9162               1.9162
     diagonalize         1470                1.2513               0.0009
         swffftx        11760                1.1821               0.0001
        swffftx2        11760                1.0781               0.0001
          Chgfft           13                0.4111               0.0316
          swffft         3640                0.3565               0.0001
         Writing            1                0.2967               0.2967
             Dos            2                0.2709               0.1354
         dav_mgs          980                0.2401               0.0002
       dav_mgs_2          980                0.1999               0.0002
         dav_hij         1470                0.1653               0.0001
      dav_nonloc         1470                0.1282               0.0001
    dav_residual          980                0.1222               0.0001
  dav_residual_1          980                0.0844               0.0001
    dav_nonloc_3         9366                0.0724               0.0000
      dav_sumset          980                0.0650               0.0001
 dav_band2g_hphi         1470                0.0607               0.0000
      xc_gga_chg           26                0.0583               0.0022
     fdchgq0_fft           13                0.0534               0.0041
      dav_precon          980                0.0533               0.0001
    dav_sumset_1          980                0.0481               0.0000
           Force            1                0.0460               0.0460
           Fermi           13                0.0393               0.0030
    dav_nonloc_2         9366                0.0365               0.0000
           fd_vq           13                0.0363               0.0028
   fdchgq0_fft_1           13                0.0356               0.0027
           pspot            1                0.0346               0.0346
 dav_refresh_phi          490                0.0332               0.0001
        fdforce0            1                0.0305               0.0305
  dav_band2g_phi          525                0.0249               0.0000
       dav_mgs_1          980                0.0247               0.0000
        swffftx1        11760                0.0175               0.0000
    dav_sumset_2          980                0.0156               0.0000
         FFT_SET            1                0.0153               0.0153
       dav_mgs_3          980                0.0134               0.0000
    dav_copy_fsr          490                0.0117               0.0000
    dav_nonloc_1         1470                0.0113               0.0000
    xc_1_gr_ch12           78                0.0086               0.0001
      dav_grmsmd            1                0.0084               0.0084
    Total Energy           13                0.0072               0.0006
 dav_refresh_fsr          490                0.0070               0.0000
            symm            1                0.0068               0.0068
       dav_mgs_t           35                0.0056               0.0002
 ***********************************************************************

 =======================================================================
 TASK                   CALLS        TOTAL CPU TIME           <CPU TIME>
 FFT SingleProc         27160                2.4788               0.0001
 FFT MPI                  321                0.0358               0.0001
 FFTW MPI1                 27                0.0030               0.0001
  
 ALLREDUCE               8647                0.0416               0.0000
 ALLREDUCE_G               45                0.0031               0.0001
 ALLREDUCE_BG              14                0.0001               0.0000
 ALLREDUCE_K             7385                0.0560               0.0000
 ALLGATHERV                68                0.0033               0.0000
 ALLGATHERV_KG           1505                0.0108               0.0000
 ALLGATHERV_K             980                0.0081               0.0000
 GATHERV                    2                0.0001               0.0000
 ALLTOALLV                180                0.0086               0.0000
 ALLTOALLV_KG            4095                0.0631               0.0000
 TOTAL TIME FOR COMMUNICATION                0.1948
 =======================================================================

 TOTAL CPU TIME:  00 HOURS 00 MINUTES  8.12 SECONDS

 PROGRAM STATE ENDED AT: Jul  1 11:50:16 2025
  
 HHHHHHHHHHHHHHHHHHHHHHHHHHHHHHHHHHHHHHHHHHHHHHHHHHHHHHHHHHHHHHHHH
 HHHHHHHHHHHHHHHHHHHHHHHHHHHHHHHHHHHHHHHHHHHHHHHHHHHHHHHHHHHHHHHHH
                           _______________________
     __________   _______/______v______v______v___]
    D          | |                                 |
    D   A A    | | Congratulations!                |  C( > < )D
  --  =(^.^)=  | |  The calculation has converged. |    = o =
 |     @@@@@   | |                                 |    (    )~
 /--=O=-+-=O=---+--=O=--+--==O==--+--==O==--+--=O=-+--=O=---=O=-/
  
 HHHHHHHHHHHHHHHHHHHHHHHHHHHHHHHHHHHHHHHHHHHHHHHHHHHHHHHHHHHHHHHHH
 HHHHHHHHHHHHHHHHHHHHHHHHHHHHHHHHHHHHHHHHHHHHHHHHHHHHHHHHHHHHHHHHH
