[0] MPI startup(): I_MPI_TCP_NETMASK variable has been removed from the product, its value is ignored

 
 ***********************************************************************
 *                                                                     *
 *                                                                     *
 *                                                                     *
 *              ******  ********    **    ******** ********            *
 *             ******** ********   ****   ******** ********            *
 *             **          **     **  **     **    **                  *
 *              ***        **    ********    **    ******              *
 *                ***      **   **********   **    ******              *
 *                  **     **  **        **  **    **                  *
 *             ********    ** **          ** **    ********            *
 *              ******     ** VERSION 5.6.17 **    ********            *
 *                               RICS-AIST                             *
 *                           OSAKA UNIVERSITY                          *
 *                                                                     *
 ***********************************************************************
 
 PROGRAM STATE STARTED AT: Jul  1 11:49:17 2025

 THIS JOB RUNS ON         : xs01                            
 THE CURRENT DIRECTORY IS : /home/ikutaro/work/STATE/examples/Cu/fcc/k-p
 THE PROCESS ID IS        : 86251
 THE JOB WAS SUBMITTED BY : ikutaro             
 THE NUMBER OF PROCESSORS : 16
 THE NUMBER OF THREADS    : 1
 
 ELECTRONIC WAVEFUNCTIONS INITIALIZED 
 ELECTRONIC CHARGE INITIALIZED 
 IONIC POSITIONS READ FROM STANDARD INPUT 
 IONIC VELOCITIES INITIALIZED 
 MAXIMUM SCF ITERATIONS : 200
 MAXIMUM MD STEPS : 200
 MAXIMUM ELAPSED CPU TIME :  86400.00 SEC
 TIME INCREMENT IN MOLECULAR DYNAMICS :     50.00 A.U.
 ENERGY CRITERION FOR SCF ITERATIONS :  0.100000E-09 HA/ATOM

 EXCHANGE-CORRELATION FUNCTIONAL : ggapbe
 SPIN POLARIZATION NOT ALLOWED 
 NUMBER OF BANDS CONSIDERED : 16
 METHFESSEL-PAXTON SMEARING 
 SMEARING WIDTH : 0.002000
 DAVIDSON METHOD WITH G-SPACE TECHNIQUE 
 BLUGEL MIXING PARAMETERS 
   MIXING OBJECT : CHARGE 
   MIXING INFORMATION RESET AFTER 30 STEPS
   MIXING PARAMETER : 0.300

 ********************************** TYPE *******************************
 TYPE  NAME  INITIAL CHARGE   MASS(AMU)     PP TYPE  ILOC   INITIAL SPIN
    1    Cu          0.1500     63.5460   UltraSoft     3         0.0000
 ***********************************************************************

 ********************************* ATOMS *******************************
   ATOM    X(BOHR)    Y(BOHR)    Z(BOHR)     TAUX    TAUY    TAUZ IW  IR
   1  1    0.00000    0.00000    0.00000   0.0000  0.0000  0.0000  1   0
 ***********************************************************************

 ******************************** K-POINTS *****************************
 BRAVIAS LATTICE         :        FACE CENTER         
 SPACE GROUP             :        F m -3 m  
 INVERSION SYMMETRY      :        NO 
 CONV. LAT. VECTOR(BOHR) :        6.878600       0.000000       0.000000
 CONV. LAT. VECTOR(BOHR) :        0.000000       6.878600       0.000000
 CONV. LAT. VECTOR(BOHR) :        0.000000       0.000000       6.878600
 PRIM. LAT. VECTOR(BOHR) :        0.000000       3.439300       3.439300
 PRIM. LAT. VECTOR(BOHR) :        3.439300       0.000000       3.439300
 PRIM. LAT. VECTOR(BOHR) :        3.439300       3.439300       0.000000
 PRIM. CELL VOLUME       :    0.813655E+02
 PRIM. REC. VECTOR(1/BOHR) :     -0.913440       0.913440       0.913440
 PRIM. REC. VECTOR(1/BOHR) :      0.913440      -0.913440       0.913440
 PRIM. REC. VECTOR(1/BOHR) :      0.913440       0.913440      -0.913440
 REC. PRIM. CELL VOLUME    :  0.304859E+01
 ENERGY CUTOFF FOR SOFT MODE(RY) :  36.000
 ENERGY CUTOFF FOR HARD MODE(RY) : 400.000
 NUMBER OF K-POINT MESH  :              11             11             11
 K-POINT SHIFT           :              ON             ON             ON
 NUMBER OF K-POINTS      :             146
        NKP            WKP              KX             KY             KZ
          1       0.001503        0.041520       0.041520       0.041520
          2       0.004508       -0.041520       0.124560       0.124560
          3       0.004508       -0.124560       0.207600       0.207600
          4       0.004508       -0.207600       0.290640       0.290640
          5       0.004508       -0.290640       0.373680       0.373680
          6       0.004508       -0.373680       0.456720       0.456720
          7       0.004508       -0.456720       0.539760       0.539760
          8       0.004508       -0.539760       0.622800       0.622800
          9       0.004508       -0.622800       0.705840       0.705840
         10       0.004508       -0.705840       0.788880       0.788880
         11       0.004508       -0.788880       0.871920       0.871920
         12       0.004508        0.041520       0.041520       0.207600
         13       0.009016       -0.041520       0.124560       0.290640
         14       0.009016       -0.124560       0.207600       0.373680
         15       0.009016       -0.207600       0.290640       0.456720
         16       0.009016       -0.290640       0.373680       0.539760
         17       0.009016       -0.373680       0.456720       0.622800
         18       0.009016       -0.456720       0.539760       0.705840
         19       0.009016       -0.539760       0.622800       0.788880
         20       0.009016       -0.622800       0.705840       0.871920
         21       0.009016       -0.705840       0.788880       0.954960
         22       0.004508        0.041520       0.041520       0.373680
         23       0.009016       -0.041520       0.124560       0.456720
         24       0.009016       -0.124560       0.207600       0.539760
         25       0.009016       -0.207600       0.290640       0.622800
         26       0.009016       -0.290640       0.373680       0.705840
         27       0.009016       -0.373680       0.456720       0.788880
         28       0.009016       -0.456720       0.539760       0.871920
         29       0.009016       -0.539760       0.622800       0.954960
         30       0.009016       -0.622800       0.705840       1.037999
         31       0.004508        0.041520       0.041520       0.539760
         32       0.009016       -0.041520       0.124560       0.622800
         33       0.009016       -0.124560       0.207600       0.705840
         34       0.009016       -0.207600       0.290640       0.788880
         35       0.009016       -0.290640       0.373680       0.871920
         36       0.009016       -0.373680       0.456720       0.954960
         37       0.009016       -0.456720       0.539760       1.037999
         38       0.009016       -0.539760       0.622800       1.121039
         39       0.004508        0.041520       0.041520       0.705840
         40       0.009016       -0.041520       0.124560       0.788880
         41       0.009016       -0.124560       0.207600       0.871920
         42       0.009016       -0.207600       0.290640       0.954960
         43       0.009016       -0.290640       0.373680       1.037999
         44       0.009016       -0.373680       0.456720       1.121039
         45       0.009016       -0.456720       0.539760       1.204079
         46       0.004508        0.041520       0.041520       0.871920
         47       0.009016       -0.041520       0.124560       0.954960
         48       0.009016       -0.124560       0.207600       1.037999
         49       0.009016       -0.207600       0.290640       1.121039
         50       0.009016       -0.290640       0.373680       1.204079
         51       0.004508       -0.373680       0.456720       1.287119
         52       0.004508        0.041520       0.041520       1.037999
         53       0.009016       -0.041520       0.124560       1.121039
         54       0.009016       -0.124560       0.207600       1.204079
         55       0.009016       -0.207600       0.290640       1.287119
         56       0.004508        0.041520       0.041520       1.204079
         57       0.009016       -0.041520       0.124560       1.287119
         58       0.009016       -0.124560       0.207600       1.370159
         59       0.004508        0.041520       0.041520       1.370159
         60       0.009016       -0.041520       0.124560       1.453199
         61       0.004508        0.041520       0.041520       1.536239
         62       0.001503        0.124560       0.124560       0.124560
         63       0.004508        0.041520       0.207600       0.207600
         64       0.004508       -0.041520       0.290640       0.290640
         65       0.004508       -0.124560       0.373680       0.373680
         66       0.004508       -0.207600       0.456720       0.456720
         67       0.004508       -0.290640       0.539760       0.539760
         68       0.004508       -0.373680       0.622800       0.622800
         69       0.004508       -0.456720       0.705840       0.705840
         70       0.004508       -0.539760       0.788880       0.788880
         71       0.004508        0.124560       0.124560       0.290640
         72       0.009016        0.041520       0.207600       0.373680
         73       0.009016       -0.041520       0.290640       0.456720
         74       0.009016       -0.124560       0.373680       0.539760
         75       0.009016       -0.207600       0.456720       0.622800
         76       0.009016       -0.290640       0.539760       0.705840
         77       0.009016       -0.373680       0.622800       0.788880
         78       0.009016       -0.456720       0.705840       0.871920
         79       0.004508        0.124560       0.124560       0.456720
         80       0.009016        0.041520       0.207600       0.539760
         81       0.009016       -0.041520       0.290640       0.622800
         82       0.009016       -0.124560       0.373680       0.705840
         83       0.009016       -0.207600       0.456720       0.788880
         84       0.009016       -0.290640       0.539760       0.871920
         85       0.009016       -0.373680       0.622800       0.954960
         86       0.004508        0.124560       0.124560       0.622800
         87       0.009016        0.041520       0.207600       0.705840
         88       0.009016       -0.041520       0.290640       0.788880
         89       0.009016       -0.124560       0.373680       0.871920
         90       0.009016       -0.207600       0.456720       0.954960
         91       0.009016       -0.290640       0.539760       1.037999
         92       0.004508        0.124560       0.124560       0.788880
         93       0.009016        0.041520       0.207600       0.871920
         94       0.009016       -0.041520       0.290640       0.954960
         95       0.009016       -0.124560       0.373680       1.037999
         96       0.004508       -0.207600       0.456720       1.121039
         97       0.004508        0.124560       0.124560       0.954960
         98       0.009016        0.041520       0.207600       1.037999
         99       0.009016       -0.041520       0.290640       1.121039
        100       0.004508        0.124560       0.124560       1.121039
        101       0.009016        0.041520       0.207600       1.204079
        102       0.004508        0.124560       0.124560       1.287119
        103       0.001503        0.207600       0.207600       0.207600
        104       0.004508        0.124560       0.290640       0.290640
        105       0.004508        0.041520       0.373680       0.373680
        106       0.004508       -0.041520       0.456720       0.456720
        107       0.004508       -0.124560       0.539760       0.539760
        108       0.004508       -0.207600       0.622800       0.622800
        109       0.004508       -0.290640       0.705840       0.705840
        110       0.004508        0.207600       0.207600       0.373680
        111       0.009016        0.124560       0.290640       0.456720
        112       0.009016        0.041520       0.373680       0.539760
        113       0.009016       -0.041520       0.456720       0.622800
        114       0.009016       -0.124560       0.539760       0.705840
        115       0.009016       -0.207600       0.622800       0.788880
        116       0.004508        0.207600       0.207600       0.539760
        117       0.009016        0.124560       0.290640       0.622800
        118       0.009016        0.041520       0.373680       0.705840
        119       0.009016       -0.041520       0.456720       0.788880
        120       0.009016       -0.124560       0.539760       0.871920
        121       0.004508        0.207600       0.207600       0.705840
        122       0.009016        0.124560       0.290640       0.788880
        123       0.009016        0.041520       0.373680       0.871920
        124       0.004508       -0.041520       0.456720       0.954960
        125       0.004508        0.207600       0.207600       0.871920
        126       0.009016        0.124560       0.290640       0.954960
        127       0.004508        0.207600       0.207600       1.037999
        128       0.001503        0.290640       0.290640       0.290640
        129       0.004508        0.207600       0.373680       0.373680
        130       0.004508        0.124560       0.456720       0.456720
        131       0.004508        0.041520       0.539760       0.539760
        132       0.004508       -0.041520       0.622800       0.622800
        133       0.004508        0.290640       0.290640       0.456720
        134       0.009016        0.207600       0.373680       0.539760
        135       0.009016        0.124560       0.456720       0.622800
        136       0.009016        0.041520       0.539760       0.705840
        137       0.004508        0.290640       0.290640       0.622800
        138       0.009016        0.207600       0.373680       0.705840
        139       0.004508        0.124560       0.456720       0.788880
        140       0.004508        0.290640       0.290640       0.788880
        141       0.001503        0.373680       0.373680       0.373680
        142       0.004508        0.290640       0.456720       0.456720
        143       0.004508        0.207600       0.539760       0.539760
        144       0.004508        0.373680       0.373680       0.539760
        145       0.004508        0.290640       0.456720       0.622800
        146       0.000751        0.456720       0.456720       0.456720
 ***********************************************************************
 *I* TOTAL NUMBER OF DEGREES OF FREEDOM :     0
     
 NEIBRD =       1331
 KID  KNX  KNY  KNZ  KNL  KNM  KNN  =   21   10   10   10   20   20   20
 KIDP KNXP KNYP KNZP KNLP KNMP KNNP =   33   16   16   16   32   32   32
 NUMBER OF GENERATED VECTORS KNG,KNGP =      2421     10969
 KFFT KFFTP =      16800     67584
 IOPT IOPTP =          1         1

 ************************* SYMMETRY OPERATION **************************
                   Rc              tc               Rp             tp
         1.0000  0.0000  0.0000  0.0000   1.0000  0.0000  0.0000  0.0000
 nr.  1  0.0000  1.0000  0.0000  0.0000   0.0000  1.0000  0.0000  0.0000
         0.0000  0.0000  1.0000  0.0000   0.0000  0.0000  1.0000  0.0000

        -1.0000  0.0000  0.0000  0.0000  -1.0000  0.0000  0.0000  0.0000
 nr.  2  0.0000 -1.0000  0.0000  0.0000   0.0000 -1.0000  0.0000  0.0000
         0.0000  0.0000 -1.0000  0.0000   0.0000  0.0000 -1.0000  0.0000

         1.0000  0.0000  0.0000  0.0000   0.0000 -1.0000  1.0000  0.0000
 nr.  3  0.0000  0.0000 -1.0000  0.0000   0.0000  0.0000  1.0000  0.0000
         0.0000  1.0000  0.0000  0.0000  -1.0000  0.0000  1.0000  0.0000

         0.0000  0.0000  1.0000  0.0000   0.0000  0.0000  1.0000  0.0000
 nr.  4  1.0000  0.0000  0.0000  0.0000   1.0000  0.0000  0.0000  0.0000
         0.0000  1.0000  0.0000  0.0000   0.0000  1.0000  0.0000  0.0000

        -1.0000  0.0000  0.0000  0.0000   0.0000  1.0000 -1.0000  0.0000
 nr.  5  0.0000  0.0000  1.0000  0.0000   0.0000  0.0000 -1.0000  0.0000
         0.0000 -1.0000  0.0000  0.0000   1.0000  0.0000 -1.0000  0.0000

         0.0000  0.0000 -1.0000  0.0000   0.0000  0.0000 -1.0000  0.0000
 nr.  6 -1.0000  0.0000  0.0000  0.0000  -1.0000  0.0000  0.0000  0.0000
         0.0000 -1.0000  0.0000  0.0000   0.0000 -1.0000  0.0000  0.0000

         1.0000  0.0000  0.0000  0.0000  -1.0000  0.0000  0.0000  0.0000
 nr.  7  0.0000 -1.0000  0.0000  0.0000  -1.0000  0.0000  1.0000  0.0000
         0.0000  0.0000 -1.0000  0.0000  -1.0000  1.0000  0.0000  0.0000

         0.0000  0.0000  1.0000  0.0000  -1.0000  1.0000  0.0000  0.0000
 nr.  8  0.0000 -1.0000  0.0000  0.0000   0.0000  1.0000  0.0000  0.0000
         1.0000  0.0000  0.0000  0.0000   0.0000  1.0000 -1.0000  0.0000

         0.0000  1.0000  0.0000  0.0000  -1.0000  0.0000  1.0000  0.0000
 nr.  9  1.0000  0.0000  0.0000  0.0000   0.0000 -1.0000  1.0000  0.0000
         0.0000  0.0000 -1.0000  0.0000   0.0000  0.0000  1.0000  0.0000

         0.0000  1.0000  0.0000  0.0000   0.0000  1.0000  0.0000  0.0000
 nr. 10  0.0000  0.0000  1.0000  0.0000   0.0000  0.0000  1.0000  0.0000
         1.0000  0.0000  0.0000  0.0000   1.0000  0.0000  0.0000  0.0000

        -1.0000  0.0000  0.0000  0.0000   1.0000  0.0000  0.0000  0.0000
 nr. 11  0.0000  1.0000  0.0000  0.0000   1.0000  0.0000 -1.0000  0.0000
         0.0000  0.0000  1.0000  0.0000   1.0000 -1.0000  0.0000  0.0000

         0.0000  0.0000 -1.0000  0.0000   1.0000 -1.0000  0.0000  0.0000
 nr. 12  0.0000  1.0000  0.0000  0.0000   0.0000 -1.0000  0.0000  0.0000
        -1.0000  0.0000  0.0000  0.0000   0.0000 -1.0000  1.0000  0.0000

         0.0000 -1.0000  0.0000  0.0000   1.0000  0.0000 -1.0000  0.0000
 nr. 13 -1.0000  0.0000  0.0000  0.0000   0.0000  1.0000 -1.0000  0.0000
         0.0000  0.0000  1.0000  0.0000   0.0000  0.0000 -1.0000  0.0000

         0.0000 -1.0000  0.0000  0.0000   0.0000 -1.0000  0.0000  0.0000
 nr. 14  0.0000  0.0000 -1.0000  0.0000   0.0000  0.0000 -1.0000  0.0000
        -1.0000  0.0000  0.0000  0.0000  -1.0000  0.0000  0.0000  0.0000

         1.0000  0.0000  0.0000  0.0000   0.0000  1.0000 -1.0000  0.0000
 nr. 15  0.0000  0.0000  1.0000  0.0000  -1.0000  1.0000  0.0000  0.0000
         0.0000 -1.0000  0.0000  0.0000   0.0000  1.0000  0.0000  0.0000

         0.0000  0.0000  1.0000  0.0000   0.0000  0.0000 -1.0000  0.0000
 nr. 16 -1.0000  0.0000  0.0000  0.0000   0.0000  1.0000 -1.0000  0.0000
         0.0000 -1.0000  0.0000  0.0000   1.0000  0.0000 -1.0000  0.0000

         0.0000  1.0000  0.0000  0.0000   1.0000  0.0000 -1.0000  0.0000
 nr. 17 -1.0000  0.0000  0.0000  0.0000   1.0000  0.0000  0.0000  0.0000
         0.0000  0.0000  1.0000  0.0000   1.0000 -1.0000  0.0000  0.0000

         0.0000  0.0000 -1.0000  0.0000  -1.0000  1.0000  0.0000  0.0000
 nr. 18  1.0000  0.0000  0.0000  0.0000  -1.0000  0.0000  0.0000  0.0000
         0.0000 -1.0000  0.0000  0.0000  -1.0000  0.0000  1.0000  0.0000

         0.0000  0.0000 -1.0000  0.0000   0.0000  0.0000  1.0000  0.0000
 nr. 19  0.0000  1.0000  0.0000  0.0000  -1.0000  0.0000  1.0000  0.0000
         1.0000  0.0000  0.0000  0.0000   0.0000 -1.0000  1.0000  0.0000

        -1.0000  0.0000  0.0000  0.0000   0.0000 -1.0000  1.0000  0.0000
 nr. 20  0.0000  0.0000 -1.0000  0.0000   1.0000 -1.0000  0.0000  0.0000
         0.0000  1.0000  0.0000  0.0000   0.0000 -1.0000  0.0000  0.0000

         0.0000  0.0000 -1.0000  0.0000   0.0000  0.0000  1.0000  0.0000
 nr. 21  1.0000  0.0000  0.0000  0.0000   0.0000 -1.0000  1.0000  0.0000
         0.0000  1.0000  0.0000  0.0000  -1.0000  0.0000  1.0000  0.0000

         0.0000 -1.0000  0.0000  0.0000  -1.0000  0.0000  1.0000  0.0000
 nr. 22  1.0000  0.0000  0.0000  0.0000  -1.0000  0.0000  0.0000  0.0000
         0.0000  0.0000 -1.0000  0.0000  -1.0000  1.0000  0.0000  0.0000

         0.0000  0.0000  1.0000  0.0000   1.0000 -1.0000  0.0000  0.0000
 nr. 23 -1.0000  0.0000  0.0000  0.0000   1.0000  0.0000  0.0000  0.0000
         0.0000  1.0000  0.0000  0.0000   1.0000  0.0000 -1.0000  0.0000

         0.0000  0.0000  1.0000  0.0000   0.0000  0.0000 -1.0000  0.0000
 nr. 24  0.0000 -1.0000  0.0000  0.0000   1.0000  0.0000 -1.0000  0.0000
        -1.0000  0.0000  0.0000  0.0000   0.0000  1.0000 -1.0000  0.0000

         0.0000  0.0000  1.0000  0.0000   1.0000 -1.0000  0.0000  0.0000
 nr. 25  0.0000  1.0000  0.0000  0.0000   1.0000  0.0000 -1.0000  0.0000
        -1.0000  0.0000  0.0000  0.0000   1.0000  0.0000  0.0000  0.0000

         0.0000  1.0000  0.0000  0.0000   0.0000 -1.0000  0.0000  0.0000
 nr. 26  0.0000  0.0000 -1.0000  0.0000   1.0000 -1.0000  0.0000  0.0000
        -1.0000  0.0000  0.0000  0.0000   0.0000 -1.0000  1.0000  0.0000

         0.0000  0.0000 -1.0000  0.0000   1.0000 -1.0000  0.0000  0.0000
 nr. 27 -1.0000  0.0000  0.0000  0.0000   0.0000 -1.0000  1.0000  0.0000
         0.0000  1.0000  0.0000  0.0000   0.0000 -1.0000  0.0000  0.0000

         0.0000 -1.0000  0.0000  0.0000   0.0000  1.0000  0.0000  0.0000
 nr. 28  1.0000  0.0000  0.0000  0.0000   0.0000  1.0000 -1.0000  0.0000
         0.0000  0.0000  1.0000  0.0000  -1.0000  1.0000  0.0000  0.0000

         0.0000 -1.0000  0.0000  0.0000   1.0000  0.0000 -1.0000  0.0000
 nr. 29  0.0000  0.0000  1.0000  0.0000   0.0000  0.0000 -1.0000  0.0000
        -1.0000  0.0000  0.0000  0.0000   0.0000  1.0000 -1.0000  0.0000

         0.0000 -1.0000  0.0000  0.0000  -1.0000  0.0000  1.0000  0.0000
 nr. 30  0.0000  0.0000 -1.0000  0.0000  -1.0000  1.0000  0.0000  0.0000
         1.0000  0.0000  0.0000  0.0000  -1.0000  0.0000  0.0000  0.0000

         0.0000  0.0000 -1.0000  0.0000  -1.0000  1.0000  0.0000  0.0000
 nr. 31  0.0000 -1.0000  0.0000  0.0000  -1.0000  0.0000  1.0000  0.0000
         1.0000  0.0000  0.0000  0.0000  -1.0000  0.0000  0.0000  0.0000

         0.0000 -1.0000  0.0000  0.0000   0.0000  1.0000  0.0000  0.0000
 nr. 32  0.0000  0.0000  1.0000  0.0000  -1.0000  1.0000  0.0000  0.0000
         1.0000  0.0000  0.0000  0.0000   0.0000  1.0000 -1.0000  0.0000

         0.0000  0.0000  1.0000  0.0000  -1.0000  1.0000  0.0000  0.0000
 nr. 33  1.0000  0.0000  0.0000  0.0000   0.0000  1.0000 -1.0000  0.0000
         0.0000 -1.0000  0.0000  0.0000   0.0000  1.0000  0.0000  0.0000

         0.0000  1.0000  0.0000  0.0000   0.0000 -1.0000  0.0000  0.0000
 nr. 34 -1.0000  0.0000  0.0000  0.0000   0.0000 -1.0000  1.0000  0.0000
         0.0000  0.0000 -1.0000  0.0000   1.0000 -1.0000  0.0000  0.0000

         0.0000  1.0000  0.0000  0.0000  -1.0000  0.0000  1.0000  0.0000
 nr. 35  0.0000  0.0000 -1.0000  0.0000   0.0000  0.0000  1.0000  0.0000
         1.0000  0.0000  0.0000  0.0000   0.0000 -1.0000  1.0000  0.0000

         0.0000  1.0000  0.0000  0.0000   1.0000  0.0000 -1.0000  0.0000
 nr. 36  0.0000  0.0000  1.0000  0.0000   1.0000 -1.0000  0.0000  0.0000
        -1.0000  0.0000  0.0000  0.0000   1.0000  0.0000  0.0000  0.0000

         0.0000  0.0000 -1.0000  0.0000   0.0000  0.0000 -1.0000  0.0000
 nr. 37  0.0000 -1.0000  0.0000  0.0000   0.0000 -1.0000  0.0000  0.0000
        -1.0000  0.0000  0.0000  0.0000  -1.0000  0.0000  0.0000  0.0000

         0.0000 -1.0000  0.0000  0.0000   0.0000 -1.0000  0.0000  0.0000
 nr. 38 -1.0000  0.0000  0.0000  0.0000  -1.0000  0.0000  0.0000  0.0000
         0.0000  0.0000 -1.0000  0.0000   0.0000  0.0000 -1.0000  0.0000

        -1.0000  0.0000  0.0000  0.0000   1.0000  0.0000  0.0000  0.0000
 nr. 39  0.0000  0.0000  1.0000  0.0000   1.0000 -1.0000  0.0000  0.0000
         0.0000  1.0000  0.0000  0.0000   1.0000  0.0000 -1.0000  0.0000

        -1.0000  0.0000  0.0000  0.0000   0.0000 -1.0000  1.0000  0.0000
 nr. 40  0.0000  1.0000  0.0000  0.0000   0.0000 -1.0000  0.0000  0.0000
         0.0000  0.0000 -1.0000  0.0000   1.0000 -1.0000  0.0000  0.0000

        -1.0000  0.0000  0.0000  0.0000   0.0000  1.0000 -1.0000  0.0000
 nr. 41  0.0000 -1.0000  0.0000  0.0000   1.0000  0.0000 -1.0000  0.0000
         0.0000  0.0000  1.0000  0.0000   0.0000  0.0000 -1.0000  0.0000

         0.0000  0.0000  1.0000  0.0000   0.0000  0.0000  1.0000  0.0000
 nr. 42  0.0000  1.0000  0.0000  0.0000   0.0000  1.0000  0.0000  0.0000
         1.0000  0.0000  0.0000  0.0000   1.0000  0.0000  0.0000  0.0000

         0.0000  1.0000  0.0000  0.0000   0.0000  1.0000  0.0000  0.0000
 nr. 43  1.0000  0.0000  0.0000  0.0000   1.0000  0.0000  0.0000  0.0000
         0.0000  0.0000  1.0000  0.0000   0.0000  0.0000  1.0000  0.0000

         1.0000  0.0000  0.0000  0.0000  -1.0000  0.0000  0.0000  0.0000
 nr. 44  0.0000  0.0000 -1.0000  0.0000  -1.0000  1.0000  0.0000  0.0000
         0.0000 -1.0000  0.0000  0.0000  -1.0000  0.0000  1.0000  0.0000

         1.0000  0.0000  0.0000  0.0000   0.0000  1.0000 -1.0000  0.0000
 nr. 45  0.0000 -1.0000  0.0000  0.0000   0.0000  1.0000  0.0000  0.0000
         0.0000  0.0000  1.0000  0.0000  -1.0000  1.0000  0.0000  0.0000

         1.0000  0.0000  0.0000  0.0000   0.0000 -1.0000  1.0000  0.0000
 nr. 46  0.0000  1.0000  0.0000  0.0000  -1.0000  0.0000  1.0000  0.0000
         0.0000  0.0000 -1.0000  0.0000   0.0000  0.0000  1.0000  0.0000

        -1.0000  0.0000  0.0000  0.0000  -1.0000  0.0000  0.0000  0.0000
 nr. 47  0.0000  0.0000 -1.0000  0.0000   0.0000  0.0000 -1.0000  0.0000
         0.0000 -1.0000  0.0000  0.0000   0.0000 -1.0000  0.0000  0.0000

         1.0000  0.0000  0.0000  0.0000   1.0000  0.0000  0.0000  0.0000
 nr. 48  0.0000  0.0000  1.0000  0.0000   0.0000  0.0000  1.0000  0.0000
         0.0000  1.0000  0.0000  0.0000   0.0000  1.0000  0.0000  0.0000
 ***********************************************************************
  
           ===================================================
           ===       MPI PARALLELIZATION INFORMATION       ===
           ===================================================
           === TOTAL NUMBER OF K-POINTS          :     146 ===
           === K-POINT DIVISOR                   :       2 ===
           === TOTAL NUMBER OF BANDS             :      16 ===
           === BAND DIVISOR                      :       8 ===
           === TOTAL NUMBER OF G-VECTORS         :     307 ===
           === G-VECTOR DIVISOR                  :       1 ===
           ===================================================

 ***********************************************************************
                               ALLOCATION 
 ***********************************************************************
  NCPU  KNGP_FFT      KNGP       KNG     KNG1      KEG     KATM    KATM2
     0      1061       685       151       39        2        0        0
     1      1041       685       151       39        2        0        0
     2       965       685       151       39        2        0        0
     3       877       685       151       38        2        0        0
     4       745       685       151       38        2        0        0
     5       569       685       151       38        2        0        0
     6       369       685       151       38        2        0        0
     7       125       686       151       38        2        0        0
     8        30       686       151       39        2        0        0
     9       251       686       151       39        2        0        0
    10       471       686       151       39        2        0        0
    11       665       686       152       38        2        0        0
    12       817       686       152       38        2        0        0
    13       929       686       152       38        2        0        0
    14      1001       686       152       38        2        0        0
    15      1053       686       152       38        2        1        1
 -----------------------------------------------------------------------
  NCPU    KFFTPM     KFFTP    KFFTP2     KFFT    KMESH     KNMP     KNNP
     0      4224      4224      2112     1050       93        2        2
     1      4224      4224      2112     1050       93        2        2
     2      4224      4224      2112     1050       93        2        2
     3      4224      4224      2112     1050       94        2        2
     4      4224      4224      2112     1050       94        2        2
     5      4224      4224      2112     1050       94        2        2
     6      4224      4224      2112     1050       94        2        2
     7      4224      4224      2112     1050       94        2        2
     8      4224      4224      2112     1050       94        2        2
     9      4224      4224      2112     1050       94        2        2
    10      4224      4224      2112     1050       94        2        2
    11      4224      4224      2112     1050       94        2        2
    12      4224      4224      2112     1050       94        2        2
    13      4224      4224      2112     1050       94        2        2
    14      4224      4224      2112     1050       94        2        2
    15      4224      4224      2112     1050       94        2        2
 ***********************************************************************
                            END OF ALLOCATION 
 ***********************************************************************

 ********   <<  Reading Potential >>  ******** 
 F_POT(01) = pot.Cu_pbe1
 29.0000 11.0000  6      1          : NATOMN IVAL ILOC ITPCC
 ggapbe                             : XCTYPE
  7.5900  3.0200  2.6959 -1.6959    : ALP CC
 1501    96.0000 60.0000            : NMESH XH RMAX
 VALL is read from unit 37
    1   2   1                       : IL ITAU(IL1) IVAN(IL1)
    2   2   1                       : IL ITAU(IL1) IVAN(IL1)
    3   2   1                       : IL ITAU(IL1) IVAN(IL1)
    1   1   1   1   1   1  1135   8 : MM L1 T1 L2 T2 L3 NRC MORD
    2   1   1   1   2   1  1135   8 : MM L1 T1 L2 T2 L3 NRC MORD
    3   1   1   2   1   2  1135   8 : MM L1 T1 L2 T2 L3 NRC MORD
    4   1   1   2   2   2  1135   8 : MM L1 T1 L2 T2 L3 NRC MORD
    5   1   1   3   1   3  1135   8 : MM L1 T1 L2 T2 L3 NRC MORD
    6   1   1   3   2   3  1135   8 : MM L1 T1 L2 T2 L3 NRC MORD
    7   1   2   1   2   1  1135   8 : MM L1 T1 L2 T2 L3 NRC MORD
    8   1   2   2   1   2  1135   8 : MM L1 T1 L2 T2 L3 NRC MORD
    9   1   2   2   2   2  1135   8 : MM L1 T1 L2 T2 L3 NRC MORD
   10   1   2   3   1   3  1135   8 : MM L1 T1 L2 T2 L3 NRC MORD
   11   1   2   3   2   3  1135   8 : MM L1 T1 L2 T2 L3 NRC MORD
   12   2   1   2   1   1  1135   8 : MM L1 T1 L2 T2 L3 NRC MORD
   13   2   1   2   1   3  1135   8 : MM L1 T1 L2 T2 L3 NRC MORD
   14   2   1   2   2   1  1135   8 : MM L1 T1 L2 T2 L3 NRC MORD
   15   2   1   2   2   3  1135   8 : MM L1 T1 L2 T2 L3 NRC MORD
   16   2   1   3   1   2  1135   8 : MM L1 T1 L2 T2 L3 NRC MORD
   17   2   1   3   1   4  1135   8 : MM L1 T1 L2 T2 L3 NRC MORD
   18   2   1   3   2   2  1135   8 : MM L1 T1 L2 T2 L3 NRC MORD
   19   2   1   3   2   4  1135   8 : MM L1 T1 L2 T2 L3 NRC MORD
   20   2   2   2   2   1  1135   8 : MM L1 T1 L2 T2 L3 NRC MORD
   21   2   2   2   2   3  1135   8 : MM L1 T1 L2 T2 L3 NRC MORD
   22   2   2   3   1   2  1135   8 : MM L1 T1 L2 T2 L3 NRC MORD
   23   2   2   3   1   4  1135   8 : MM L1 T1 L2 T2 L3 NRC MORD
   24   2   2   3   2   2  1135   8 : MM L1 T1 L2 T2 L3 NRC MORD
   25   2   2   3   2   4  1135   8 : MM L1 T1 L2 T2 L3 NRC MORD
   26   3   1   3   1   1  1135   8 : MM L1 T1 L2 T2 L3 NRC MORD
   27   3   1   3   1   3  1127   8 : MM L1 T1 L2 T2 L3 NRC MORD
   28   3   1   3   1   5  1135   8 : MM L1 T1 L2 T2 L3 NRC MORD
   29   3   1   3   2   1  1135   8 : MM L1 T1 L2 T2 L3 NRC MORD
   30   3   1   3   2   3  1135   8 : MM L1 T1 L2 T2 L3 NRC MORD
   31   3   1   3   2   5  1135   8 : MM L1 T1 L2 T2 L3 NRC MORD
   32   3   2   3   2   1  1135   8 : MM L1 T1 L2 T2 L3 NRC MORD
   33   3   2   3   2   3  1135   8 : MM L1 T1 L2 T2 L3 NRC MORD
   34   3   2   3   2   5  1135   8 : MM L1 T1 L2 T2 L3 NRC MORD
 CHGPC  =   8.48851088
 TOTAL ENERGY CORRECTION FROM PS     =     0.4923571502D+00
 TOTAL PARTIAL CHARGE         SCHGPC =         8.4885108817
 TOTAL LOCALIZED CHARGE (QLCTOT)     =         0.0000000000
 KQITG =    34
 NUMBER OF BANDS SHOULD BE GREATER THAN 6
 KLMT  =    18
 KLMTT =    18
 KLMTA =    18
 TOTCH =      11.000000000000
 NX NY NZ  =   4   4   4
 NNEIB     =     729
 ALF       =    2.647574
 NEWLDG    =     137

 ***********************************************************************
 *                                                                     *
 *                              START SCF                              *
 *                                                                     *
 ***********************************************************************

  NSCF NADR            ETOTAL          EDEL          CDEL CONV      TCPU
     1    0      -59.13857434   0.59139E+02   0.12909E-01    0      1.09
     2    0      -59.54129911   0.40272E+00   0.50593E-01    0      0.55
     3    1      -59.76343052   0.22213E+00   0.83653E-02    0      0.55
     4    2      -59.76561970   0.21892E-02   0.34111E-02    1      0.55
     5    3      -59.76554972   0.69984E-04   0.93059E-03    2      0.55
     6    4      -59.76556969   0.19977E-04   0.79766E-03    2      0.55
     7    5      -59.76562433   0.54639E-04   0.28837E-04    3      0.57
     8    6      -59.76562439   0.53301E-07   0.15171E-04    3      0.55
     9    7      -59.76562441   0.18187E-07   0.34287E-05    3      0.55
    10    8      -59.76562441   0.79775E-09   0.14695E-05    3      0.55
    11    9      -59.76562441   0.16180E-09   0.15267E-06    3      0.55
    12   10      -59.76562441   0.25430E-10   0.76389E-08    4      0.55
    13   11      -59.76562441   0.14495E-11   0.10745E-07    5      0.55
    14   12      -59.76562441   0.17124E-11   0.48292E-08    6      0.55
 
                                   TOTAL CHARGE DENSITY =     10.9999997

                     TOTAL ENERGY AND ITS COMPONENTS 
                  TOTAL ENERGY     =         -59.76562441 A.U.
                KINETIC ENERGY     =           6.33394208 A.U.
                HARTREE ENERGY     =          16.07607001 A.U.
                     XC ENERGY     =         -19.86515226 A.U.
                  LOCAL ENERGY     =         -17.32532358 A.U.
               NONLOCAL ENERGY     =          -4.65948720 A.U.
                  EWALD ENERGY     =         -40.32567026 A.U.
                     PC ENERGY     =           0.00000000 A.U.
               ENTROPIC ENERGY     =          -0.00000319 A.U.

                                         FERMI ENERGY =      -0.04638253
 NKP=    1  NGP=       301  K=(  0.04152  0.04152  0.04152)  WKP= 0.0015
                              EIGEN VALUE 
 -0.38056 -0.15537 -0.15428 -0.15428 -0.12592 -0.12592  0.78933  0.84648
  0.87266  0.87266  0.98049  0.98049  1.01184  1.11676  1.25549  1.25549
                               OCCUPATION 
  1.00000  1.00000  1.00000  1.00000  1.00000  1.00000  0.00000  0.00000
  0.00000  0.00000  0.00000  0.00000  0.00000  0.00000  0.00000  0.00000
 NKP=    2  NGP=       304  K=( -0.04152  0.12456  0.12456)  WKP= 0.0045
                              EIGEN VALUE 
 -0.36613 -0.15840 -0.15189 -0.15150 -0.12815 -0.12526  0.68348  0.75788
  0.85770  0.89066  0.99072  1.01092  1.11542  1.12843  1.17931  1.24844
                               OCCUPATION 
  1.00000  1.00000  1.00000  1.00000  1.00000  1.00000  0.00000  0.00000
  0.00000  0.00000  0.00000  0.00000  0.00000  0.00000  0.00000  0.00000
 NKP=    3  NGP=       302  K=( -0.12456  0.20760  0.20760)  WKP= 0.0045
                              EIGEN VALUE 
 -0.33153 -0.16324 -0.14890 -0.14835 -0.12873 -0.12272  0.50781  0.71852
  0.84369  0.85832  1.00292  1.01031  1.09323  1.13737  1.19169  1.34714
                               OCCUPATION 
  1.00000  1.00000  1.00000  1.00000  1.00000  1.00000  0.00000  0.00000
  0.00000  0.00000  0.00000  0.00000  0.00000  0.00000  0.00000  0.00000
 NKP=    4  NGP=       297  K=( -0.20760  0.29064  0.29064)  WKP= 0.0045
                              EIGEN VALUE 
 -0.28293 -0.16315 -0.15055 -0.14955 -0.12232 -0.11495  0.34413  0.69589
  0.81078  0.82957  0.92538  0.98043  1.09211  1.21391  1.29190  1.44449
                               OCCUPATION 
  1.00000  1.00000  1.00000  1.00000  1.00000  1.00000  0.00000  0.00000
  0.00000  0.00000  0.00000  0.00000  0.00000  0.00000  0.00000  0.00000
 NKP=    5  NGP=       293  K=( -0.29064  0.37368  0.37368)  WKP= 0.0045
                              EIGEN VALUE 
 -0.24118 -0.15427 -0.15310 -0.14159 -0.11283 -0.10309  0.20088  0.69046
  0.77687  0.79509  0.88124  0.94428  1.07833  1.35597  1.41828  1.55895
                               OCCUPATION 
  1.00000  1.00000  1.00000  1.00000  1.00000  1.00000  0.00000  0.00000
  0.00000  0.00000  0.00000  0.00000  0.00000  0.00000  0.00000  0.00000
 NKP=    6  NGP=       292  K=( -0.37368  0.45672  0.45672)  WKP= 0.0045
                              EIGEN VALUE 
 -0.22722 -0.15674 -0.15515 -0.11580 -0.10631 -0.07282  0.09957  0.70331
  0.75459  0.75491  0.88350  0.91468  1.07553  1.51293  1.55948  1.59345
                               OCCUPATION 
  1.00000  1.00000  1.00000  1.00000  1.00000  1.00000  0.00000  0.00000
  0.00000  0.00000  0.00000  0.00000  0.00000  0.00000  0.00000  0.00000
 NKP=    7  NGP=       290  K=( -0.45672  0.53976  0.53976)  WKP= 0.0045
                              EIGEN VALUE 
 -0.22944 -0.15645 -0.15448 -0.12138 -0.10580 -0.08611  0.12500  0.72763
  0.72876  0.75524  0.90291  0.91488  1.07306  1.43841  1.54792  1.61451
                               OCCUPATION 
  1.00000  1.00000  1.00000  1.00000  1.00000  1.00000  0.00000  0.00000
  0.00000  0.00000  0.00000  0.00000  0.00000  0.00000  0.00000  0.00000
 NKP=    8  NGP=       296  K=( -0.53976  0.62280  0.62280)  WKP= 0.0045
                              EIGEN VALUE 
 -0.25225 -0.15347 -0.15259 -0.15160 -0.11198 -0.11120  0.24571  0.72047
  0.74415  0.79737  0.91185  0.96923  1.06881  1.29182  1.40177  1.50796
                               OCCUPATION 
  1.00000  1.00000  1.00000  1.00000  1.00000  1.00000  0.00000  0.00000
  0.00000  0.00000  0.00000  0.00000  0.00000  0.00000  0.00000  0.00000
 NKP=    9  NGP=       300  K=( -0.62280  0.70584  0.70584)  WKP= 0.0045
                              EIGEN VALUE 
 -0.29988 -0.16468 -0.14953 -0.14861 -0.12392 -0.11914  0.39678  0.73302
  0.76161  0.85695  0.93939  1.04392  1.06464  1.17253  1.26925  1.40224
                               OCCUPATION 
  1.00000  1.00000  1.00000  1.00000  1.00000  1.00000  0.00000  0.00000
  0.00000  0.00000  0.00000  0.00000  0.00000  0.00000  0.00000  0.00000
 NKP=   10  NGP=       303  K=( -0.70584  0.78888  0.78888)  WKP= 0.0045
                              EIGEN VALUE 
 -0.34509 -0.16191 -0.14925 -0.14908 -0.12913 -0.12418  0.56567  0.76407
  0.78514  0.89629  0.97476  1.06356  1.11113  1.11404  1.18074  1.30916
                               OCCUPATION 
  1.00000  1.00000  1.00000  1.00000  1.00000  1.00000  0.00000  0.00000
  0.00000  0.00000  0.00000  0.00000  0.00000  0.00000  0.00000  0.00000
 NKP=   11  NGP=       305  K=( -0.78888  0.87192  0.87192)  WKP= 0.0045
                              EIGEN VALUE 
 -0.37331 -0.15728 -0.15275 -0.15266 -0.12776 -0.12509  0.74127  0.81235
  0.81266  0.87831  0.99043  1.04756  1.05683  1.12164  1.19516  1.26528
                               OCCUPATION 
  1.00000  1.00000  1.00000  1.00000  1.00000  1.00000  0.00000  0.00000
  0.00000  0.00000  0.00000  0.00000  0.00000  0.00000  0.00000  0.00000
 NKP=   12  NGP=       303  K=(  0.04152  0.04152  0.20760)  WKP= 0.0045
                              EIGEN VALUE 
 -0.35900 -0.16117 -0.14952 -0.14947 -0.13110 -0.12349  0.68841  0.74867
  0.77054  0.84321  0.99815  1.05788  1.12374  1.13883  1.24658  1.28565
                               OCCUPATION 
  1.00000  1.00000  1.00000  1.00000  1.00000  1.00000  0.00000  0.00000
  0.00000  0.00000  0.00000  0.00000  0.00000  0.00000  0.00000  0.00000
 NKP=   13  NGP=       300  K=( -0.04152  0.12456  0.29064)  WKP= 0.0090
                              EIGEN VALUE 
 -0.33134 -0.16657 -0.14689 -0.14475 -0.13315 -0.12059  0.57590  0.64784
  0.78654  0.84557  0.91321  1.07854  1.12541  1.25194  1.25926  1.36893
                               OCCUPATION 
  1.00000  1.00000  1.00000  1.00000  1.00000  1.00000  0.00000  0.00000
  0.00000  0.00000  0.00000  0.00000  0.00000  0.00000  0.00000  0.00000
 NKP=   14  NGP=       298  K=( -0.12456  0.20760  0.37368)  WKP= 0.0090
                              EIGEN VALUE 
 -0.28730 -0.17048 -0.15094 -0.14365 -0.12488 -0.11288  0.40817  0.61792
  0.75002  0.79538  0.97883  1.03640  1.11900  1.22961  1.33524  1.48450
                               OCCUPATION 
  1.00000  1.00000  1.00000  1.00000  1.00000  1.00000  0.00000  0.00000
  0.00000  0.00000  0.00000  0.00000  0.00000  0.00000  0.00000  0.00000
 NKP=   15  NGP=       296  K=( -0.20760  0.29064  0.45672)  WKP= 0.0090
                              EIGEN VALUE 
 -0.24167 -0.16464 -0.15648 -0.14648 -0.11203 -0.09558  0.25666  0.60800
  0.68710  0.76478  0.98960  1.05181  1.12341  1.23608  1.45360  1.60387
                               OCCUPATION 
  1.00000  1.00000  1.00000  1.00000  1.00000  1.00000  0.00000  0.00000
  0.00000  0.00000  0.00000  0.00000  0.00000  0.00000  0.00000  0.00000
 NKP=   16  NGP=       293  K=( -0.29064  0.37368  0.53976)  WKP= 0.0090
                              EIGEN VALUE 
 -0.22078 -0.16195 -0.14963 -0.14314 -0.10604 -0.05295  0.13287  0.61477
  0.63343  0.75999  0.95359  1.04576  1.15936  1.32934  1.58456  1.59083
                               OCCUPATION 
  1.00000  1.00000  1.00000  1.00000  1.00000  1.00002  0.00000  0.00000
  0.00000  0.00000  0.00000  0.00000  0.00000  0.00000  0.00000  0.00000
 NKP=   17  NGP=       295  K=( -0.37368  0.45672  0.62280)  WKP= 0.0090
                              EIGEN VALUE 
 -0.21876 -0.16208 -0.15031 -0.13836 -0.10718 -0.03607  0.10530  0.58606
  0.65597  0.77300  0.93269  1.03486  1.17396  1.41641  1.48905  1.56498
                               OCCUPATION 
  1.00000  1.00000  1.00000  1.00000  1.00000 -0.00000  0.00000  0.00000
  0.00000  0.00000  0.00000  0.00000  0.00000  0.00000  0.00000  0.00000
 NKP=   18  NGP=       295  K=( -0.45672  0.53976  0.70584)  WKP= 0.0090
                              EIGEN VALUE 
 -0.23111 -0.15885 -0.15566 -0.14812 -0.11446 -0.08133  0.21152  0.56773
  0.71001  0.80303  0.93004  1.02585  1.18319  1.27585  1.42525  1.64189
                               OCCUPATION 
  1.00000  1.00000  1.00000  1.00000  1.00000  1.00000  0.00000  0.00000
  0.00000  0.00000  0.00000  0.00000  0.00000  0.00000  0.00000  0.00000
 NKP=   19  NGP=       298  K=( -0.53976  0.62280  0.78888)  WKP= 0.0090
                              EIGEN VALUE 
 -0.27078 -0.16883 -0.15300 -0.14472 -0.12579 -0.10476  0.35574  0.57011
  0.78112  0.84438  0.95172  1.00047  1.12793  1.22981  1.32499  1.55784
                               OCCUPATION 
  1.00000  1.00000  1.00000  1.00000  1.00000  1.00000  0.00000  0.00000
  0.00000  0.00000  0.00000  0.00000  0.00000  0.00000  0.00000  0.00000
 NKP=   20  NGP=       301  K=( -0.62280  0.70584  0.87192)  WKP= 0.0090
                              EIGEN VALUE 
 -0.31809 -0.16705 -0.14862 -0.14397 -0.13309 -0.11733  0.51852  0.59303
  0.85301  0.88534  0.94642  1.00594  1.05501  1.21210  1.30152  1.42931
                               OCCUPATION 
  1.00000  1.00000  1.00000  1.00000  1.00000  1.00000  0.00000  0.00000
  0.00000  0.00000  0.00000  0.00000  0.00000  0.00000  0.00000  0.00000
 NKP=   21  NGP=       301  K=( -0.70584  0.78888  0.95496)  WKP= 0.0090
                              EIGEN VALUE 
 -0.35198 -0.16163 -0.14929 -0.14912 -0.13065 -0.12352  0.62764  0.70143
  0.82996  0.89843  0.97551  1.03004  1.07764  1.18653  1.20969  1.30071
                               OCCUPATION 
  1.00000  1.00000  1.00000  1.00000  1.00000  1.00000  0.00000  0.00000
  0.00000  0.00000  0.00000  0.00000  0.00000  0.00000  0.00000  0.00000
 NKP=   22  NGP=       301  K=(  0.04152  0.04152  0.37368)  WKP= 0.0045
                              EIGEN VALUE 
 -0.31156 -0.17305 -0.14293 -0.13886 -0.13514 -0.11851  0.58845  0.63209
  0.69513  0.72990  0.81739  1.21772  1.26662  1.28168  1.36962  1.39849
                               OCCUPATION 
  1.00000  1.00000  1.00000  1.00000  1.00000  1.00000  0.00000  0.00000
  0.00000  0.00000  0.00000  0.00000  0.00000  0.00000  0.00000  0.00000
 NKP=   23  NGP=       300  K=( -0.04152  0.12456  0.45672)  WKP= 0.0090
                              EIGEN VALUE 
 -0.27562 -0.17914 -0.14885 -0.13288 -0.12503 -0.11234  0.48603  0.55270
  0.64238  0.72404  0.82415  1.20788  1.26802  1.36461  1.41546  1.52407
                               OCCUPATION 
  1.00000  1.00000  1.00000  1.00000  1.00000  1.00000  0.00000  0.00000
  0.00000  0.00000  0.00000  0.00000  0.00000  0.00000  0.00000  0.00000
 NKP=   24  NGP=       299  K=( -0.12456  0.20760  0.53976)  WKP= 0.0090
                              EIGEN VALUE 
 -0.23439 -0.18117 -0.15614 -0.13428 -0.11033 -0.08993  0.33049  0.53426
  0.56063  0.71985  0.93654  1.14391  1.24387  1.35530  1.52722  1.67212
                               OCCUPATION 
  1.00000  1.00000  1.00000  1.00000  1.00000  1.00000  0.00000  0.00000
  0.00000  0.00000  0.00000  0.00000  0.00000  0.00000  0.00000  0.00000
 NKP=   25  NGP=       293  K=( -0.20760  0.29064  0.62280)  WKP= 0.0090
                              EIGEN VALUE 
 -0.20941 -0.17697 -0.15776 -0.13763 -0.10511 -0.03509  0.19286  0.49051
  0.54354  0.72138  1.05487  1.11699  1.20804  1.35498  1.59487  1.65621
                               OCCUPATION 
  1.00000  1.00000  1.00000  1.00000  1.00000 -0.00000  0.00000  0.00000
  0.00000  0.00000  0.00000  0.00000  0.00000  0.00000  0.00000  0.00000
 NKP=   26  NGP=       298  K=( -0.29064  0.37368  0.70584)  WKP= 0.0090
                              EIGEN VALUE 
 -0.20291 -0.17431 -0.15438 -0.14024 -0.10731  0.02608  0.10611  0.44253
  0.57353  0.73840  1.03927  1.16934  1.26504  1.35674  1.42722  1.57216
                               OCCUPATION 
  1.00000  1.00000  1.00000  1.00000  1.00000  0.00000  0.00000  0.00000
  0.00000  0.00000  0.00000  0.00000  0.00000  0.00000  0.00000  0.00000
 NKP=   27  NGP=       294  K=( -0.37368  0.45672  0.78888)  WKP= 0.0090
                              EIGEN VALUE 
 -0.20616 -0.16955 -0.16258 -0.14009 -0.11547 -0.02926  0.19373  0.41521
  0.62568  0.77465  1.01307  1.13950  1.24847  1.37053  1.42437  1.48685
                               OCCUPATION 
  1.00000  1.00000  1.00000  1.00000  1.00000  0.00000  0.00000  0.00000
  0.00000  0.00000  0.00000  0.00000  0.00000  0.00000  0.00000  0.00000
 NKP=   28  NGP=       298  K=( -0.45672  0.53976  0.87192)  WKP= 0.0090
                              EIGEN VALUE 
 -0.23158 -0.17326 -0.16104 -0.13757 -0.12711 -0.07716  0.33055  0.41091
  0.69627  0.83174  0.98444  1.08630  1.13935  1.29226  1.45493  1.61048
                               OCCUPATION 
  1.00000  1.00000  1.00000  1.00000  1.00000  1.00000  0.00000  0.00000
  0.00000  0.00000  0.00000  0.00000  0.00000  0.00000  0.00000  0.00000
 NKP=   29  NGP=       299  K=( -0.53976  0.62280  0.95496)  WKP= 0.0090
                              EIGEN VALUE 
 -0.27520 -0.17159 -0.15314 -0.13922 -0.13274 -0.10310  0.41920  0.49535
  0.78083  0.88882  0.93767  1.01828  1.08917  1.24395  1.38070  1.53999
                               OCCUPATION 
  1.00000  1.00000  1.00000  1.00000  1.00000  1.00000  0.00000  0.00000
  0.00000  0.00000  0.00000  0.00000  0.00000  0.00000  0.00000  0.00000
 NKP=   30  NGP=       301  K=( -0.62280  0.70584  1.03800)  WKP= 0.0090
                              EIGEN VALUE 
 -0.31189 -0.16619 -0.14889 -0.14654 -0.12875 -0.11841  0.45527  0.66637
  0.80333  0.88282  0.94509  1.01810  1.09516  1.17661  1.25563  1.40684
                               OCCUPATION 
  1.00000  1.00000  1.00000  1.00000  1.00000  1.00000  0.00000  0.00000
  0.00000  0.00000  0.00000  0.00000  0.00000  0.00000  0.00000  0.00000
 NKP=   31  NGP=       304  K=(  0.04152  0.04152  0.53976)  WKP= 0.0045
                              EIGEN VALUE 
 -0.25232 -0.18683 -0.13970 -0.12456 -0.11909 -0.11242  0.50307  0.53481
  0.53694  0.64982  0.74362  1.37217  1.37513  1.45622  1.49432  1.54717
                               OCCUPATION 
  1.00000  1.00000  1.00000  1.00000  1.00000  1.00000  0.00000  0.00000
  0.00000  0.00000  0.00000  0.00000  0.00000  0.00000  0.00000  0.00000
 NKP=   32  NGP=       302  K=( -0.04152  0.12456  0.62280)  WKP= 0.0090
                              EIGEN VALUE 
 -0.22723 -0.19153 -0.13920 -0.11895 -0.11016 -0.08771  0.41648  0.44471
  0.48010  0.67694  0.77687  1.30671  1.42931  1.52583  1.57275  1.67511
                               OCCUPATION 
  1.00000  1.00000  1.00000  1.00000  1.00000  1.00000  0.00000  0.00000
  0.00000  0.00000  0.00000  0.00000  0.00000  0.00000  0.00000  0.00000
 NKP=   33  NGP=       300  K=( -0.12456  0.20760  0.70584)  WKP= 0.0090
                              EIGEN VALUE 
 -0.20917 -0.19130 -0.14542 -0.12275 -0.10420 -0.02350  0.27656  0.37208
  0.47855  0.68658  0.90244  1.24152  1.37621  1.55034  1.61909  1.73845
                               OCCUPATION 
  1.00000  1.00000  1.00000  1.00000  1.00000  0.00000  0.00000  0.00000
  0.00000  0.00000  0.00000  0.00000  0.00000  0.00000  0.00000  0.00000
 NKP=   34  NGP=       294  K=( -0.20760  0.29064  0.78888)  WKP= 0.0090
                              EIGEN VALUE 
 -0.19746 -0.18750 -0.15301 -0.12715 -0.10595  0.06567  0.15426  0.31895
  0.50371  0.70080  1.05922  1.19006  1.32532  1.43425  1.55715  1.61259
                               OCCUPATION 
  1.00000  1.00000  1.00000  1.00000  1.00000  0.00000  0.00000  0.00000
  0.00000  0.00000  0.00000  0.00000  0.00000  0.00000  0.00000  0.00000
 NKP=   35  NGP=       289  K=( -0.29064  0.37368  0.87192)  WKP= 0.0090
                              EIGEN VALUE 
 -0.19008 -0.18201 -0.16350 -0.13081 -0.11306  0.04469  0.18275  0.29052
  0.55226  0.72940  1.13468  1.22999  1.26620  1.29670  1.44364  1.62257
                               OCCUPATION 
  1.00000  1.00000  1.00000  1.00000  1.00000  0.00000  0.00000  0.00000
  0.00000  0.00000  0.00000  0.00000  0.00000  0.00000  0.00000  0.00000
 NKP=   36  NGP=       293  K=( -0.37368  0.45672  0.95496)  WKP= 0.0090
                              EIGEN VALUE 
 -0.20102 -0.17162 -0.17004 -0.13535 -0.11990 -0.02954  0.25213  0.34203
  0.61963  0.77424  1.05379  1.16847  1.20327  1.34952  1.46045  1.53761
                               OCCUPATION 
  1.00000  1.00000  1.00000  1.00000  1.00000  0.00000  0.00000  0.00000
  0.00000  0.00000  0.00000  0.00000  0.00000  0.00000  0.00000  0.00000
 NKP=   37  NGP=       295  K=( -0.45672  0.53976  1.03800)  WKP= 0.0090
                              EIGEN VALUE 
 -0.23139 -0.16759 -0.15997 -0.14305 -0.12092 -0.07853  0.26831  0.48582
  0.70096  0.82283  0.95577  1.06384  1.18065  1.29416  1.38386  1.65573
                               OCCUPATION 
  1.00000  1.00000  1.00000  1.00000  1.00000  1.00000  0.00000  0.00000
  0.00000  0.00000  0.00000  0.00000  0.00000  0.00000  0.00000  0.00000
 NKP=   38  NGP=       298  K=( -0.53976  0.62280  1.12104)  WKP= 0.0090
                              EIGEN VALUE 
 -0.26266 -0.16269 -0.15299 -0.14890 -0.11871 -0.10785  0.29744  0.64985
  0.77159  0.80755  0.93611  0.99650  1.11497  1.22115  1.36090  1.51808
                               OCCUPATION 
  1.00000  1.00000  1.00000  1.00000  1.00000  1.00000  0.00000  0.00000
  0.00000  0.00000  0.00000  0.00000  0.00000  0.00000  0.00000  0.00000
 NKP=   39  NGP=       299  K=(  0.04152  0.04152  0.70584)  WKP= 0.0045
                              EIGEN VALUE 
 -0.22261 -0.19814 -0.11394 -0.11160 -0.10622 -0.07201  0.34994  0.44245
  0.47015  0.62008  0.71269  1.46975  1.50571  1.60114  1.66007  1.69174
                               OCCUPATION 
  1.00000  1.00000  1.00000  1.00000  1.00000  1.00000  0.00000  0.00000
  0.00000  0.00000  0.00000  0.00000  0.00000  0.00000  0.00000  0.00000
 NKP=   40  NGP=       300  K=( -0.04152  0.12456  0.78888)  WKP= 0.0090
                              EIGEN VALUE 
 -0.21674 -0.19985 -0.11917 -0.10980 -0.10294 -0.01131  0.27737  0.37458
  0.43395  0.65324  0.75422  1.40984  1.55364  1.65413  1.68541  1.77312
                               OCCUPATION 
  1.00000  1.00000  1.00000  1.00000  1.00000  0.00000  0.00000  0.00000
  0.00000  0.00000  0.00000  0.00000  0.00000  0.00000  0.00000  0.00000
 NKP=   41  NGP=       290  K=( -0.12456  0.20760  0.87192)  WKP= 0.0090
                              EIGEN VALUE 
 -0.20791 -0.19616 -0.13340 -0.11571 -0.10311  0.06701  0.23156  0.25382
  0.45200  0.67370  0.88815  1.33556  1.47947  1.48951  1.63567  1.80821
                               OCCUPATION 
  1.00000  1.00000  1.00000  1.00000  1.00000  0.00000  0.00000  0.00000
  0.00000  0.00000  0.00000  0.00000  0.00000  0.00000  0.00000  0.00000
 NKP=   42  NGP=       292  K=( -0.20760  0.29064  0.95496)  WKP= 0.0090
                              EIGEN VALUE 
 -0.19662 -0.18926 -0.15112 -0.12376 -0.10731  0.11705  0.14385  0.25602
  0.49561  0.69695  1.05666  1.23038  1.36675  1.38172  1.53287  1.71409
                               OCCUPATION 
  1.00000  1.00000  1.00000  1.00000  1.00000  0.00000  0.00000  0.00000
  0.00000  0.00000  0.00000  0.00000  0.00000  0.00000  0.00000  0.00000
 NKP=   43  NGP=       293  K=( -0.29064  0.37368  1.03800)  WKP= 0.0090
                              EIGEN VALUE 
 -0.19525 -0.17929 -0.15964 -0.13488 -0.11025  0.04337  0.13407  0.35949
  0.55937  0.73236  1.08905  1.21981  1.25646  1.34052  1.45868  1.53070
                               OCCUPATION 
  1.00000  1.00000  1.00000  1.00000  1.00000  0.00000  0.00000  0.00000
  0.00000  0.00000  0.00000  0.00000  0.00000  0.00000  0.00000  0.00000
 NKP=   44  NGP=       295  K=( -0.37368  0.45672  1.12104)  WKP= 0.0090
                              EIGEN VALUE 
 -0.21270 -0.16598 -0.15148 -0.14547 -0.11070 -0.03016  0.14182  0.49827
  0.63776  0.77478  0.96901  1.09104  1.26213  1.33926  1.45967  1.50725
                               OCCUPATION 
  1.00000  1.00000  1.00000  1.00000  1.00000  0.00000  0.00000  0.00000
  0.00000  0.00000  0.00000  0.00000  0.00000  0.00000  0.00000  0.00000
 NKP=   45  NGP=       295  K=( -0.45672  0.53976  1.20408)  WKP= 0.0090
                              EIGEN VALUE 
 -0.23060 -0.15719 -0.15223 -0.13898 -0.10889 -0.08514  0.16315  0.65240
  0.72230  0.77476  0.91475  0.97668  1.10978  1.35039  1.49480  1.62086
                               OCCUPATION 
  1.00000  1.00000  1.00000  1.00000  1.00000  1.00000  0.00000  0.00000
  0.00000  0.00000  0.00000  0.00000  0.00000  0.00000  0.00000  0.00000
 NKP=   46  NGP=       302  K=(  0.04152  0.04152  0.87192)  WKP= 0.0045
                              EIGEN VALUE 
 -0.21995 -0.20364 -0.10688 -0.10348 -0.10064  0.00996  0.21997  0.41360
  0.43943  0.60814  0.70171  1.54826  1.62189  1.70148  1.73016  1.75917
                               OCCUPATION 
  1.00000  1.00000  1.00000  1.00000  1.00000  0.00000  0.00000  0.00000
  0.00000  0.00000  0.00000  0.00000  0.00000  0.00000  0.00000  0.00000
 NKP=   47  NGP=       301  K=( -0.04152  0.12456  0.95496)  WKP= 0.0090
                              EIGEN VALUE 
 -0.21666 -0.20164 -0.11425 -0.10908 -0.10079  0.02683  0.22319  0.36553
  0.42436  0.64868  0.75005  1.45184  1.59762  1.60999  1.72249  1.77573
                               OCCUPATION 
  1.00000  1.00000  1.00000  1.00000  1.00000  0.00000  0.00000  0.00000
  0.00000  0.00000  0.00000  0.00000  0.00000  0.00000  0.00000  0.00000
 NKP=   48  NGP=       294  K=( -0.12456  0.20760  1.03800)  WKP= 0.0090
                              EIGEN VALUE 
 -0.20770 -0.19455 -0.13785 -0.11820 -0.10331  0.02422  0.25944  0.29280
  0.46096  0.67791  0.89287  1.29273  1.43409  1.54344  1.66141  1.70293
                               OCCUPATION 
  1.00000  1.00000  1.00000  1.00000  1.00000  0.00000  0.00000  0.00000
  0.00000  0.00000  0.00000  0.00000  0.00000  0.00000  0.00000  0.00000
 NKP=   49  NGP=       295  K=( -0.20760  0.29064  1.12104)  WKP= 0.0090
                              EIGEN VALUE 
 -0.20116 -0.18323 -0.15572 -0.13221 -0.10486  0.01181  0.17024  0.40066
  0.51971  0.70876  1.06197  1.14592  1.26995  1.45119  1.51639  1.65784
                               OCCUPATION 
  1.00000  1.00000  1.00000  1.00000  1.00000  0.00000  0.00000  0.00000
  0.00000  0.00000  0.00000  0.00000  0.00000  0.00000  0.00000  0.00000
 NKP=   50  NGP=       297  K=( -0.29064  0.37368  1.20408)  WKP= 0.0090
                              EIGEN VALUE 
 -0.21157 -0.16806 -0.14899 -0.14520 -0.10568 -0.01258  0.11152  0.53195
  0.59485  0.74765  0.99370  1.11271  1.22806  1.31750  1.50204  1.62996
                               OCCUPATION 
  1.00000  1.00000  1.00000  1.00000  1.00000  0.00000  0.00000  0.00000
  0.00000  0.00000  0.00000  0.00000  0.00000  0.00000  0.00000  0.00000
 NKP=   51  NGP=       292  K=( -0.37368  0.45672  1.28712)  WKP= 0.0045
                              EIGEN VALUE 
 -0.22367 -0.15881 -0.15357 -0.12540 -0.10566 -0.05145  0.09115  0.66839
  0.68657  0.76683  0.90732  0.96730  1.10838  1.50091  1.51424  1.60941
                               OCCUPATION 
  1.00000  1.00000  1.00000  1.00000  1.00000  1.00098  0.00000  0.00000
  0.00000  0.00000  0.00000  0.00000  0.00000  0.00000  0.00000  0.00000
 NKP=   52  NGP=       300  K=(  0.04152  0.04152  1.03800)  WKP= 0.0045
                              EIGEN VALUE 
 -0.22022 -0.20176 -0.10823 -0.10689 -0.10288 -0.02759  0.27278  0.42340
  0.44983  0.61207  0.70522  1.51551  1.56916  1.65551  1.70687  1.80296
                               OCCUPATION 
  1.00000  1.00000  1.00000  1.00000  1.00000  0.00000  0.00000  0.00000
  0.00000  0.00000  0.00000  0.00000  0.00000  0.00000  0.00000  0.00000
 NKP=   53  NGP=       300  K=( -0.04152  0.12456  1.12104)  WKP= 0.0090
                              EIGEN VALUE 
 -0.21873 -0.19640 -0.12786 -0.11311 -0.10620 -0.05499  0.35511  0.39229
  0.45268  0.66254  0.76294  1.35812  1.49453  1.61683  1.65321  1.72494
                               OCCUPATION 
  1.00000  1.00000  1.00000  1.00000  1.00000  1.00000  0.00000  0.00000
  0.00000  0.00000  0.00000  0.00000  0.00000  0.00000  0.00000  0.00000
 NKP=   54  NGP=       300  K=( -0.12456  0.20760  1.20408)  WKP= 0.0090
                              EIGEN VALUE 
 -0.21663 -0.18663 -0.15299 -0.12844 -0.10634 -0.06282  0.30033  0.46147
  0.50446  0.70026  0.91702  1.19163  1.31344  1.44402  1.63206  1.69734
                               OCCUPATION 
  1.00000  1.00000  1.00000  1.00000  1.00000  1.00000  0.00000  0.00000
  0.00000  0.00000  0.00000  0.00000  0.00000  0.00000  0.00000  0.00000
 NKP=   55  NGP=       298  K=( -0.20760  0.29064  1.28712)  WKP= 0.0090
                              EIGEN VALUE 
 -0.22311 -0.17006 -0.15819 -0.14259 -0.10729 -0.07158  0.22176  0.56950
  0.59072  0.73949  1.02743  1.10905  1.14027  1.28036  1.55559  1.65970
                               OCCUPATION 
  1.00000  1.00000  1.00000  1.00000  1.00000  1.00000  0.00000  0.00000
  0.00000  0.00000  0.00000  0.00000  0.00000  0.00000  0.00000  0.00000
 NKP=   56  NGP=       307  K=(  0.04152  0.04152  1.20408)  WKP= 0.0045
                              EIGEN VALUE 
 -0.23169 -0.19304 -0.12645 -0.11741 -0.10937 -0.10400  0.43826  0.47005
  0.49951  0.63248  0.72500  1.42105  1.44117  1.54785  1.56590  1.60992
                               OCCUPATION 
  1.00000  1.00000  1.00000  1.00000  1.00000  1.00000  0.00000  0.00000
  0.00000  0.00000  0.00000  0.00000  0.00000  0.00000  0.00000  0.00000
 NKP=   57  NGP=       302  K=( -0.04152  0.12456  1.28712)  WKP= 0.0090
                              EIGEN VALUE 
 -0.24718 -0.18563 -0.14743 -0.12591 -0.11642 -0.10506  0.44852  0.51189
  0.54286  0.69704  0.79691  1.25722  1.35406  1.43523  1.49821  1.59307
                               OCCUPATION 
  1.00000  1.00000  1.00000  1.00000  1.00000  1.00000  0.00000  0.00000
  0.00000  0.00000  0.00000  0.00000  0.00000  0.00000  0.00000  0.00000
 NKP=   58  NGP=       298  K=( -0.12456  0.20760  1.37016)  WKP= 0.0090
                              EIGEN VALUE 
 -0.26002 -0.17563 -0.15441 -0.13951 -0.11718 -0.10516  0.36653  0.57392
  0.65973  0.74742  0.95982  1.09404  1.17230  1.28659  1.42693  1.57497
                               OCCUPATION 
  1.00000  1.00000  1.00000  1.00000  1.00000  1.00000  0.00000  0.00000
  0.00000  0.00000  0.00000  0.00000  0.00000  0.00000  0.00000  0.00000
 NKP=   59  NGP=       303  K=(  0.04152  0.04152  1.37016)  WKP= 0.0045
                              EIGEN VALUE 
 -0.28144 -0.17998 -0.14389 -0.13195 -0.12851 -0.11551  0.54355  0.58143
  0.63125  0.67384  0.77146  1.30178  1.32230  1.36090  1.43366  1.47787
                               OCCUPATION 
  1.00000  1.00000  1.00000  1.00000  1.00000  1.00000  0.00000  0.00000
  0.00000  0.00000  0.00000  0.00000  0.00000  0.00000  0.00000  0.00000
 NKP=   60  NGP=       299  K=( -0.04152  0.12456  1.45320)  WKP= 0.0090
                              EIGEN VALUE 
 -0.30519 -0.17260 -0.14698 -0.13924 -0.13162 -0.11688  0.52862  0.59808
  0.73499  0.76637  0.86056  1.15036  1.18760  1.30506  1.33424  1.44642
                               OCCUPATION 
  1.00000  1.00000  1.00000  1.00000  1.00000  1.00000  0.00000  0.00000
  0.00000  0.00000  0.00000  0.00000  0.00000  0.00000  0.00000  0.00000
 NKP=   61  NGP=       299  K=(  0.04152  0.04152  1.53624)  WKP= 0.0045
                              EIGEN VALUE 
 -0.33810 -0.16659 -0.14517 -0.14480 -0.13497 -0.12124  0.63703  0.68812
  0.73091  0.79496  0.89817  1.13259  1.19932  1.20847  1.31905  1.31950
                               OCCUPATION 
  1.00000  1.00000  1.00000  1.00000  1.00000  1.00000  0.00000  0.00000
  0.00000  0.00000  0.00000  0.00000  0.00000  0.00000  0.00000  0.00000
 NKP=   62  NGP=       304  K=(  0.12456  0.12456  0.12456)  WKP= 0.0015
                              EIGEN VALUE 
 -0.35905 -0.15926 -0.15098 -0.15098 -0.12676 -0.12676  0.62289  0.82384
  0.82828  0.82828  1.04931  1.05655  1.05655  1.14131  1.14131  1.25581
                               OCCUPATION 
  1.00000  1.00000  1.00000  1.00000  1.00000  1.00000  0.00000  0.00000
  0.00000  0.00000  0.00000  0.00000  0.00000  0.00000  0.00000  0.00000
 NKP=   63  NGP=       303  K=(  0.04152  0.20760  0.20760)  WKP= 0.0045
                              EIGEN VALUE 
 -0.33817 -0.16345 -0.14877 -0.14745 -0.13162 -0.12157  0.57063  0.64530
  0.88438  0.92473  0.96261  1.00202  1.01836  1.18210  1.24876  1.35997
                               OCCUPATION 
  1.00000  1.00000  1.00000  1.00000  1.00000  1.00000  0.00000  0.00000
  0.00000  0.00000  0.00000  0.00000  0.00000  0.00000  0.00000  0.00000
 NKP=   64  NGP=       300  K=( -0.04152  0.29064  0.29064)  WKP= 0.0045
                              EIGEN VALUE 
 -0.29897 -0.16866 -0.15019 -0.14203 -0.13429 -0.11125  0.46621  0.54164
  0.87627  0.89454  0.94520  0.97311  1.04907  1.20363  1.34069  1.49475
                               OCCUPATION 
  1.00000  1.00000  1.00000  1.00000  1.00000  1.00000  0.00000  0.00000
  0.00000  0.00000  0.00000  0.00000  0.00000  0.00000  0.00000  0.00000
 NKP=   65  NGP=       299  K=( -0.12456  0.37368  0.37368)  WKP= 0.0045
                              EIGEN VALUE 
 -0.25126 -0.16756 -0.15550 -0.14505 -0.12499 -0.09395  0.30912  0.52535
  0.79768  0.80574  0.96368  0.99063  1.18052  1.23292  1.34054  1.63999
                               OCCUPATION 
  1.00000  1.00000  1.00000  1.00000  1.00000  1.00000  0.00000  0.00000
  0.00000  0.00000  0.00000  0.00000  0.00000  0.00000  0.00000  0.00000
 NKP=   66  NGP=       298  K=( -0.20760  0.45672  0.45672)  WKP= 0.0045
                              EIGEN VALUE 
 -0.22143 -0.16114 -0.15082 -0.14824 -0.11383 -0.06050  0.17315  0.53028
  0.72035  0.75495  0.97078  1.01493  1.22588  1.33127  1.42014  1.57025
                               OCCUPATION 
  1.00000  1.00000  1.00000  1.00000  1.00000  1.00000  0.00000  0.00000
  0.00000  0.00000  0.00000  0.00000  0.00000  0.00000  0.00000  0.00000
 NKP=   67  NGP=       292  K=( -0.29064  0.53976  0.53976)  WKP= 0.0045
                              EIGEN VALUE 
 -0.21571 -0.16419 -0.14886 -0.14136 -0.10630 -0.01965  0.09562  0.55645
  0.66544  0.72444  0.99623  1.02988  1.20147  1.39078  1.49791  1.56246
                               OCCUPATION 
  1.00000  1.00000  1.00000  1.00000  1.00000  0.00000  0.00000  0.00000
  0.00000  0.00000  0.00000  0.00000  0.00000  0.00000  0.00000  0.00000
 NKP=   68  NGP=       299  K=( -0.37368  0.62280  0.62280)  WKP= 0.0045
                              EIGEN VALUE 
 -0.22208 -0.16418 -0.15218 -0.14693 -0.10501 -0.06505  0.17256  0.60288
  0.63503  0.71309  1.04044  1.04727  1.14897  1.26911  1.60219  1.65304
                               OCCUPATION 
  1.00000  1.00000  1.00000  1.00000  1.00000  1.00000  0.00000  0.00000
  0.00000  0.00000  0.00000  0.00000  0.00000  0.00000  0.00000  0.00000
 NKP=   69  NGP=       298  K=( -0.45672  0.70584  0.70584)  WKP= 0.0045
                              EIGEN VALUE 
 -0.25191 -0.17139 -0.15532 -0.14375 -0.10970 -0.10569  0.30843  0.62957
  0.66326  0.72242  1.03346  1.07264  1.10316  1.23659  1.46703  1.55657
                               OCCUPATION 
  1.00000  1.00000  1.00000  1.00000  1.00000  1.00000  0.00000  0.00000
  0.00000  0.00000  0.00000  0.00000  0.00000  0.00000  0.00000  0.00000
 NKP=   70  NGP=       298  K=( -0.53976  0.78888  0.78888)  WKP= 0.0045
                              EIGEN VALUE 
 -0.29909 -0.17185 -0.14858 -0.14204 -0.12669 -0.11677  0.46618  0.64788
  0.70845  0.77305  0.91699  1.10470  1.17966  1.23323  1.34601  1.44273
                               OCCUPATION 
  1.00000  1.00000  1.00000  1.00000  1.00000  1.00000  0.00000  0.00000
  0.00000  0.00000  0.00000  0.00000  0.00000  0.00000  0.00000  0.00000
 NKP=   71  NGP=       299  K=(  0.12456  0.12456  0.29064)  WKP= 0.0045
                              EIGEN VALUE 
 -0.32476 -0.16630 -0.14754 -0.14611 -0.13031 -0.12072  0.51338  0.70354
  0.74667  0.87508  0.93573  1.04629  1.14864  1.17097  1.25581  1.36988
                               OCCUPATION 
  1.00000  1.00000  1.00000  1.00000  1.00000  1.00000  0.00000  0.00000
  0.00000  0.00000  0.00000  0.00000  0.00000  0.00000  0.00000  0.00000
 NKP=   72  NGP=       301  K=(  0.04152  0.20760  0.37368)  WKP= 0.0090
                              EIGEN VALUE 
 -0.29280 -0.17197 -0.15053 -0.13923 -0.13142 -0.11155  0.47148  0.54556
  0.76142  0.83266  0.92155  1.05447  1.12741  1.27480  1.35166  1.50151
                               OCCUPATION 
  1.00000  1.00000  1.00000  1.00000  1.00000  1.00000  0.00000  0.00000
  0.00000  0.00000  0.00000  0.00000  0.00000  0.00000  0.00000  0.00000
 NKP=   73  NGP=       301  K=( -0.04152  0.29064  0.45672)  WKP= 0.0090
                              EIGEN VALUE 
 -0.24912 -0.17547 -0.15790 -0.13513 -0.12743 -0.09196  0.37757  0.45465
  0.67433  0.87325  0.93083  1.03883  1.17134  1.31992  1.42618  1.58169
                               OCCUPATION 
  1.00000  1.00000  1.00000  1.00000  1.00000  1.00000  0.00000  0.00000
  0.00000  0.00000  0.00000  0.00000  0.00000  0.00000  0.00000  0.00000
 NKP=   74  NGP=       295  K=( -0.12456  0.37368  0.53976)  WKP= 0.0090
                              EIGEN VALUE 
 -0.21418 -0.17061 -0.16405 -0.13886 -0.11531 -0.05444  0.23331  0.45216
  0.60004  0.83822  0.94961  1.12749  1.19702  1.36059  1.45753  1.57097
                               OCCUPATION 
  1.00000  1.00000  1.00000  1.00000  1.00000  1.00000  0.00000  0.00000
  0.00000  0.00000  0.00000  0.00000  0.00000  0.00000  0.00000  0.00000
 NKP=   75  NGP=       298  K=( -0.20760  0.45672  0.62280)  WKP= 0.0090
                              EIGEN VALUE 
 -0.20451 -0.17232 -0.15484 -0.14132 -0.10813  0.00846  0.11895  0.47229
  0.54414  0.80811  0.95831  1.19151  1.28429  1.33062  1.40208  1.59475
                               OCCUPATION 
  1.00000  1.00000  1.00000  1.00000  1.00000  0.00000  0.00000  0.00000
  0.00000  0.00000  0.00000  0.00000  0.00000  0.00000  0.00000  0.00000
 NKP=   76  NGP=       298  K=( -0.29064  0.53976  0.70584)  WKP= 0.0090
                              EIGEN VALUE 
 -0.20660 -0.17281 -0.15738 -0.14003 -0.10709 -0.01458  0.15072  0.50364
  0.51907  0.79285  0.97874  1.18941  1.20752  1.33638  1.48832  1.62399
                               OCCUPATION 
  1.00000  1.00000  1.00000  1.00000  1.00000  0.00000  0.00000  0.00000
  0.00000  0.00000  0.00000  0.00000  0.00000  0.00000  0.00000  0.00000
 NKP=   77  NGP=       297  K=( -0.37368  0.62280  0.78888)  WKP= 0.0090
                              EIGEN VALUE 
 -0.22413 -0.17639 -0.16089 -0.13661 -0.11316 -0.07401  0.27892  0.49363
  0.57739  0.79214  0.98665  1.07167  1.21945  1.35025  1.49107  1.67058
                               OCCUPATION 
  1.00000  1.00000  1.00000  1.00000  1.00000  1.00000  0.00000  0.00000
  0.00000  0.00000  0.00000  0.00000  0.00000  0.00000  0.00000  0.00000
 NKP=   78  NGP=       300  K=( -0.45672  0.70584  0.87192)  WKP= 0.0090
                              EIGEN VALUE 
 -0.26447 -0.17756 -0.15396 -0.13360 -0.12573 -0.10375  0.42963  0.50323
  0.65648  0.79788  0.89285  1.09892  1.21726  1.35162  1.40805  1.55449
                               OCCUPATION 
  1.00000  1.00000  1.00000  1.00000  1.00000  1.00000  0.00000  0.00000
  0.00000  0.00000  0.00000  0.00000  0.00000  0.00000  0.00000  0.00000
 NKP=   79  NGP=       298  K=(  0.12456  0.12456  0.45672)  WKP= 0.0045
                              EIGEN VALUE 
 -0.27022 -0.17799 -0.15111 -0.13699 -0.11746 -0.11273  0.42418  0.59785
  0.64232  0.70579  0.88682  1.18211  1.21444  1.30209  1.44298  1.52853
                               OCCUPATION 
  1.00000  1.00000  1.00000  1.00000  1.00000  1.00000  0.00000  0.00000
  0.00000  0.00000  0.00000  0.00000  0.00000  0.00000  0.00000  0.00000
 NKP=   80  NGP=       301  K=(  0.04152  0.20760  0.53976)  WKP= 0.0090
                              EIGEN VALUE 
 -0.23755 -0.18325 -0.15554 -0.12714 -0.11855 -0.09113  0.39317  0.46634
  0.55432  0.76996  0.86840  1.14230  1.31499  1.42648  1.48125  1.60660
                               OCCUPATION 
  1.00000  1.00000  1.00000  1.00000  1.00000  1.00000  0.00000  0.00000
  0.00000  0.00000  0.00000  0.00000  0.00000  0.00000  0.00000  0.00000
 NKP=   81  NGP=       298  K=( -0.04152  0.29064  0.62280)  WKP= 0.0090
                              EIGEN VALUE 
 -0.20842 -0.18401 -0.16241 -0.12412 -0.11399 -0.04653  0.31123  0.39116
  0.47430  0.83010  0.92070  1.08861  1.37752  1.49310  1.54948  1.59026
                               OCCUPATION 
  1.00000  1.00000  1.00000  1.00000  1.00000  0.56319  0.00000  0.00000
  0.00000  0.00000  0.00000  0.00000  0.00000  0.00000  0.00000  0.00000
 NKP=   82  NGP=       294  K=( -0.12456  0.37368  0.70584)  WKP= 0.0090
                              EIGEN VALUE 
 -0.19422 -0.18237 -0.16426 -0.12957 -0.10720  0.02782  0.18147  0.40229
  0.41398  0.83971  0.99467  1.11447  1.38007  1.38780  1.50005  1.67232
                               OCCUPATION 
  1.00000  1.00000  1.00000  1.00000  1.00000  0.00000  0.00000  0.00000
  0.00000  0.00000  0.00000  0.00000  0.00000  0.00000  0.00000  0.00000
 NKP=   83  NGP=       294  K=( -0.20760  0.45672  0.78888)  WKP= 0.0090
                              EIGEN VALUE 
 -0.18927 -0.18319 -0.16501 -0.13169 -0.10771  0.05800  0.14423  0.36964
  0.44075  0.85802  0.98115  1.19546  1.28700  1.36846  1.50687  1.64264
                               OCCUPATION 
  1.00000  1.00000  1.00000  1.00000  1.00000  0.00000  0.00000  0.00000
  0.00000  0.00000  0.00000  0.00000  0.00000  0.00000  0.00000  0.00000
 NKP=   84  NGP=       296  K=( -0.29064  0.53976  0.87192)  WKP= 0.0090
                              EIGEN VALUE 
 -0.19803 -0.17843 -0.17060 -0.12851 -0.11459 -0.02142  0.26402  0.35114
  0.49709  0.88918  0.94476  1.08120  1.33946  1.45671  1.49026  1.56418
                               OCCUPATION 
  1.00000  1.00000  1.00000  1.00000  1.00000  0.00000  0.00000  0.00000
  0.00000  0.00000  0.00000  0.00000  0.00000  0.00000  0.00000  0.00000
 NKP=   85  NGP=       298  K=( -0.37368  0.62280  0.95496)  WKP= 0.0090
                              EIGEN VALUE 
 -0.22490 -0.17976 -0.16215 -0.12960 -0.12060 -0.07461  0.34147  0.41983
  0.57161  0.85054  0.92698  1.05825  1.27132  1.40861  1.48140  1.62493
                               OCCUPATION 
  1.00000  1.00000  1.00000  1.00000  1.00000  1.00000  0.00000  0.00000
  0.00000  0.00000  0.00000  0.00000  0.00000  0.00000  0.00000  0.00000
 NKP=   86  NGP=       303  K=(  0.12456  0.12456  0.62280)  WKP= 0.0045
                              EIGEN VALUE 
 -0.22341 -0.18994 -0.14462 -0.12516 -0.10584 -0.07878  0.35680  0.45043
  0.51770  0.66067  0.83956  1.29879  1.32203  1.48543  1.64282  1.72357
                               OCCUPATION 
  1.00000  1.00000  1.00000  1.00000  1.00000  1.00000  0.00000  0.00000
  0.00000  0.00000  0.00000  0.00000  0.00000  0.00000  0.00000  0.00000
 NKP=   87  NGP=       297  K=(  0.04152  0.20760  0.70584)  WKP= 0.0090
                              EIGEN VALUE 
 -0.21158 -0.19289 -0.14317 -0.11586 -0.10738 -0.03213  0.33824  0.36639
  0.41266  0.73222  0.83562  1.23732  1.49465  1.59006  1.61182  1.65319
                               OCCUPATION 
  1.00000  1.00000  1.00000  1.00000  1.00000  0.00000  0.00000  0.00000
  0.00000  0.00000  0.00000  0.00000  0.00000  0.00000  0.00000  0.00000
 NKP=   88  NGP=       295  K=( -0.04152  0.29064  0.78888)  WKP= 0.0090
                              EIGEN VALUE 
 -0.20234 -0.19022 -0.15013 -0.11924 -0.10351  0.04314  0.27055  0.30214
  0.35485  0.80361  0.90895  1.17336  1.42237  1.56926  1.65959  1.73407
                               OCCUPATION 
  1.00000  1.00000  1.00000  1.00000  1.00000  0.00000  0.00000  0.00000
  0.00000  0.00000  0.00000  0.00000  0.00000  0.00000  0.00000  0.00000
 NKP=   89  NGP=       293  K=( -0.12456  0.37368  0.87192)  WKP= 0.0090
                              EIGEN VALUE 
 -0.19386 -0.18445 -0.16059 -0.12561 -0.10367  0.13441  0.15623  0.26381
  0.38323  0.83193  1.05724  1.11151  1.26786  1.51802  1.65896  1.73245
                               OCCUPATION 
  1.00000  1.00000  1.00000  1.00000  1.00000  0.00000  0.00000  0.00000
  0.00000  0.00000  0.00000  0.00000  0.00000  0.00000  0.00000  0.00000
 NKP=   90  NGP=       290  K=( -0.20760  0.45672  0.95496)  WKP= 0.0090
                              EIGEN VALUE 
 -0.18734 -0.18114 -0.17056 -0.12858 -0.10855  0.05651  0.19638  0.29919
  0.43412  0.86501  1.01262  1.14123  1.28180  1.42247  1.56466  1.64713
                               OCCUPATION 
  1.00000  1.00000  1.00000  1.00000  1.00000  0.00000  0.00000  0.00000
  0.00000  0.00000  0.00000  0.00000  0.00000  0.00000  0.00000  0.00000
 NKP=   91  NGP=       296  K=( -0.29064  0.53976  1.03800)  WKP= 0.0090
                              EIGEN VALUE 
 -0.20155 -0.17680 -0.16506 -0.13392 -0.11054 -0.01875  0.20425  0.42471
  0.50331  0.84298  0.96369  1.12495  1.28546  1.41932  1.47454  1.56676
                               OCCUPATION 
  1.00000  1.00000  1.00000  1.00000  1.00000  0.00000  0.00000  0.00000
  0.00000  0.00000  0.00000  0.00000  0.00000  0.00000  0.00000  0.00000
 NKP=   92  NGP=       297  K=(  0.12456  0.12456  0.78888)  WKP= 0.0045
                              EIGEN VALUE 
 -0.21353 -0.19808 -0.12558 -0.11458 -0.10249  0.00206  0.28181  0.31628
  0.46968  0.64109  0.81480  1.39794  1.44234  1.64344  1.68797  1.73295
                               OCCUPATION 
  1.00000  1.00000  1.00000  1.00000  1.00000  0.00000  0.00000  0.00000
  0.00000  0.00000  0.00000  0.00000  0.00000  0.00000  0.00000  0.00000
 NKP=   93  NGP=       295  K=(  0.04152  0.20760  0.87192)  WKP= 0.0090
                              EIGEN VALUE 
 -0.21066 -0.19761 -0.12964 -0.11358 -0.10083  0.05446  0.22994  0.31329
  0.38719  0.71659  0.82258  1.33018  1.48689  1.60770  1.73241  1.78349
                               OCCUPATION 
  1.00000  1.00000  1.00000  1.00000  1.00000  0.00000  0.00000  0.00000
  0.00000  0.00000  0.00000  0.00000  0.00000  0.00000  0.00000  0.00000
 NKP=   94  NGP=       294  K=( -0.04152  0.29064  0.95496)  WKP= 0.0090
                              EIGEN VALUE 
 -0.20320 -0.19152 -0.14557 -0.11936 -0.10085  0.08847  0.24032  0.26319
  0.34710  0.79827  0.90627  1.21219  1.36903  1.62440  1.73975  1.79207
                               OCCUPATION 
  1.00000  1.00000  1.00000  1.00000  1.00000  0.00000  0.00000  0.00000
  0.00000  0.00000  0.00000  0.00000  0.00000  0.00000  0.00000  0.00000
 NKP=   95  NGP=       294  K=( -0.12456  0.37368  1.03800)  WKP= 0.0090
                              EIGEN VALUE 
 -0.19270 -0.18457 -0.16229 -0.12677 -0.10494  0.08201  0.16552  0.32904
  0.39042  0.83490  1.03137  1.10889  1.31600  1.46235  1.59327  1.72561
                               OCCUPATION 
  1.00000  1.00000  1.00000  1.00000  1.00000  0.00000  0.00000  0.00000
  0.00000  0.00000  0.00000  0.00000  0.00000  0.00000  0.00000  0.00000
 NKP=   96  NGP=       296  K=( -0.20760  0.45672  1.12104)  WKP= 0.0045
                              EIGEN VALUE 
 -0.19658 -0.17862 -0.15950 -0.13640 -0.10724  0.04570  0.11258  0.44821
  0.45876  0.83880  0.96003  1.26044  1.28843  1.30032  1.42444  1.67515
                               OCCUPATION 
  1.00000  1.00000  1.00000  1.00000  1.00000  0.00000  0.00000  0.00000
  0.00000  0.00000  0.00000  0.00000  0.00000  0.00000  0.00000  0.00000
 NKP=   97  NGP=       297  K=(  0.12456  0.12456  0.95496)  WKP= 0.0045
                              EIGEN VALUE 
 -0.21357 -0.19981 -0.12103 -0.11169 -0.10221  0.04162  0.22641  0.30738
  0.45970  0.63741  0.81007  1.43974  1.48911  1.59310  1.64371  1.85700
                               OCCUPATION 
  1.00000  1.00000  1.00000  1.00000  1.00000  0.00000  0.00000  0.00000
  0.00000  0.00000  0.00000  0.00000  0.00000  0.00000  0.00000  0.00000
 NKP=   98  NGP=       293  K=(  0.04152  0.20760  1.03800)  WKP= 0.0090
                              EIGEN VALUE 
 -0.21036 -0.19600 -0.13476 -0.11376 -0.10328  0.01361  0.28670  0.32205
  0.39573  0.72176  0.82684  1.28799  1.54041  1.56160  1.67868  1.73765
                               OCCUPATION 
  1.00000  1.00000  1.00000  1.00000  1.00000  0.00000  0.00000  0.00000
  0.00000  0.00000  0.00000  0.00000  0.00000  0.00000  0.00000  0.00000
 NKP=   99  NGP=       296  K=( -0.04152  0.29064  1.12104)  WKP= 0.0090
                              EIGEN VALUE 
 -0.20246 -0.18765 -0.15710 -0.12048 -0.10818 -0.00608  0.28740  0.36817
  0.38467  0.81426  0.91404  1.12839  1.48112  1.49722  1.57159  1.64851
                               OCCUPATION 
  1.00000  1.00000  1.00000  1.00000  1.00000  0.00000  0.00000  0.00000
  0.00000  0.00000  0.00000  0.00000  0.00000  0.00000  0.00000  0.00000
 NKP=  100  NGP=       303  K=(  0.12456  0.12456  1.12104)  WKP= 0.0045
                              EIGEN VALUE 
 -0.21531 -0.19471 -0.13425 -0.11938 -0.10364 -0.04295  0.33228  0.36136
  0.48925  0.64868  0.82449  1.34754  1.38378  1.59854  1.69811  1.75243
                               OCCUPATION 
  1.00000  1.00000  1.00000  1.00000  1.00000 -0.01786  0.00000  0.00000
  0.00000  0.00000  0.00000  0.00000  0.00000  0.00000  0.00000  0.00000
 NKP=  101  NGP=       300  K=(  0.04152  0.20760  1.20408)  WKP= 0.0090
                              EIGEN VALUE 
 -0.21898 -0.18851 -0.15173 -0.12070 -0.11232 -0.06832  0.36254  0.43462
  0.45826  0.74819  0.84934  1.18817  1.41157  1.50106  1.56618  1.66740
                               OCCUPATION 
  1.00000  1.00000  1.00000  1.00000  1.00000  1.00000  0.00000  0.00000
  0.00000  0.00000  0.00000  0.00000  0.00000  0.00000  0.00000  0.00000
 NKP=  102  NGP=       302  K=(  0.12456  0.12456  1.28712)  WKP= 0.0045
                              EIGEN VALUE 
 -0.24264 -0.18420 -0.15095 -0.13122 -0.10897 -0.10248  0.38758  0.54611
  0.55419  0.67816  0.86035  1.25417  1.25583  1.38529  1.54367  1.62423
                               OCCUPATION 
  1.00000  1.00000  1.00000  1.00000  1.00000  1.00000  0.00000  0.00000
  0.00000  0.00000  0.00000  0.00000  0.00000  0.00000  0.00000  0.00000
 NKP=  103  NGP=       299  K=(  0.20760  0.20760  0.20760)  WKP= 0.0015
                              EIGEN VALUE 
 -0.31854 -0.16340 -0.14899 -0.14899 -0.12423 -0.12423  0.44949  0.79329
  0.79329  0.80378  1.02386  1.02386  1.04782  1.17835  1.17835  1.35780
                               OCCUPATION 
  1.00000  1.00000  1.00000  1.00000  1.00000  1.00000  0.00000  0.00000
  0.00000  0.00000  0.00000  0.00000  0.00000  0.00000  0.00000  0.00000
 NKP=  104  NGP=       301  K=(  0.12456  0.29064  0.29064)  WKP= 0.0045
                              EIGEN VALUE 
 -0.29345 -0.16689 -0.15025 -0.14621 -0.12859 -0.11266  0.40268  0.61626
  0.84627  0.88260  0.92323  0.96616  1.12823  1.17810  1.27850  1.47424
                               OCCUPATION 
  1.00000  1.00000  1.00000  1.00000  1.00000  1.00000  0.00000  0.00000
  0.00000  0.00000  0.00000  0.00000  0.00000  0.00000  0.00000  0.00000
 NKP=  105  NGP=       300  K=(  0.04152  0.37368  0.37368)  WKP= 0.0045
                              EIGEN VALUE 
 -0.25393 -0.17196 -0.15608 -0.13949 -0.13146 -0.09213  0.37218  0.45020
  0.79361  0.81239  1.00050  1.02851  1.10173  1.24093  1.41476  1.57476
                               OCCUPATION 
  1.00000  1.00000  1.00000  1.00000  1.00000  1.00000  0.00000  0.00000
  0.00000  0.00000  0.00000  0.00000  0.00000  0.00000  0.00000  0.00000
 NKP=  106  NGP=       297  K=( -0.04152  0.45672  0.45672)  WKP= 0.0045
                              EIGEN VALUE 
 -0.21472 -0.17150 -0.16506 -0.13812 -0.12443 -0.05737  0.28871  0.37322
  0.70244  0.75538  1.07286  1.09029  1.17320  1.29055  1.49014  1.55933
                               OCCUPATION 
  1.00000  1.00000  1.00000  1.00000  1.00000  1.00000  0.00000  0.00000
  0.00000  0.00000  0.00000  0.00000  0.00000  0.00000  0.00000  0.00000
 NKP=  107  NGP=       295  K=( -0.12456  0.53976  0.53976)  WKP= 0.0045
                              EIGEN VALUE 
 -0.20008 -0.17356 -0.16004 -0.13857 -0.11341  0.00341  0.16028  0.38417
  0.62929  0.71283  1.10385  1.12418  1.32962  1.34059  1.38838  1.48272
                               OCCUPATION 
  1.00000  1.00000  1.00000  1.00000  1.00000  0.00000  0.00000  0.00000
  0.00000  0.00000  0.00000  0.00000  0.00000  0.00000  0.00000  0.00000
 NKP=  108  NGP=       296  K=( -0.20760  0.62280  0.62280)  WKP= 0.0045
                              EIGEN VALUE 
 -0.20171 -0.17843 -0.15507 -0.13710 -0.10567  0.02422  0.12630  0.41853
  0.57832  0.68741  1.13262  1.13575  1.20016  1.40336  1.50320  1.57525
                               OCCUPATION 
  1.00000  1.00000  1.00000  1.00000  1.00000  0.00000  0.00000  0.00000
  0.00000  0.00000  0.00000  0.00000  0.00000  0.00000  0.00000  0.00000
 NKP=  109  NGP=       301  K=( -0.29064  0.70584  0.70584)  WKP= 0.0045
                              EIGEN VALUE 
 -0.21298 -0.18259 -0.15543 -0.13410 -0.10421 -0.05149  0.24310  0.47331
  0.55282  0.67710  0.99702  1.18638  1.21286  1.39297  1.67145  1.70805
                               OCCUPATION 
  1.00000  1.00000  1.00000  1.00000  1.00000  1.00091  0.00000  0.00000
  0.00000  0.00000  0.00000  0.00000  0.00000  0.00000  0.00000  0.00000
 NKP=  110  NGP=       298  K=(  0.20760  0.20760  0.37368)  WKP= 0.0045
                              EIGEN VALUE 
 -0.27686 -0.16737 -0.15184 -0.14687 -0.11846 -0.11412  0.34977  0.67826
  0.72434  0.79176  0.98405  1.05999  1.07041  1.19221  1.36552  1.47153
                               OCCUPATION 
  1.00000  1.00000  1.00000  1.00000  1.00000  1.00000  0.00000  0.00000
  0.00000  0.00000  0.00000  0.00000  0.00000  0.00000  0.00000  0.00000
 NKP=  111  NGP=       299  K=(  0.12456  0.29064  0.45672)  WKP= 0.0090
                              EIGEN VALUE 
 -0.24636 -0.17201 -0.15739 -0.14142 -0.11968 -0.09334  0.31447  0.52909
  0.67891  0.81598  0.97307  1.05287  1.14578  1.29071  1.39768  1.64782
                               OCCUPATION 
  1.00000  1.00000  1.00000  1.00000  1.00000  1.00000  0.00000  0.00000
  0.00000  0.00000  0.00000  0.00000  0.00000  0.00000  0.00000  0.00000
 NKP=  112  NGP=       297  K=(  0.04152  0.37368  0.53976)  WKP= 0.0090
                              EIGEN VALUE 
 -0.21172 -0.17541 -0.16699 -0.13315 -0.12107 -0.05474  0.29440  0.37782
  0.59432  0.86155  0.95936  1.08981  1.23082  1.37957  1.50096  1.56655
                               OCCUPATION 
  1.00000  1.00000  1.00000  1.00000  1.00000  1.00000  0.00000  0.00000
  0.00000  0.00000  0.00000  0.00000  0.00000  0.00000  0.00000  0.00000
 NKP=  113  NGP=       292  K=( -0.04152  0.45672  0.62280)  WKP= 0.0090
                              EIGEN VALUE 
 -0.19118 -0.17814 -0.17020 -0.13143 -0.11430  0.00849  0.22113  0.31740
  0.52474  0.81589  1.03044  1.16375  1.30347  1.35694  1.46340  1.58713
                               OCCUPATION 
  1.00000  1.00000  1.00000  1.00000  1.00000  0.00000  0.00000  0.00000
  0.00000  0.00000  0.00000  0.00000  0.00000  0.00000  0.00000  0.00000
 NKP=  114  NGP=       291  K=( -0.12456  0.53976  0.70584)  WKP= 0.0090
                              EIGEN VALUE 
 -0.19181 -0.18443 -0.16059 -0.13054 -0.10724  0.08024  0.12538  0.34119
  0.47322  0.77930  1.06575  1.16796  1.31873  1.35200  1.53110  1.61956
                               OCCUPATION 
  1.00000  1.00000  1.00000  1.00000  1.00000  0.00000  0.00000  0.00000
  0.00000  0.00000  0.00000  0.00000  0.00000  0.00000  0.00000  0.00000
 NKP=  115  NGP=       295  K=( -0.20760  0.62280  0.78888)  WKP= 0.0090
                              EIGEN VALUE 
 -0.20161 -0.18647 -0.15649 -0.12600 -0.10583  0.00038  0.22597  0.38875
  0.44296  0.75921  0.98289  1.13428  1.38293  1.49219  1.52413  1.70544
                               OCCUPATION 
  1.00000  1.00000  1.00000  1.00000  1.00000  0.00000  0.00000  0.00000
  0.00000  0.00000  0.00000  0.00000  0.00000  0.00000  0.00000  0.00000
 NKP=  116  NGP=       292  K=(  0.20760  0.20760  0.53976)  WKP= 0.0045
                              EIGEN VALUE 
 -0.22906 -0.17667 -0.15727 -0.13938 -0.10629 -0.08398  0.27282  0.56880
  0.58755  0.69414  1.01512  1.14193  1.14665  1.30331  1.57326  1.64854
                               OCCUPATION 
  1.00000  1.00000  1.00000  1.00000  1.00000  1.00000  0.00000  0.00000
  0.00000  0.00000  0.00000  0.00000  0.00000  0.00000  0.00000  0.00000
 NKP=  117  NGP=       298  K=(  0.12456  0.29064  0.62280)  WKP= 0.0090
                              EIGEN VALUE 
 -0.20863 -0.18165 -0.16074 -0.13110 -0.10854 -0.04274  0.24929  0.46296
  0.48188  0.77318  0.98812  1.09624  1.30613  1.42048  1.57825  1.60664
                               OCCUPATION 
  1.00000  1.00000  1.00000  1.00000  1.00000 -0.01371  0.00000  0.00000
  0.00000  0.00000  0.00000  0.00000  0.00000  0.00000  0.00000  0.00000
 NKP=  118  NGP=       296  K=(  0.04152  0.37368  0.70584)  WKP= 0.0090
                              EIGEN VALUE 
 -0.19342 -0.18118 -0.16872 -0.12556 -0.10853  0.02320  0.23998  0.33092
  0.40611  0.89768  0.95502  1.07786  1.38264  1.45431  1.57070  1.64060
                               OCCUPATION 
  1.00000  1.00000  1.00000  1.00000  1.00000  0.00000  0.00000  0.00000
  0.00000  0.00000  0.00000  0.00000  0.00000  0.00000  0.00000  0.00000
 NKP=  119  NGP=       293  K=( -0.04152  0.45672  0.78888)  WKP= 0.0090
                              EIGEN VALUE 
 -0.19113 -0.17699 -0.17117 -0.12731 -0.10369  0.11223  0.17894  0.28701
  0.35063  0.91911  1.00096  1.10623  1.22817  1.54348  1.65591  1.72650
                               OCCUPATION 
  1.00000  1.00000  1.00000  1.00000  1.00000  0.00000  0.00000  0.00000
  0.00000  0.00000  0.00000  0.00000  0.00000  0.00000  0.00000  0.00000
 NKP=  120  NGP=       295  K=( -0.12456  0.53976  0.87192)  WKP= 0.0090
                              EIGEN VALUE 
 -0.19483 -0.18263 -0.16375 -0.12461 -0.10363  0.07608  0.22305  0.31523
  0.32565  0.89245  0.97755  1.08617  1.31153  1.56491  1.64795  1.73651
                               OCCUPATION 
  1.00000  1.00000  1.00000  1.00000  1.00000  0.00000  0.00000  0.00000
  0.00000  0.00000  0.00000  0.00000  0.00000  0.00000  0.00000  0.00000
 NKP=  121  NGP=       298  K=(  0.20760  0.20760  0.70584)  WKP= 0.0045
                              EIGEN VALUE 
 -0.20525 -0.18792 -0.15014 -0.12840 -0.10361 -0.00810  0.21967  0.38341
  0.52603  0.66568  0.98301  1.23583  1.27182  1.49951  1.60673  1.66543
                               OCCUPATION 
  1.00000  1.00000  1.00000  1.00000  1.00000  0.00000  0.00000  0.00000
  0.00000  0.00000  0.00000  0.00000  0.00000  0.00000  0.00000  0.00000
 NKP=  122  NGP=       294  K=(  0.12456  0.29064  0.78888)  WKP= 0.0090
                              EIGEN VALUE 
 -0.20029 -0.18957 -0.15099 -0.12244 -0.10431  0.05159  0.20940  0.30779
  0.42727  0.75007  0.97742  1.17912  1.42574  1.44814  1.62509  1.70964
                               OCCUPATION 
  1.00000  1.00000  1.00000  1.00000  1.00000  0.00000  0.00000  0.00000
  0.00000  0.00000  0.00000  0.00000  0.00000  0.00000  0.00000  0.00000
 NKP=  123  NGP=       293  K=(  0.04152  0.37368  0.87192)  WKP= 0.0090
                              EIGEN VALUE 
 -0.19649 -0.18334 -0.16021 -0.12472 -0.10085  0.12683  0.21370  0.25798
  0.31141  0.88830  0.99021  1.10309  1.26293  1.64439  1.72889  1.80097
                               OCCUPATION 
  1.00000  1.00000  1.00000  1.00000  1.00000  0.00000  0.00000  0.00000
  0.00000  0.00000  0.00000  0.00000  0.00000  0.00000  0.00000  0.00000
 NKP=  124  NGP=       288  K=( -0.04152  0.45672  0.95496)  WKP= 0.0045
                              EIGEN VALUE 
 -0.19365 -0.17377 -0.17203 -0.12701 -0.10084  0.16536  0.17230  0.27491
  0.28739  0.97012  0.99776  1.05906  1.20401  1.65631  1.71663  1.80472
                               OCCUPATION 
  1.00000  1.00000  1.00000  1.00000  1.00000  0.00000  0.00000  0.00000
  0.00000  0.00000  0.00000  0.00000  0.00000  0.00000  0.00000  0.00000
 NKP=  125  NGP=       294  K=(  0.20760  0.20760  0.87192)  WKP= 0.0045
                              EIGEN VALUE 
 -0.20296 -0.19324 -0.14103 -0.11935 -0.10562  0.08946  0.19219  0.24381
  0.49852  0.65516  0.96899  1.33426  1.36716  1.47302  1.54064  1.76040
                               OCCUPATION 
  1.00000  1.00000  1.00000  1.00000  1.00000  0.00000  0.00000  0.00000
  0.00000  0.00000  0.00000  0.00000  0.00000  0.00000  0.00000  0.00000
 NKP=  126  NGP=       291  K=(  0.12456  0.29064  0.95496)  WKP= 0.0090
                              EIGEN VALUE 
 -0.20073 -0.19089 -0.14735 -0.12086 -0.10351  0.09921  0.19912  0.24734
  0.41940  0.74555  0.97432  1.21832  1.37298  1.49575  1.64780  1.76400
                               OCCUPATION 
  1.00000  1.00000  1.00000  1.00000  1.00000  0.00000  0.00000  0.00000
  0.00000  0.00000  0.00000  0.00000  0.00000  0.00000  0.00000  0.00000
 NKP=  127  NGP=       294  K=(  0.20760  0.20760  1.03800)  WKP= 0.0045
                              EIGEN VALUE 
 -0.20305 -0.19157 -0.14446 -0.12305 -0.10435  0.04280  0.20291  0.30287
  0.50778  0.65858  0.97365  1.28827  1.32591  1.53098  1.57852  1.64140
                               OCCUPATION 
  1.00000  1.00000  1.00000  1.00000  1.00000  0.00000  0.00000  0.00000
  0.00000  0.00000  0.00000  0.00000  0.00000  0.00000  0.00000  0.00000
 NKP=  128  NGP=       302  K=(  0.29064  0.29064  0.29064)  WKP= 0.0015
                              EIGEN VALUE 
 -0.26857 -0.15765 -0.15141 -0.15141 -0.11635 -0.11635  0.29176  0.77261
  0.77261  0.77784  0.94349  0.94349  1.05091  1.30517  1.30517  1.45200
                               OCCUPATION 
  1.00000  1.00000  1.00000  1.00000  1.00000  1.00000  0.00000  0.00000
  0.00000  0.00000  0.00000  0.00000  0.00000  0.00000  0.00000  0.00000
 NKP=  129  NGP=       297  K=(  0.20760  0.37368  0.37368)  WKP= 0.0045
                              EIGEN VALUE 
 -0.24666 -0.15784 -0.15468 -0.14979 -0.11851 -0.09762  0.25135  0.60678
  0.79324  0.80254  0.91006  0.97507  1.15379  1.26543  1.36280  1.59375
                               OCCUPATION 
  1.00000  1.00000  1.00000  1.00000  1.00000  1.00000  0.00000  0.00000
  0.00000  0.00000  0.00000  0.00000  0.00000  0.00000  0.00000  0.00000
 NKP=  130  NGP=       295  K=(  0.12456  0.45672  0.45672)  WKP= 0.0045
                              EIGEN VALUE 
 -0.21755 -0.16442 -0.16316 -0.14300 -0.11937 -0.05825  0.22807  0.44753
  0.70853  0.75522  1.02834  1.04927  1.24791  1.30057  1.39840  1.56361
                               OCCUPATION 
  1.00000  1.00000  1.00000  1.00000  1.00000  1.00000  0.00000  0.00000
  0.00000  0.00000  0.00000  0.00000  0.00000  0.00000  0.00000  0.00000
 NKP=  131  NGP=       291  K=(  0.04152  0.53976  0.53976)  WKP= 0.0045
                              EIGEN VALUE 
 -0.19415 -0.17594 -0.16648 -0.13416 -0.11717  0.00319  0.21478  0.31295
  0.62198  0.71073  1.15791  1.16014  1.26092  1.31427  1.39543  1.57638
                               OCCUPATION 
  1.00000  1.00000  1.00000  1.00000  1.00000  0.00000  0.00000  0.00000
  0.00000  0.00000  0.00000  0.00000  0.00000  0.00000  0.00000  0.00000
 NKP=  132  NGP=       288  K=( -0.04152  0.62280  0.62280)  WKP= 0.0045
                              EIGEN VALUE 
 -0.19260 -0.18602 -0.15677 -0.12750 -0.11072  0.08774  0.14976  0.27027
  0.55341  0.67808  1.14543  1.24094  1.25792  1.36161  1.44926  1.66566
                               OCCUPATION 
  1.00000  1.00000  1.00000  1.00000  1.00000  0.00000  0.00000  0.00000
  0.00000  0.00000  0.00000  0.00000  0.00000  0.00000  0.00000  0.00000
 NKP=  133  NGP=       297  K=(  0.29064  0.29064  0.45672)  WKP= 0.0045
                              EIGEN VALUE 
 -0.23618 -0.15767 -0.15122 -0.15007 -0.10731 -0.09516  0.20598  0.67440
  0.69341  0.73957  0.97748  1.00165  1.10338  1.27306  1.50304  1.58588
                               OCCUPATION 
  1.00000  1.00000  1.00000  1.00000  1.00000  1.00000  0.00000  0.00000
  0.00000  0.00000  0.00000  0.00000  0.00000  0.00000  0.00000  0.00000
 NKP=  134  NGP=       297  K=(  0.20760  0.37368  0.53976)  WKP= 0.0090
                              EIGEN VALUE 
 -0.21762 -0.16541 -0.15603 -0.14457 -0.10974 -0.05384  0.17790  0.53412
  0.61171  0.80023  0.94833  1.11444  1.19741  1.28957  1.51863  1.57753
                               OCCUPATION 
  1.00000  1.00000  1.00000  1.00000  1.00000  1.00000  0.00000  0.00000
  0.00000  0.00000  0.00000  0.00000  0.00000  0.00000  0.00000  0.00000
 NKP=  135  NGP=       295  K=(  0.12456  0.45672  0.62280)  WKP= 0.0090
                              EIGEN VALUE 
 -0.19696 -0.17658 -0.16320 -0.13579 -0.11121  0.00998  0.16546  0.38921
  0.53113  0.81411  0.99353  1.21390  1.26082  1.36411  1.44288  1.53932
                               OCCUPATION 
  1.00000  1.00000  1.00000  1.00000  1.00000  0.00000  0.00000  0.00000
  0.00000  0.00000  0.00000  0.00000  0.00000  0.00000  0.00000  0.00000
 NKP=  136  NGP=       292  K=(  0.04152  0.53976  0.70584)  WKP= 0.0090
                              EIGEN VALUE 
 -0.18952 -0.18595 -0.16159 -0.12764 -0.10821  0.09452  0.15716  0.27433
  0.46611  0.77624  1.11178  1.15060  1.27681  1.39390  1.54837  1.67462
                               OCCUPATION 
  1.00000  1.00000  1.00000  1.00000  1.00000  0.00000  0.00000  0.00000
  0.00000  0.00000  0.00000  0.00000  0.00000  0.00000  0.00000  0.00000
 NKP=  137  NGP=       293  K=(  0.29064  0.29064  0.62280)  WKP= 0.0045
                              EIGEN VALUE 
 -0.21057 -0.17161 -0.15365 -0.14246 -0.10447 -0.02420  0.14566  0.50851
  0.60286  0.69765  1.08531  1.09967  1.18227  1.31229  1.58673  1.63769
                               OCCUPATION 
  1.00000  1.00000  1.00000  1.00000  1.00000  0.00000  0.00000  0.00000
  0.00000  0.00000  0.00000  0.00000  0.00000  0.00000  0.00000  0.00000
 NKP=  138  NGP=       295  K=(  0.20760  0.37368  0.70584)  WKP= 0.0090
                              EIGEN VALUE 
 -0.19792 -0.17956 -0.15904 -0.13507 -0.10651  0.03328  0.13096  0.42385
  0.48753  0.78513  1.01914  1.18016  1.28211  1.38320  1.44253  1.66906
                               OCCUPATION 
  1.00000  1.00000  1.00000  1.00000  1.00000  0.00000  0.00000  0.00000
  0.00000  0.00000  0.00000  0.00000  0.00000  0.00000  0.00000  0.00000
 NKP=  139  NGP=       292  K=(  0.12456  0.45672  0.78888)  WKP= 0.0045
                              EIGEN VALUE 
 -0.18845 -0.18242 -0.16773 -0.12875 -0.10515  0.10494  0.13815  0.35321
  0.36054  0.89826  0.98148  1.15403  1.24378  1.46966  1.58006  1.73488
                               OCCUPATION 
  1.00000  1.00000  1.00000  1.00000  1.00000  0.00000  0.00000  0.00000
  0.00000  0.00000  0.00000  0.00000  0.00000  0.00000  0.00000  0.00000
 NKP=  140  NGP=       292  K=(  0.29064  0.29064  0.78888)  WKP= 0.0045
                              EIGEN VALUE 
 -0.19561 -0.18349 -0.15617 -0.13161 -0.10817  0.07134  0.12082  0.33608
  0.56175  0.68109  1.14392  1.19028  1.22948  1.42453  1.47553  1.55544
                               OCCUPATION 
  1.00000  1.00000  1.00000  1.00000  1.00000  0.00000  0.00000  0.00000
  0.00000  0.00000  0.00000  0.00000  0.00000  0.00000  0.00000  0.00000
 NKP=  141  NGP=       296  K=(  0.37368  0.37368  0.37368)  WKP= 0.0015
                              EIGEN VALUE 
 -0.23544 -0.15471 -0.15471 -0.12013 -0.10847 -0.10847  0.15848  0.75685
  0.76467  0.76467  0.88822  0.88822  1.05545  1.45144  1.45144  1.56356
                               OCCUPATION 
  1.00000  1.00000  1.00000  1.00000  1.00000  1.00000  0.00000  0.00000
  0.00000  0.00000  0.00000  0.00000  0.00000  0.00000  0.00000  0.00000
 NKP=  142  NGP=       295  K=(  0.29064  0.45672  0.45672)  WKP= 0.0045
                              EIGEN VALUE 
 -0.22490 -0.15859 -0.15245 -0.13384 -0.10927 -0.06506  0.12897  0.61728
  0.73684  0.75469  0.92123  0.97276  1.13473  1.42045  1.48870  1.57902
                               OCCUPATION 
  1.00000  1.00000  1.00000  1.00000  1.00000  1.00000  0.00000  0.00000
  0.00000  0.00000  0.00000  0.00000  0.00000  0.00000  0.00000  0.00000
 NKP=  143  NGP=       297  K=(  0.20760  0.53976  0.53976)  WKP= 0.0045
                              EIGEN VALUE 
 -0.20789 -0.16923 -0.15118 -0.14400 -0.10928 -0.00091  0.11527  0.46739
  0.64384  0.71724  1.04733  1.07932  1.30132  1.36869  1.41080  1.50022
                               OCCUPATION 
  1.00000  1.00000  1.00000  1.00000  1.00000  0.00000  0.00000  0.00000
  0.00000  0.00000  0.00000  0.00000  0.00000  0.00000  0.00000  0.00000
 NKP=  144  NGP=       292  K=(  0.37368  0.37368  0.53976)  WKP= 0.0045
                              EIGEN VALUE 
 -0.22292 -0.15967 -0.15247 -0.13114 -0.10508 -0.05195  0.10227  0.64813
  0.69367  0.73525  0.95173  0.97096  1.12144  1.41422  1.57988  1.62080
                               OCCUPATION 
  1.00000  1.00000  1.00000  1.00000  1.00000  1.00030  0.00000  0.00000
  0.00000  0.00000  0.00000  0.00000  0.00000  0.00000  0.00000  0.00000
 NKP=  145  NGP=       296  K=(  0.29064  0.45672  0.62280)  WKP= 0.0045
                              EIGEN VALUE 
 -0.21195 -0.16700 -0.14642 -0.14630 -0.10658 -0.00682  0.09810  0.55422
  0.57043  0.79431  0.93790  1.11968  1.23088  1.37686  1.42264  1.63298
                               OCCUPATION 
  1.00000  1.00000  1.00000  1.00000  1.00000  0.00000  0.00000  0.00000
  0.00000  0.00000  0.00000  0.00000  0.00000  0.00000  0.00000  0.00000
 NKP=  146  NGP=       302  K=(  0.45672  0.45672  0.45672)  WKP= 0.0008
                              EIGEN VALUE 
 -0.22803 -0.15608 -0.15608 -0.10530 -0.10530 -0.07928  0.08912  0.74898
  0.76375  0.76375  0.86767  0.86767  1.05737  1.57950  1.57950  1.63756
                               OCCUPATION 
  1.00000  1.00000  1.00000  1.00000  1.00000  1.00000  0.00000  0.00000
  0.00000  0.00000  0.00000  0.00000  0.00000  0.00000  0.00000  0.00000
 
 QMDQMDQMDQMDQMDQMDQMDQMDQMDQMDQMDQMDQMDQMDQMDQMDQMDQMDQMDQMDQMDQMDQMDQM

 MD ITERATION NR.      1:014          TOTAL CPU TIME =      9.32 SECONDS

                       CONVERGED ENERGY AND FORCES 
   NIT     TotalEnergy     f_max     f_rms      edel      vdel      fdel
     1    -59.76562441  0.000000  0.000000  0.17D-11  0.48D-08  0.17D-11

    ATOM              COORDINATES                        FORCES
MD:    1
MD:    1 Cu   0.000000   0.000000   0.000000   0.00000  0.00000  0.00000
 
CHGPRO:     0.0000      0.2966455521     -0.4892862018      0.1561632235
CHGPRO:     0.1520      0.2913512833     -0.4898310184      0.1511346380
CHGPRO:     0.3040      0.2760573319     -0.4914398730      0.1362865790
CHGPRO:     0.4560      0.2524205325     -0.4942224432      0.1123617706
CHGPRO:     0.6080      0.2228992110     -0.4981293656      0.0808133716
CHGPRO:     0.7600      0.1904146366     -0.5027647206      0.0440313201
CHGPRO:     0.9120      0.1579456925     -0.5074438412      0.0054677959
CHGPRO:     1.0640      0.1280773317     -0.5109051716     -0.0306629270
CHGPRO:     1.2160      0.1026072167     -0.5115871131     -0.0604933160
CHGPRO:     1.3680      0.0823271056     -0.5075608362     -0.0812220655
CHGPRO:     1.5200      0.0670731640     -0.4970860791     -0.0910666569
CHGPRO:     1.6720      0.0560603803     -0.4797874749     -0.0897799411
CHGPRO:     1.8240      0.0483328241     -0.4572695674     -0.0794995096
CHGPRO:     1.9760      0.0430756264     -0.4342012856     -0.0646985899
CHGPRO:     2.1280      0.0396988122     -0.4153235414     -0.0506433167
CHGPRO:     2.2800      0.0378128825     -0.4022017923     -0.0411642053
CHGPRO:     2.4320      0.0372055011     -0.3971045221     -0.0378931179
CHGPRO:     2.5839      0.0378128825     -0.4022017923     -0.0411642053
CHGPRO:     2.7359      0.0396988122     -0.4153235414     -0.0506433167
CHGPRO:     2.8879      0.0430756264     -0.4342012856     -0.0646985899
CHGPRO:     3.0399      0.0483328241     -0.4572695674     -0.0794995096
CHGPRO:     3.1919      0.0560603803     -0.4797874749     -0.0897799411
CHGPRO:     3.3439      0.0670731640     -0.4970860791     -0.0910666569
CHGPRO:     3.4959      0.0823271056     -0.5075608362     -0.0812220655
CHGPRO:     3.6479      0.1026072167     -0.5115871131     -0.0604933160
CHGPRO:     3.7999      0.1280773317     -0.5109051716     -0.0306629270
CHGPRO:     3.9519      0.1579456925     -0.5074438412      0.0054677959
CHGPRO:     4.1039      0.1904146366     -0.5027647206      0.0440313201
CHGPRO:     4.2559      0.2228992110     -0.4981293656      0.0808133716
CHGPRO:     4.4079      0.2524205325     -0.4942224432      0.1123617706
CHGPRO:     4.5599      0.2760573319     -0.4914398730      0.1362865790
CHGPRO:     4.7119      0.2913512833     -0.4898310184      0.1511346380

 *I* wavefunction data written in zaj.data

 *I* writing eko_l

 *I* writing fsr_l, fsi_l

 *I* potential data written in potential.data

           <<<  Atomic Charge >>>
  ia is   rd d_rd  Charge(1)  Charge(2)  Charge(3)
   1  1 2.30 0.10   9.835778  10.064875  10.301481

 ***********************************************************************
 *                                                                     *
 *                               TIMING                                *
 *                                                                     *
 ***********************************************************************
      SUBROUTINE        CALLS        TOTAL CPU TIME           <CPU TIME>
             SCF            1                8.4138               8.4138
          WF_Dav           15                7.8421               0.5228
     diagonalize         3285                5.0574               0.0015
        dav_hphi         3285                1.5325               0.0005
         fftw3c3        15184                1.3724               0.0001
           kbint            1                0.9123               0.9123
         swffftx         6570                0.6640               0.0001
        swffftx2         6570                0.6036               0.0001
         dav_mgs         2190                0.3428               0.0002
       dav_mgs_2         2190                0.2745               0.0001
          Chgfft           14                0.2289               0.0163
          swffft         2044                0.1971               0.0001
         dav_hij         3285                0.1732               0.0001
      dav_nonloc         3285                0.1683               0.0001
             Dos            2                0.1663               0.0832
         Writing            1                0.1599               0.1599
 dav_band2g_hphi         3285                0.1074               0.0000
  dav_residual_1         2190                0.1071               0.0000
    dav_residual         2190                0.0941               0.0000
    dav_nonloc_2        20655                0.0702               0.0000
      dav_sumset         2190                0.0684               0.0000
    dav_nonloc_3        20655                0.0633               0.0000
      xc_gga_chg           28                0.0611               0.0022
     fdchgq0_fft           14                0.0588               0.0042
      dav_precon         2190                0.0509               0.0000
  dav_band2g_phi         1168                0.0412               0.0000
           Force            1                0.0399               0.0399
           fd_vq           14                0.0392               0.0028
   fdchgq0_fft_1           14                0.0388               0.0028
    dav_sumset_1         2190                0.0370               0.0000
    dav_copy_fsr         1095                0.0365               0.0000
           pspot            1                0.0348               0.0348
       dav_mgs_3         2190                0.0334               0.0000
        fdforce0            1                0.0305               0.0305
       dav_mgs_1         2190                0.0301               0.0000
    dav_sumset_2         2190                0.0285               0.0000
 dav_refresh_phi         1095                0.0273               0.0000
           Fermi           14                0.0225               0.0016
    dav_nonloc_1         3285                0.0187               0.0000
      dav_grmsmd            1                0.0154               0.0154
         FFT_SET            1                0.0151               0.0151
 dav_refresh_fsr         1095                0.0114               0.0000
        swffftx1         6570                0.0103               0.0000
       dav_mgs_t           73                0.0095               0.0001
    xc_1_gr_ch12           84                0.0091               0.0001
 ***********************************************************************

 =======================================================================
 TASK                   CALLS        TOTAL CPU TIME           <CPU TIME>
 FFT SingleProc         15184                1.3801               0.0001
 FFT MPI                  344                0.0371               0.0001
 FFTW MPI1                 29                0.0031               0.0001
  
 ALLREDUCE               8566                0.0356               0.0000
 ALLREDUCE_G               48                0.0031               0.0001
 ALLREDUCE_BG              15                0.0001               0.0000
 ALLREDUCE_K            16506                0.1181               0.0000
 ALLGATHERV                69                0.0034               0.0000
 ALLGATHERV_KG           3358                0.0341               0.0000
 ALLGATHERV_K            2190                0.0258               0.0000
 GATHERV                    2                0.0001               0.0000
 ALLTOALLV                193                0.0089               0.0000
 ALLTOALLV_KG            9125                0.1771               0.0000
 TOTAL TIME FOR COMMUNICATION                0.4062
 =======================================================================

 TOTAL CPU TIME:  00 HOURS 00 MINUTES  9.71 SECONDS

 PROGRAM STATE ENDED AT: Jul  1 11:49:26 2025
  
 HHHHHHHHHHHHHHHHHHHHHHHHHHHHHHHHHHHHHHHHHHHHHHHHHHHHHHHHHHHHHHHHH
 HHHHHHHHHHHHHHHHHHHHHHHHHHHHHHHHHHHHHHHHHHHHHHHHHHHHHHHHHHHHHHHHH
                           _______________________
     __________   _______/______v______v______v___]
    D          | |                                 |
    D   A A    | | Congratulations!                |  C( > < )D
  --  =(^.^)=  | |  The calculation has converged. |    = o =
 |     @@@@@   | |                                 |    (    )~
 /--=O=-+-=O=---+--=O=--+--==O==--+--==O==--+--=O=-+--=O=---=O=-/
  
 HHHHHHHHHHHHHHHHHHHHHHHHHHHHHHHHHHHHHHHHHHHHHHHHHHHHHHHHHHHHHHHHH
 HHHHHHHHHHHHHHHHHHHHHHHHHHHHHHHHHHHHHHHHHHHHHHHHHHHHHHHHHHHHHHHHH
