[0] MPI startup(): I_MPI_TCP_NETMASK variable has been removed from the product, its value is ignored

 
 ***********************************************************************
 *                                                                     *
 *                                                                     *
 *                                                                     *
 *              ******  ********    **    ******** ********            *
 *             ******** ********   ****   ******** ********            *
 *             **          **     **  **     **    **                  *
 *              ***        **    ********    **    ******              *
 *                ***      **   **********   **    ******              *
 *                  **     **  **        **  **    **                  *
 *             ********    ** **          ** **    ********            *
 *              ******     ** VERSION 5.6.17 **    ********            *
 *                               RICS-AIST                             *
 *                           OSAKA UNIVERSITY                          *
 *                                                                     *
 ***********************************************************************
 
 PROGRAM STATE STARTED AT: Jul  1 11:49:27 2025

 THIS JOB RUNS ON         : xs01                            
 THE CURRENT DIRECTORY IS : /home/ikutaro/work/STATE/examples/Cu/fcc/k-p
 THE PROCESS ID IS        : 86277
 THE JOB WAS SUBMITTED BY : ikutaro             
 THE NUMBER OF PROCESSORS : 16
 THE NUMBER OF THREADS    : 1
 
 ELECTRONIC WAVEFUNCTIONS INITIALIZED 
 ELECTRONIC CHARGE INITIALIZED 
 IONIC POSITIONS READ FROM STANDARD INPUT 
 IONIC VELOCITIES INITIALIZED 
 MAXIMUM SCF ITERATIONS : 200
 MAXIMUM MD STEPS : 200
 MAXIMUM ELAPSED CPU TIME :  86400.00 SEC
 TIME INCREMENT IN MOLECULAR DYNAMICS :     50.00 A.U.
 ENERGY CRITERION FOR SCF ITERATIONS :  0.100000E-09 HA/ATOM

 EXCHANGE-CORRELATION FUNCTIONAL : ggapbe
 SPIN POLARIZATION NOT ALLOWED 
 NUMBER OF BANDS CONSIDERED : 16
 METHFESSEL-PAXTON SMEARING 
 SMEARING WIDTH : 0.002000
 DAVIDSON METHOD WITH G-SPACE TECHNIQUE 
 BLUGEL MIXING PARAMETERS 
   MIXING OBJECT : CHARGE 
   MIXING INFORMATION RESET AFTER 30 STEPS
   MIXING PARAMETER : 0.300

 ********************************** TYPE *******************************
 TYPE  NAME  INITIAL CHARGE   MASS(AMU)     PP TYPE  ILOC   INITIAL SPIN
    1    Cu          0.1500     63.5460   UltraSoft     3         0.0000
 ***********************************************************************

 ********************************* ATOMS *******************************
   ATOM    X(BOHR)    Y(BOHR)    Z(BOHR)     TAUX    TAUY    TAUZ IW  IR
   1  1    0.00000    0.00000    0.00000   0.0000  0.0000  0.0000  1   0
 ***********************************************************************

 ******************************** K-POINTS *****************************
 BRAVIAS LATTICE         :        FACE CENTER         
 SPACE GROUP             :        F m -3 m  
 INVERSION SYMMETRY      :        NO 
 CONV. LAT. VECTOR(BOHR) :        6.878600       0.000000       0.000000
 CONV. LAT. VECTOR(BOHR) :        0.000000       6.878600       0.000000
 CONV. LAT. VECTOR(BOHR) :        0.000000       0.000000       6.878600
 PRIM. LAT. VECTOR(BOHR) :        0.000000       3.439300       3.439300
 PRIM. LAT. VECTOR(BOHR) :        3.439300       0.000000       3.439300
 PRIM. LAT. VECTOR(BOHR) :        3.439300       3.439300       0.000000
 PRIM. CELL VOLUME       :    0.813655E+02
 PRIM. REC. VECTOR(1/BOHR) :     -0.913440       0.913440       0.913440
 PRIM. REC. VECTOR(1/BOHR) :      0.913440      -0.913440       0.913440
 PRIM. REC. VECTOR(1/BOHR) :      0.913440       0.913440      -0.913440
 REC. PRIM. CELL VOLUME    :  0.304859E+01
 ENERGY CUTOFF FOR SOFT MODE(RY) :  36.000
 ENERGY CUTOFF FOR HARD MODE(RY) : 400.000
 NUMBER OF K-POINT MESH  :              12             12             12
 K-POINT SHIFT           :              ON             ON             ON
 NUMBER OF K-POINTS      :             182
        NKP            WKP              KX             KY             KZ
          1       0.001157        0.038060       0.038060       0.038060
          2       0.003472       -0.038060       0.114180       0.114180
          3       0.003472       -0.114180       0.190300       0.190300
          4       0.003472       -0.190300       0.266420       0.266420
          5       0.003472       -0.266420       0.342540       0.342540
          6       0.003472       -0.342540       0.418660       0.418660
          7       0.003472       -0.418660       0.494780       0.494780
          8       0.003472       -0.494780       0.570900       0.570900
          9       0.003472       -0.570900       0.647020       0.647020
         10       0.003472       -0.647020       0.723140       0.723140
         11       0.003472       -0.723140       0.799260       0.799260
         12       0.003472       -0.799260       0.875380       0.875380
         13       0.003472        0.038060       0.038060       0.190300
         14       0.006944       -0.038060       0.114180       0.266420
         15       0.006944       -0.114180       0.190300       0.342540
         16       0.006944       -0.190300       0.266420       0.418660
         17       0.006944       -0.266420       0.342540       0.494780
         18       0.006944       -0.342540       0.418660       0.570900
         19       0.006944       -0.418660       0.494780       0.647020
         20       0.006944       -0.494780       0.570900       0.723140
         21       0.006944       -0.570900       0.647020       0.799260
         22       0.006944       -0.647020       0.723140       0.875380
         23       0.006944       -0.723140       0.799260       0.951500
         24       0.003472        0.038060       0.038060       0.342540
         25       0.006944       -0.038060       0.114180       0.418660
         26       0.006944       -0.114180       0.190300       0.494780
         27       0.006944       -0.190300       0.266420       0.570900
         28       0.006944       -0.266420       0.342540       0.647020
         29       0.006944       -0.342540       0.418660       0.723140
         30       0.006944       -0.418660       0.494780       0.799260
         31       0.006944       -0.494780       0.570900       0.875380
         32       0.006944       -0.570900       0.647020       0.951500
         33       0.006944       -0.647020       0.723140       1.027619
         34       0.003472        0.038060       0.038060       0.494780
         35       0.006944       -0.038060       0.114180       0.570900
         36       0.006944       -0.114180       0.190300       0.647020
         37       0.006944       -0.190300       0.266420       0.723140
         38       0.006944       -0.266420       0.342540       0.799260
         39       0.006944       -0.342540       0.418660       0.875380
         40       0.006944       -0.418660       0.494780       0.951500
         41       0.006944       -0.494780       0.570900       1.027619
         42       0.006944       -0.570900       0.647020       1.103739
         43       0.003472        0.038060       0.038060       0.647020
         44       0.006944       -0.038060       0.114180       0.723140
         45       0.006944       -0.114180       0.190300       0.799260
         46       0.006944       -0.190300       0.266420       0.875380
         47       0.006944       -0.266420       0.342540       0.951500
         48       0.006944       -0.342540       0.418660       1.027619
         49       0.006944       -0.418660       0.494780       1.103739
         50       0.006944       -0.494780       0.570900       1.179859
         51       0.003472        0.038060       0.038060       0.799260
         52       0.006944       -0.038060       0.114180       0.875380
         53       0.006944       -0.114180       0.190300       0.951500
         54       0.006944       -0.190300       0.266420       1.027619
         55       0.006944       -0.266420       0.342540       1.103739
         56       0.006944       -0.342540       0.418660       1.179859
         57       0.006944       -0.418660       0.494780       1.255979
         58       0.003472        0.038060       0.038060       0.951500
         59       0.006944       -0.038060       0.114180       1.027619
         60       0.006944       -0.114180       0.190300       1.103739
         61       0.006944       -0.190300       0.266420       1.179859
         62       0.006944       -0.266420       0.342540       1.255979
         63       0.003472        0.038060       0.038060       1.103739
         64       0.006944       -0.038060       0.114180       1.179859
         65       0.006944       -0.114180       0.190300       1.255979
         66       0.006944       -0.190300       0.266420       1.332099
         67       0.003472        0.038060       0.038060       1.255979
         68       0.006944       -0.038060       0.114180       1.332099
         69       0.006944       -0.114180       0.190300       1.408219
         70       0.003472        0.038060       0.038060       1.408219
         71       0.006944       -0.038060       0.114180       1.484339
         72       0.003472        0.038060       0.038060       1.560459
         73       0.001157        0.114180       0.114180       0.114180
         74       0.003472        0.038060       0.190300       0.190300
         75       0.003472       -0.038060       0.266420       0.266420
         76       0.003472       -0.114180       0.342540       0.342540
         77       0.003472       -0.190300       0.418660       0.418660
         78       0.003472       -0.266420       0.494780       0.494780
         79       0.003472       -0.342540       0.570900       0.570900
         80       0.003472       -0.418660       0.647020       0.647020
         81       0.003472       -0.494780       0.723140       0.723140
         82       0.003472       -0.570900       0.799260       0.799260
         83       0.003472        0.114180       0.114180       0.266420
         84       0.006944        0.038060       0.190300       0.342540
         85       0.006944       -0.038060       0.266420       0.418660
         86       0.006944       -0.114180       0.342540       0.494780
         87       0.006944       -0.190300       0.418660       0.570900
         88       0.006944       -0.266420       0.494780       0.647020
         89       0.006944       -0.342540       0.570900       0.723140
         90       0.006944       -0.418660       0.647020       0.799260
         91       0.006944       -0.494780       0.723140       0.875380
         92       0.003472        0.114180       0.114180       0.418660
         93       0.006944        0.038060       0.190300       0.494780
         94       0.006944       -0.038060       0.266420       0.570900
         95       0.006944       -0.114180       0.342540       0.647020
         96       0.006944       -0.190300       0.418660       0.723140
         97       0.006944       -0.266420       0.494780       0.799260
         98       0.006944       -0.342540       0.570900       0.875380
         99       0.006944       -0.418660       0.647020       0.951500
        100       0.003472        0.114180       0.114180       0.570900
        101       0.006944        0.038060       0.190300       0.647020
        102       0.006944       -0.038060       0.266420       0.723140
        103       0.006944       -0.114180       0.342540       0.799260
        104       0.006944       -0.190300       0.418660       0.875380
        105       0.006944       -0.266420       0.494780       0.951500
        106       0.006944       -0.342540       0.570900       1.027619
        107       0.003472        0.114180       0.114180       0.723140
        108       0.006944        0.038060       0.190300       0.799260
        109       0.006944       -0.038060       0.266420       0.875380
        110       0.006944       -0.114180       0.342540       0.951500
        111       0.006944       -0.190300       0.418660       1.027619
        112       0.006944       -0.266420       0.494780       1.103739
        113       0.003472        0.114180       0.114180       0.875380
        114       0.006944        0.038060       0.190300       0.951500
        115       0.006944       -0.038060       0.266420       1.027619
        116       0.006944       -0.114180       0.342540       1.103739
        117       0.003472        0.114180       0.114180       1.027619
        118       0.006944        0.038060       0.190300       1.103739
        119       0.006944       -0.038060       0.266420       1.179859
        120       0.003472        0.114180       0.114180       1.179859
        121       0.006944        0.038060       0.190300       1.255979
        122       0.003472        0.114180       0.114180       1.332099
        123       0.001157        0.190300       0.190300       0.190300
        124       0.003472        0.114180       0.266420       0.266420
        125       0.003472        0.038060       0.342540       0.342540
        126       0.003472       -0.038060       0.418660       0.418660
        127       0.003472       -0.114180       0.494780       0.494780
        128       0.003472       -0.190300       0.570900       0.570900
        129       0.003472       -0.266420       0.647020       0.647020
        130       0.003472       -0.342540       0.723140       0.723140
        131       0.003472        0.190300       0.190300       0.342540
        132       0.006944        0.114180       0.266420       0.418660
        133       0.006944        0.038060       0.342540       0.494780
        134       0.006944       -0.038060       0.418660       0.570900
        135       0.006944       -0.114180       0.494780       0.647020
        136       0.006944       -0.190300       0.570900       0.723140
        137       0.006944       -0.266420       0.647020       0.799260
        138       0.003472        0.190300       0.190300       0.494780
        139       0.006944        0.114180       0.266420       0.570900
        140       0.006944        0.038060       0.342540       0.647020
        141       0.006944       -0.038060       0.418660       0.723140
        142       0.006944       -0.114180       0.494780       0.799260
        143       0.006944       -0.190300       0.570900       0.875380
        144       0.003472        0.190300       0.190300       0.647020
        145       0.006944        0.114180       0.266420       0.723140
        146       0.006944        0.038060       0.342540       0.799260
        147       0.006944       -0.038060       0.418660       0.875380
        148       0.006944       -0.114180       0.494780       0.951500
        149       0.003472        0.190300       0.190300       0.799260
        150       0.006944        0.114180       0.266420       0.875380
        151       0.006944        0.038060       0.342540       0.951500
        152       0.003472        0.190300       0.190300       0.951500
        153       0.006944        0.114180       0.266420       1.027619
        154       0.003472        0.190300       0.190300       1.103739
        155       0.001157        0.266420       0.266420       0.266420
        156       0.003472        0.190300       0.342540       0.342540
        157       0.003472        0.114180       0.418660       0.418660
        158       0.003472        0.038060       0.494780       0.494780
        159       0.003472       -0.038060       0.570900       0.570900
        160       0.003472       -0.114180       0.647020       0.647020
        161       0.003472        0.266420       0.266420       0.418660
        162       0.006944        0.190300       0.342540       0.494780
        163       0.006944        0.114180       0.418660       0.570900
        164       0.006944        0.038060       0.494780       0.647020
        165       0.006944       -0.038060       0.570900       0.723140
        166       0.003472        0.266420       0.266420       0.570900
        167       0.006944        0.190300       0.342540       0.647020
        168       0.006944        0.114180       0.418660       0.723140
        169       0.006944        0.038060       0.494780       0.799260
        170       0.003472        0.266420       0.266420       0.723140
        171       0.006944        0.190300       0.342540       0.799260
        172       0.003472        0.266420       0.266420       0.875380
        173       0.001157        0.342540       0.342540       0.342540
        174       0.003472        0.266420       0.418660       0.418660
        175       0.003472        0.190300       0.494780       0.494780
        176       0.003472        0.114180       0.570900       0.570900
        177       0.003472        0.342540       0.342540       0.494780
        178       0.006944        0.266420       0.418660       0.570900
        179       0.006944        0.190300       0.494780       0.647020
        180       0.003472        0.342540       0.342540       0.647020
        181       0.001157        0.418660       0.418660       0.418660
        182       0.003472        0.342540       0.494780       0.494780
 ***********************************************************************
 *I* TOTAL NUMBER OF DEGREES OF FREEDOM :     0
     
 NEIBRD =       1331
 KID  KNX  KNY  KNZ  KNL  KNM  KNN  =   21   10   10   10   20   20   20
 KIDP KNXP KNYP KNZP KNLP KNMP KNNP =   33   16   16   16   32   32   32
 NUMBER OF GENERATED VECTORS KNG,KNGP =      2421     10969
 KFFT KFFTP =      16800     67584
 IOPT IOPTP =          1         1

 ************************* SYMMETRY OPERATION **************************
                   Rc              tc               Rp             tp
         1.0000  0.0000  0.0000  0.0000   1.0000  0.0000  0.0000  0.0000
 nr.  1  0.0000  1.0000  0.0000  0.0000   0.0000  1.0000  0.0000  0.0000
         0.0000  0.0000  1.0000  0.0000   0.0000  0.0000  1.0000  0.0000

        -1.0000  0.0000  0.0000  0.0000  -1.0000  0.0000  0.0000  0.0000
 nr.  2  0.0000 -1.0000  0.0000  0.0000   0.0000 -1.0000  0.0000  0.0000
         0.0000  0.0000 -1.0000  0.0000   0.0000  0.0000 -1.0000  0.0000

         1.0000  0.0000  0.0000  0.0000   0.0000 -1.0000  1.0000  0.0000
 nr.  3  0.0000  0.0000 -1.0000  0.0000   0.0000  0.0000  1.0000  0.0000
         0.0000  1.0000  0.0000  0.0000  -1.0000  0.0000  1.0000  0.0000

         0.0000  0.0000  1.0000  0.0000   0.0000  0.0000  1.0000  0.0000
 nr.  4  1.0000  0.0000  0.0000  0.0000   1.0000  0.0000  0.0000  0.0000
         0.0000  1.0000  0.0000  0.0000   0.0000  1.0000  0.0000  0.0000

        -1.0000  0.0000  0.0000  0.0000   0.0000  1.0000 -1.0000  0.0000
 nr.  5  0.0000  0.0000  1.0000  0.0000   0.0000  0.0000 -1.0000  0.0000
         0.0000 -1.0000  0.0000  0.0000   1.0000  0.0000 -1.0000  0.0000

         0.0000  0.0000 -1.0000  0.0000   0.0000  0.0000 -1.0000  0.0000
 nr.  6 -1.0000  0.0000  0.0000  0.0000  -1.0000  0.0000  0.0000  0.0000
         0.0000 -1.0000  0.0000  0.0000   0.0000 -1.0000  0.0000  0.0000

         1.0000  0.0000  0.0000  0.0000  -1.0000  0.0000  0.0000  0.0000
 nr.  7  0.0000 -1.0000  0.0000  0.0000  -1.0000  0.0000  1.0000  0.0000
         0.0000  0.0000 -1.0000  0.0000  -1.0000  1.0000  0.0000  0.0000

         0.0000  0.0000  1.0000  0.0000  -1.0000  1.0000  0.0000  0.0000
 nr.  8  0.0000 -1.0000  0.0000  0.0000   0.0000  1.0000  0.0000  0.0000
         1.0000  0.0000  0.0000  0.0000   0.0000  1.0000 -1.0000  0.0000

         0.0000  1.0000  0.0000  0.0000  -1.0000  0.0000  1.0000  0.0000
 nr.  9  1.0000  0.0000  0.0000  0.0000   0.0000 -1.0000  1.0000  0.0000
         0.0000  0.0000 -1.0000  0.0000   0.0000  0.0000  1.0000  0.0000

         0.0000  1.0000  0.0000  0.0000   0.0000  1.0000  0.0000  0.0000
 nr. 10  0.0000  0.0000  1.0000  0.0000   0.0000  0.0000  1.0000  0.0000
         1.0000  0.0000  0.0000  0.0000   1.0000  0.0000  0.0000  0.0000

        -1.0000  0.0000  0.0000  0.0000   1.0000  0.0000  0.0000  0.0000
 nr. 11  0.0000  1.0000  0.0000  0.0000   1.0000  0.0000 -1.0000  0.0000
         0.0000  0.0000  1.0000  0.0000   1.0000 -1.0000  0.0000  0.0000

         0.0000  0.0000 -1.0000  0.0000   1.0000 -1.0000  0.0000  0.0000
 nr. 12  0.0000  1.0000  0.0000  0.0000   0.0000 -1.0000  0.0000  0.0000
        -1.0000  0.0000  0.0000  0.0000   0.0000 -1.0000  1.0000  0.0000

         0.0000 -1.0000  0.0000  0.0000   1.0000  0.0000 -1.0000  0.0000
 nr. 13 -1.0000  0.0000  0.0000  0.0000   0.0000  1.0000 -1.0000  0.0000
         0.0000  0.0000  1.0000  0.0000   0.0000  0.0000 -1.0000  0.0000

         0.0000 -1.0000  0.0000  0.0000   0.0000 -1.0000  0.0000  0.0000
 nr. 14  0.0000  0.0000 -1.0000  0.0000   0.0000  0.0000 -1.0000  0.0000
        -1.0000  0.0000  0.0000  0.0000  -1.0000  0.0000  0.0000  0.0000

         1.0000  0.0000  0.0000  0.0000   0.0000  1.0000 -1.0000  0.0000
 nr. 15  0.0000  0.0000  1.0000  0.0000  -1.0000  1.0000  0.0000  0.0000
         0.0000 -1.0000  0.0000  0.0000   0.0000  1.0000  0.0000  0.0000

         0.0000  0.0000  1.0000  0.0000   0.0000  0.0000 -1.0000  0.0000
 nr. 16 -1.0000  0.0000  0.0000  0.0000   0.0000  1.0000 -1.0000  0.0000
         0.0000 -1.0000  0.0000  0.0000   1.0000  0.0000 -1.0000  0.0000

         0.0000  1.0000  0.0000  0.0000   1.0000  0.0000 -1.0000  0.0000
 nr. 17 -1.0000  0.0000  0.0000  0.0000   1.0000  0.0000  0.0000  0.0000
         0.0000  0.0000  1.0000  0.0000   1.0000 -1.0000  0.0000  0.0000

         0.0000  0.0000 -1.0000  0.0000  -1.0000  1.0000  0.0000  0.0000
 nr. 18  1.0000  0.0000  0.0000  0.0000  -1.0000  0.0000  0.0000  0.0000
         0.0000 -1.0000  0.0000  0.0000  -1.0000  0.0000  1.0000  0.0000

         0.0000  0.0000 -1.0000  0.0000   0.0000  0.0000  1.0000  0.0000
 nr. 19  0.0000  1.0000  0.0000  0.0000  -1.0000  0.0000  1.0000  0.0000
         1.0000  0.0000  0.0000  0.0000   0.0000 -1.0000  1.0000  0.0000

        -1.0000  0.0000  0.0000  0.0000   0.0000 -1.0000  1.0000  0.0000
 nr. 20  0.0000  0.0000 -1.0000  0.0000   1.0000 -1.0000  0.0000  0.0000
         0.0000  1.0000  0.0000  0.0000   0.0000 -1.0000  0.0000  0.0000

         0.0000  0.0000 -1.0000  0.0000   0.0000  0.0000  1.0000  0.0000
 nr. 21  1.0000  0.0000  0.0000  0.0000   0.0000 -1.0000  1.0000  0.0000
         0.0000  1.0000  0.0000  0.0000  -1.0000  0.0000  1.0000  0.0000

         0.0000 -1.0000  0.0000  0.0000  -1.0000  0.0000  1.0000  0.0000
 nr. 22  1.0000  0.0000  0.0000  0.0000  -1.0000  0.0000  0.0000  0.0000
         0.0000  0.0000 -1.0000  0.0000  -1.0000  1.0000  0.0000  0.0000

         0.0000  0.0000  1.0000  0.0000   1.0000 -1.0000  0.0000  0.0000
 nr. 23 -1.0000  0.0000  0.0000  0.0000   1.0000  0.0000  0.0000  0.0000
         0.0000  1.0000  0.0000  0.0000   1.0000  0.0000 -1.0000  0.0000

         0.0000  0.0000  1.0000  0.0000   0.0000  0.0000 -1.0000  0.0000
 nr. 24  0.0000 -1.0000  0.0000  0.0000   1.0000  0.0000 -1.0000  0.0000
        -1.0000  0.0000  0.0000  0.0000   0.0000  1.0000 -1.0000  0.0000

         0.0000  0.0000  1.0000  0.0000   1.0000 -1.0000  0.0000  0.0000
 nr. 25  0.0000  1.0000  0.0000  0.0000   1.0000  0.0000 -1.0000  0.0000
        -1.0000  0.0000  0.0000  0.0000   1.0000  0.0000  0.0000  0.0000

         0.0000  1.0000  0.0000  0.0000   0.0000 -1.0000  0.0000  0.0000
 nr. 26  0.0000  0.0000 -1.0000  0.0000   1.0000 -1.0000  0.0000  0.0000
        -1.0000  0.0000  0.0000  0.0000   0.0000 -1.0000  1.0000  0.0000

         0.0000  0.0000 -1.0000  0.0000   1.0000 -1.0000  0.0000  0.0000
 nr. 27 -1.0000  0.0000  0.0000  0.0000   0.0000 -1.0000  1.0000  0.0000
         0.0000  1.0000  0.0000  0.0000   0.0000 -1.0000  0.0000  0.0000

         0.0000 -1.0000  0.0000  0.0000   0.0000  1.0000  0.0000  0.0000
 nr. 28  1.0000  0.0000  0.0000  0.0000   0.0000  1.0000 -1.0000  0.0000
         0.0000  0.0000  1.0000  0.0000  -1.0000  1.0000  0.0000  0.0000

         0.0000 -1.0000  0.0000  0.0000   1.0000  0.0000 -1.0000  0.0000
 nr. 29  0.0000  0.0000  1.0000  0.0000   0.0000  0.0000 -1.0000  0.0000
        -1.0000  0.0000  0.0000  0.0000   0.0000  1.0000 -1.0000  0.0000

         0.0000 -1.0000  0.0000  0.0000  -1.0000  0.0000  1.0000  0.0000
 nr. 30  0.0000  0.0000 -1.0000  0.0000  -1.0000  1.0000  0.0000  0.0000
         1.0000  0.0000  0.0000  0.0000  -1.0000  0.0000  0.0000  0.0000

         0.0000  0.0000 -1.0000  0.0000  -1.0000  1.0000  0.0000  0.0000
 nr. 31  0.0000 -1.0000  0.0000  0.0000  -1.0000  0.0000  1.0000  0.0000
         1.0000  0.0000  0.0000  0.0000  -1.0000  0.0000  0.0000  0.0000

         0.0000 -1.0000  0.0000  0.0000   0.0000  1.0000  0.0000  0.0000
 nr. 32  0.0000  0.0000  1.0000  0.0000  -1.0000  1.0000  0.0000  0.0000
         1.0000  0.0000  0.0000  0.0000   0.0000  1.0000 -1.0000  0.0000

         0.0000  0.0000  1.0000  0.0000  -1.0000  1.0000  0.0000  0.0000
 nr. 33  1.0000  0.0000  0.0000  0.0000   0.0000  1.0000 -1.0000  0.0000
         0.0000 -1.0000  0.0000  0.0000   0.0000  1.0000  0.0000  0.0000

         0.0000  1.0000  0.0000  0.0000   0.0000 -1.0000  0.0000  0.0000
 nr. 34 -1.0000  0.0000  0.0000  0.0000   0.0000 -1.0000  1.0000  0.0000
         0.0000  0.0000 -1.0000  0.0000   1.0000 -1.0000  0.0000  0.0000

         0.0000  1.0000  0.0000  0.0000  -1.0000  0.0000  1.0000  0.0000
 nr. 35  0.0000  0.0000 -1.0000  0.0000   0.0000  0.0000  1.0000  0.0000
         1.0000  0.0000  0.0000  0.0000   0.0000 -1.0000  1.0000  0.0000

         0.0000  1.0000  0.0000  0.0000   1.0000  0.0000 -1.0000  0.0000
 nr. 36  0.0000  0.0000  1.0000  0.0000   1.0000 -1.0000  0.0000  0.0000
        -1.0000  0.0000  0.0000  0.0000   1.0000  0.0000  0.0000  0.0000

         0.0000  0.0000 -1.0000  0.0000   0.0000  0.0000 -1.0000  0.0000
 nr. 37  0.0000 -1.0000  0.0000  0.0000   0.0000 -1.0000  0.0000  0.0000
        -1.0000  0.0000  0.0000  0.0000  -1.0000  0.0000  0.0000  0.0000

         0.0000 -1.0000  0.0000  0.0000   0.0000 -1.0000  0.0000  0.0000
 nr. 38 -1.0000  0.0000  0.0000  0.0000  -1.0000  0.0000  0.0000  0.0000
         0.0000  0.0000 -1.0000  0.0000   0.0000  0.0000 -1.0000  0.0000

        -1.0000  0.0000  0.0000  0.0000   1.0000  0.0000  0.0000  0.0000
 nr. 39  0.0000  0.0000  1.0000  0.0000   1.0000 -1.0000  0.0000  0.0000
         0.0000  1.0000  0.0000  0.0000   1.0000  0.0000 -1.0000  0.0000

        -1.0000  0.0000  0.0000  0.0000   0.0000 -1.0000  1.0000  0.0000
 nr. 40  0.0000  1.0000  0.0000  0.0000   0.0000 -1.0000  0.0000  0.0000
         0.0000  0.0000 -1.0000  0.0000   1.0000 -1.0000  0.0000  0.0000

        -1.0000  0.0000  0.0000  0.0000   0.0000  1.0000 -1.0000  0.0000
 nr. 41  0.0000 -1.0000  0.0000  0.0000   1.0000  0.0000 -1.0000  0.0000
         0.0000  0.0000  1.0000  0.0000   0.0000  0.0000 -1.0000  0.0000

         0.0000  0.0000  1.0000  0.0000   0.0000  0.0000  1.0000  0.0000
 nr. 42  0.0000  1.0000  0.0000  0.0000   0.0000  1.0000  0.0000  0.0000
         1.0000  0.0000  0.0000  0.0000   1.0000  0.0000  0.0000  0.0000

         0.0000  1.0000  0.0000  0.0000   0.0000  1.0000  0.0000  0.0000
 nr. 43  1.0000  0.0000  0.0000  0.0000   1.0000  0.0000  0.0000  0.0000
         0.0000  0.0000  1.0000  0.0000   0.0000  0.0000  1.0000  0.0000

         1.0000  0.0000  0.0000  0.0000  -1.0000  0.0000  0.0000  0.0000
 nr. 44  0.0000  0.0000 -1.0000  0.0000  -1.0000  1.0000  0.0000  0.0000
         0.0000 -1.0000  0.0000  0.0000  -1.0000  0.0000  1.0000  0.0000

         1.0000  0.0000  0.0000  0.0000   0.0000  1.0000 -1.0000  0.0000
 nr. 45  0.0000 -1.0000  0.0000  0.0000   0.0000  1.0000  0.0000  0.0000
         0.0000  0.0000  1.0000  0.0000  -1.0000  1.0000  0.0000  0.0000

         1.0000  0.0000  0.0000  0.0000   0.0000 -1.0000  1.0000  0.0000
 nr. 46  0.0000  1.0000  0.0000  0.0000  -1.0000  0.0000  1.0000  0.0000
         0.0000  0.0000 -1.0000  0.0000   0.0000  0.0000  1.0000  0.0000

        -1.0000  0.0000  0.0000  0.0000  -1.0000  0.0000  0.0000  0.0000
 nr. 47  0.0000  0.0000 -1.0000  0.0000   0.0000  0.0000 -1.0000  0.0000
         0.0000 -1.0000  0.0000  0.0000   0.0000 -1.0000  0.0000  0.0000

         1.0000  0.0000  0.0000  0.0000   1.0000  0.0000  0.0000  0.0000
 nr. 48  0.0000  0.0000  1.0000  0.0000   0.0000  0.0000  1.0000  0.0000
         0.0000  1.0000  0.0000  0.0000   0.0000  1.0000  0.0000  0.0000
 ***********************************************************************
  
           ===================================================
           ===       MPI PARALLELIZATION INFORMATION       ===
           ===================================================
           === TOTAL NUMBER OF K-POINTS          :     182 ===
           === K-POINT DIVISOR                   :       2 ===
           === TOTAL NUMBER OF BANDS             :      16 ===
           === BAND DIVISOR                      :       8 ===
           === TOTAL NUMBER OF G-VECTORS         :     307 ===
           === G-VECTOR DIVISOR                  :       1 ===
           ===================================================

 ***********************************************************************
                               ALLOCATION 
 ***********************************************************************
  NCPU  KNGP_FFT      KNGP       KNG     KNG1      KEG     KATM    KATM2
     0      1061       685       151       39        2        0        0
     1      1041       685       151       39        2        0        0
     2       965       685       151       39        2        0        0
     3       877       685       151       38        2        0        0
     4       745       685       151       38        2        0        0
     5       569       685       151       38        2        0        0
     6       369       685       151       38        2        0        0
     7       125       686       151       38        2        0        0
     8        30       686       151       39        2        0        0
     9       251       686       151       39        2        0        0
    10       471       686       151       39        2        0        0
    11       665       686       152       38        2        0        0
    12       817       686       152       38        2        0        0
    13       929       686       152       38        2        0        0
    14      1001       686       152       38        2        0        0
    15      1053       686       152       38        2        1        1
 -----------------------------------------------------------------------
  NCPU    KFFTPM     KFFTP    KFFTP2     KFFT    KMESH     KNMP     KNNP
     0      4224      4224      2112     1050       93        2        2
     1      4224      4224      2112     1050       93        2        2
     2      4224      4224      2112     1050       93        2        2
     3      4224      4224      2112     1050       94        2        2
     4      4224      4224      2112     1050       94        2        2
     5      4224      4224      2112     1050       94        2        2
     6      4224      4224      2112     1050       94        2        2
     7      4224      4224      2112     1050       94        2        2
     8      4224      4224      2112     1050       94        2        2
     9      4224      4224      2112     1050       94        2        2
    10      4224      4224      2112     1050       94        2        2
    11      4224      4224      2112     1050       94        2        2
    12      4224      4224      2112     1050       94        2        2
    13      4224      4224      2112     1050       94        2        2
    14      4224      4224      2112     1050       94        2        2
    15      4224      4224      2112     1050       94        2        2
 ***********************************************************************
                            END OF ALLOCATION 
 ***********************************************************************

 ********   <<  Reading Potential >>  ******** 
 F_POT(01) = pot.Cu_pbe1
 29.0000 11.0000  6      1          : NATOMN IVAL ILOC ITPCC
 ggapbe                             : XCTYPE
  7.5900  3.0200  2.6959 -1.6959    : ALP CC
 1501    96.0000 60.0000            : NMESH XH RMAX
 VALL is read from unit 37
    1   2   1                       : IL ITAU(IL1) IVAN(IL1)
    2   2   1                       : IL ITAU(IL1) IVAN(IL1)
    3   2   1                       : IL ITAU(IL1) IVAN(IL1)
    1   1   1   1   1   1  1135   8 : MM L1 T1 L2 T2 L3 NRC MORD
    2   1   1   1   2   1  1135   8 : MM L1 T1 L2 T2 L3 NRC MORD
    3   1   1   2   1   2  1135   8 : MM L1 T1 L2 T2 L3 NRC MORD
    4   1   1   2   2   2  1135   8 : MM L1 T1 L2 T2 L3 NRC MORD
    5   1   1   3   1   3  1135   8 : MM L1 T1 L2 T2 L3 NRC MORD
    6   1   1   3   2   3  1135   8 : MM L1 T1 L2 T2 L3 NRC MORD
    7   1   2   1   2   1  1135   8 : MM L1 T1 L2 T2 L3 NRC MORD
    8   1   2   2   1   2  1135   8 : MM L1 T1 L2 T2 L3 NRC MORD
    9   1   2   2   2   2  1135   8 : MM L1 T1 L2 T2 L3 NRC MORD
   10   1   2   3   1   3  1135   8 : MM L1 T1 L2 T2 L3 NRC MORD
   11   1   2   3   2   3  1135   8 : MM L1 T1 L2 T2 L3 NRC MORD
   12   2   1   2   1   1  1135   8 : MM L1 T1 L2 T2 L3 NRC MORD
   13   2   1   2   1   3  1135   8 : MM L1 T1 L2 T2 L3 NRC MORD
   14   2   1   2   2   1  1135   8 : MM L1 T1 L2 T2 L3 NRC MORD
   15   2   1   2   2   3  1135   8 : MM L1 T1 L2 T2 L3 NRC MORD
   16   2   1   3   1   2  1135   8 : MM L1 T1 L2 T2 L3 NRC MORD
   17   2   1   3   1   4  1135   8 : MM L1 T1 L2 T2 L3 NRC MORD
   18   2   1   3   2   2  1135   8 : MM L1 T1 L2 T2 L3 NRC MORD
   19   2   1   3   2   4  1135   8 : MM L1 T1 L2 T2 L3 NRC MORD
   20   2   2   2   2   1  1135   8 : MM L1 T1 L2 T2 L3 NRC MORD
   21   2   2   2   2   3  1135   8 : MM L1 T1 L2 T2 L3 NRC MORD
   22   2   2   3   1   2  1135   8 : MM L1 T1 L2 T2 L3 NRC MORD
   23   2   2   3   1   4  1135   8 : MM L1 T1 L2 T2 L3 NRC MORD
   24   2   2   3   2   2  1135   8 : MM L1 T1 L2 T2 L3 NRC MORD
   25   2   2   3   2   4  1135   8 : MM L1 T1 L2 T2 L3 NRC MORD
   26   3   1   3   1   1  1135   8 : MM L1 T1 L2 T2 L3 NRC MORD
   27   3   1   3   1   3  1127   8 : MM L1 T1 L2 T2 L3 NRC MORD
   28   3   1   3   1   5  1135   8 : MM L1 T1 L2 T2 L3 NRC MORD
   29   3   1   3   2   1  1135   8 : MM L1 T1 L2 T2 L3 NRC MORD
   30   3   1   3   2   3  1135   8 : MM L1 T1 L2 T2 L3 NRC MORD
   31   3   1   3   2   5  1135   8 : MM L1 T1 L2 T2 L3 NRC MORD
   32   3   2   3   2   1  1135   8 : MM L1 T1 L2 T2 L3 NRC MORD
   33   3   2   3   2   3  1135   8 : MM L1 T1 L2 T2 L3 NRC MORD
   34   3   2   3   2   5  1135   8 : MM L1 T1 L2 T2 L3 NRC MORD
 CHGPC  =   8.48851088
 TOTAL ENERGY CORRECTION FROM PS     =     0.4923571502D+00
 TOTAL PARTIAL CHARGE         SCHGPC =         8.4885108817
 TOTAL LOCALIZED CHARGE (QLCTOT)     =         0.0000000000
 KQITG =    34
 NUMBER OF BANDS SHOULD BE GREATER THAN 6
 KLMT  =    18
 KLMTT =    18
 KLMTA =    18
 TOTCH =      11.000000000000
 NX NY NZ  =   4   4   4
 NNEIB     =     729
 ALF       =    2.647574
 NEWLDG    =     137

 ***********************************************************************
 *                                                                     *
 *                              START SCF                              *
 *                                                                     *
 ***********************************************************************

  NSCF NADR            ETOTAL          EDEL          CDEL CONV      TCPU
     1    0      -59.12937935   0.59129E+02   0.13886E-01    0      1.41
     2    0      -59.52972548   0.40035E+00   0.51789E-01    0      0.69
     3    1      -59.76315508   0.23343E+00   0.85894E-02    0      0.69
     4    2      -59.76557977   0.24247E-02   0.34073E-02    1      0.69
     5    3      -59.76549573   0.84034E-04   0.10166E-02    1      0.69
     6    4      -59.76555921   0.63475E-04   0.55249E-03    2      0.69
     7    5      -59.76558514   0.25931E-04   0.42522E-04    3      0.69
     8    6      -59.76558526   0.12493E-06   0.17161E-04    3      0.69
     9    7      -59.76558529   0.24025E-07   0.38964E-05    3      0.69
    10    8      -59.76558529   0.11540E-08   0.12116E-05    3      0.68
    11    9      -59.76558529   0.11902E-09   0.20523E-06    3      0.71
    12   10      -59.76558529   0.36039E-10   0.13867E-07    4      0.68
    13   11      -59.76558529   0.76668E-11   0.45389E-07    5      0.68
    14   12      -59.76558529   0.23292E-10   0.61480E-08    6      0.69
 
                                   TOTAL CHARGE DENSITY =     10.9999997

                     TOTAL ENERGY AND ITS COMPONENTS 
                  TOTAL ENERGY     =         -59.76558529 A.U.
                KINETIC ENERGY     =           6.33428078 A.U.
                HARTREE ENERGY     =          16.07705928 A.U.
                     XC ENERGY     =         -19.86531702 A.U.
                  LOCAL ENERGY     =         -17.32628302 A.U.
               NONLOCAL ENERGY     =          -4.65965300 A.U.
                  EWALD ENERGY     =         -40.32567026 A.U.
                     PC ENERGY     =           0.00000000 A.U.
               ENTROPIC ENERGY     =          -0.00000205 A.U.

                                         FERMI ENERGY =      -0.04482715
 NKP=    1  NGP=       298  K=(  0.03806  0.03806  0.03806)  WKP= 0.0012
                              EIGEN VALUE 
 -0.38098 -0.15518 -0.15426 -0.15426 -0.12579 -0.12579  0.79375  0.84934
  0.87431  0.87431  0.97817  0.97817  1.00712  1.11426  1.26041  1.26041
                               OCCUPATION 
  1.00000  1.00000  1.00000  1.00000  1.00000  1.00000  0.00000  0.00000
  0.00000  0.00000  0.00000  0.00000  0.00000  0.00000  0.00000  0.00000
 NKP=    2  NGP=       302  K=( -0.03806  0.11418  0.11418)  WKP= 0.0035
                              EIGEN VALUE 
 -0.36883 -0.15776 -0.15223 -0.15184 -0.12770 -0.12530  0.70031  0.76957
  0.85637  0.88962  0.98665  1.01259  1.10140  1.14392  1.17268  1.24392
                               OCCUPATION 
  1.00000  1.00000  1.00000  1.00000  1.00000  1.00000  0.00000  0.00000
  0.00000  0.00000  0.00000  0.00000  0.00000  0.00000  0.00000  0.00000
 NKP=    3  NGP=       304  K=( -0.11418  0.19030  0.19030)  WKP= 0.0035
                              EIGEN VALUE 
 -0.33946 -0.16223 -0.14904 -0.14876 -0.12873 -0.12368  0.53871  0.73155
  0.84513  0.85945  1.00920  1.02947  1.08037  1.14204  1.17306  1.32729
                               OCCUPATION 
  1.00000  1.00000  1.00000  1.00000  1.00000  1.00000  0.00000  0.00000
  0.00000  0.00000  0.00000  0.00000  0.00000  0.00000  0.00000  0.00000
 NKP=    4  NGP=       301  K=( -0.19030  0.26642  0.26642)  WKP= 0.0035
                              EIGEN VALUE 
 -0.29668 -0.16412 -0.14962 -0.14880 -0.12425 -0.11774  0.38538  0.70744
  0.81803  0.83250  0.94844  0.99029  1.09393  1.18340  1.26083  1.41318
                               OCCUPATION 
  1.00000  1.00000  1.00000  1.00000  1.00000  1.00000  0.00000  0.00000
  0.00000  0.00000  0.00000  0.00000  0.00000  0.00000  0.00000  0.00000
 NKP=    5  NGP=       294  K=( -0.26642  0.34254  0.34254)  WKP= 0.0035
                              EIGEN VALUE 
 -0.25303 -0.15291 -0.15210 -0.15193 -0.11571 -0.10845  0.24742  0.69723
  0.78667  0.80651  0.89186  0.95525  1.07630  1.30823  1.37183  1.51334
                               OCCUPATION 
  1.00000  1.00000  1.00000  1.00000  1.00000  1.00000  0.00000  0.00000
  0.00000  0.00000  0.00000  0.00000  0.00000  0.00000  0.00000  0.00000
 NKP=    6  NGP=       292  K=( -0.34254  0.41866  0.41866)  WKP= 0.0035
                              EIGEN VALUE 
 -0.23063 -0.15574 -0.15459 -0.12106 -0.10827 -0.09039  0.13429  0.70200
  0.76237  0.77251  0.87625  0.92140  1.07311  1.44782  1.50019  1.60966
                               OCCUPATION 
  1.00000  1.00000  1.00000  1.00000  1.00000  1.00000  0.00000  0.00000
  0.00000  0.00000  0.00000  0.00000  0.00000  0.00000  0.00000  0.00000
 NKP=    7  NGP=       293  K=( -0.41866  0.49478  0.49478)  WKP= 0.0035
                              EIGEN VALUE 
 -0.22686 -0.15673 -0.15521 -0.11406 -0.10514 -0.07004  0.09185  0.72074
  0.74213  0.75215  0.89226  0.90134  1.07183  1.52543  1.57946  1.61918
                               OCCUPATION 
  1.00000  1.00000  1.00000  1.00000  1.00000  1.00000  0.00000  0.00000
  0.00000  0.00000  0.00000  0.00000  0.00000  0.00000  0.00000  0.00000
 NKP=    8  NGP=       293  K=( -0.49478  0.57090  0.57090)  WKP= 0.0035
                              EIGEN VALUE 
 -0.23527 -0.15526 -0.15356 -0.13166 -0.10740 -0.10132  0.16790  0.72609
  0.73881  0.77068  0.89941  0.93010  1.06915  1.38293  1.48504  1.57351
                               OCCUPATION 
  1.00000  1.00000  1.00000  1.00000  1.00000  1.00000  0.00000  0.00000
  0.00000  0.00000  0.00000  0.00000  0.00000  0.00000  0.00000  0.00000
 NKP=    9  NGP=       298  K=( -0.57090  0.64702  0.64702)  WKP= 0.0035
                              EIGEN VALUE 
 -0.26623 -0.15904 -0.15192 -0.15054 -0.11642 -0.11380  0.29132  0.72653
  0.75141  0.81679  0.91697  0.98683  1.06537  1.25491  1.35289  1.46956
                               OCCUPATION 
  1.00000  1.00000  1.00000  1.00000  1.00000  1.00000  0.00000  0.00000
  0.00000  0.00000  0.00000  0.00000  0.00000  0.00000  0.00000  0.00000
 NKP=   10  NGP=       300  K=( -0.64702  0.72314  0.72314)  WKP= 0.0035
                              EIGEN VALUE 
 -0.31196 -0.16439 -0.14885 -0.14832 -0.12569 -0.12090  0.43501  0.74295
  0.76926  0.86551  0.95227  1.05960  1.06428  1.15179  1.23706  1.37824
                               OCCUPATION 
  1.00000  1.00000  1.00000  1.00000  1.00000  1.00000  0.00000  0.00000
  0.00000  0.00000  0.00000  0.00000  0.00000  0.00000  0.00000  0.00000
 NKP=   11  NGP=       305  K=( -0.72314  0.79926  0.79926)  WKP= 0.0035
                              EIGEN VALUE 
 -0.35102 -0.16089 -0.14971 -0.14957 -0.12887 -0.12457  0.59234  0.77449
  0.79170  0.89234  0.98459  1.06803  1.10698  1.10725  1.17957  1.28992
                               OCCUPATION 
  1.00000  1.00000  1.00000  1.00000  1.00000  1.00000  0.00000  0.00000
  0.00000  0.00000  0.00000  0.00000  0.00000  0.00000  0.00000  0.00000
 NKP=   12  NGP=       303  K=( -0.79926  0.87538  0.87538)  WKP= 0.0035
                              EIGEN VALUE 
 -0.37488 -0.15680 -0.15297 -0.15289 -0.12735 -0.12510  0.75224  0.81760
  0.82006  0.87862  0.98754  1.03816  1.05059  1.12328  1.19571  1.26865
                               OCCUPATION 
  1.00000  1.00000  1.00000  1.00000  1.00000  1.00000  0.00000  0.00000
  0.00000  0.00000  0.00000  0.00000  0.00000  0.00000  0.00000  0.00000
 NKP=   13  NGP=       303  K=(  0.03806  0.03806  0.19030)  WKP= 0.0035
                              EIGEN VALUE 
 -0.36281 -0.16011 -0.15022 -0.15017 -0.13024 -0.12375  0.70436  0.76146
  0.77837  0.84809  1.01594  1.05004  1.10759  1.12472  1.23119  1.28560
                               OCCUPATION 
  1.00000  1.00000  1.00000  1.00000  1.00000  1.00000  0.00000  0.00000
  0.00000  0.00000  0.00000  0.00000  0.00000  0.00000  0.00000  0.00000
 NKP=   14  NGP=       301  K=( -0.03806  0.11418  0.26642)  WKP= 0.0069
                              EIGEN VALUE 
 -0.33933 -0.16486 -0.14723 -0.14608 -0.13271 -0.12156  0.60064  0.66735
  0.79254  0.85691  0.93211  1.06647  1.11814  1.23292  1.24704  1.34138
                               OCCUPATION 
  1.00000  1.00000  1.00000  1.00000  1.00000  1.00000  0.00000  0.00000
  0.00000  0.00000  0.00000  0.00000  0.00000  0.00000  0.00000  0.00000
 NKP=   15  NGP=       298  K=( -0.11418  0.19030  0.34254)  WKP= 0.0069
                              EIGEN VALUE 
 -0.30104 -0.16905 -0.14927 -0.14419 -0.12760 -0.11589  0.44456  0.63655
  0.76572  0.82219  0.96345  1.03684  1.11503  1.21802  1.30320  1.44475
                               OCCUPATION 
  1.00000  1.00000  1.00000  1.00000  1.00000  1.00000  0.00000  0.00000
  0.00000  0.00000  0.00000  0.00000  0.00000  0.00000  0.00000  0.00000
 NKP=   16  NGP=       297  K=( -0.19030  0.26642  0.41866)  WKP= 0.0069
                              EIGEN VALUE 
 -0.25663 -0.16677 -0.15447 -0.14628 -0.11583 -0.10458  0.30076  0.62229
  0.72182  0.77331  0.99364  1.03297  1.11144  1.21921  1.40474  1.55171
                               OCCUPATION 
  1.00000  1.00000  1.00000  1.00000  1.00000  1.00000  0.00000  0.00000
  0.00000  0.00000  0.00000  0.00000  0.00000  0.00000  0.00000  0.00000
 NKP=   17  NGP=       297  K=( -0.26642  0.34254  0.49478)  WKP= 0.0069
                              EIGEN VALUE 
 -0.22737 -0.15984 -0.15004 -0.14795 -0.10746 -0.07716  0.17602  0.62453
  0.66678  0.75963  0.95915  1.03258  1.13895  1.28977  1.52848  1.63414
                               OCCUPATION 
  1.00000  1.00000  1.00000  1.00000  1.00000  1.00000  0.00000  0.00000
  0.00000  0.00000  0.00000  0.00000  0.00000  0.00000  0.00000  0.00000
 NKP=   18  NGP=       292  K=( -0.34254  0.41866  0.57090)  WKP= 0.0069
                              EIGEN VALUE 
 -0.21977 -0.16136 -0.15106 -0.13506 -0.10562 -0.03629  0.09567  0.61789
  0.65080  0.76318  0.93471  1.02102  1.15183  1.42080  1.51212  1.61577
                               OCCUPATION 
  1.00000  1.00000  1.00000  1.00000  1.00000 -0.00000  0.00000  0.00000
  0.00000  0.00000  0.00000  0.00000  0.00000  0.00000  0.00000  0.00000
 NKP=   19  NGP=       296  K=( -0.41866  0.49478  0.64702)  WKP= 0.0069
                              EIGEN VALUE 
 -0.22304 -0.15998 -0.15061 -0.14110 -0.10923 -0.06113  0.14144  0.59232
  0.68888  0.78160  0.92382  1.01544  1.16226  1.36247  1.50205  1.57770
                               OCCUPATION 
  1.00000  1.00000  1.00000  1.00000  1.00000  1.00000  0.00000  0.00000
  0.00000  0.00000  0.00000  0.00000  0.00000  0.00000  0.00000  0.00000
 NKP=   20  NGP=       297  K=( -0.49478  0.57090  0.72314)  WKP= 0.0069
                              EIGEN VALUE 
 -0.24382 -0.16123 -0.15591 -0.14784 -0.11775 -0.09412  0.25682  0.58322
  0.74435  0.81309  0.93038  1.00849  1.16805  1.24371  1.38320  1.61733
                               OCCUPATION 
  1.00000  1.00000  1.00000  1.00000  1.00000  1.00000  0.00000  0.00000
  0.00000  0.00000  0.00000  0.00000  0.00000  0.00000  0.00000  0.00000
 NKP=   21  NGP=       299  K=( -0.57090  0.64702  0.79926)  WKP= 0.0069
                              EIGEN VALUE 
 -0.28606 -0.16841 -0.15107 -0.14470 -0.12796 -0.10997  0.39515  0.59123
  0.80940  0.85396  0.96022  0.98327  1.11071  1.21489  1.30253  1.50733
                               OCCUPATION 
  1.00000  1.00000  1.00000  1.00000  1.00000  1.00000  0.00000  0.00000
  0.00000  0.00000  0.00000  0.00000  0.00000  0.00000  0.00000  0.00000
 NKP=   22  NGP=       301  K=( -0.64702  0.72314  0.87538)  WKP= 0.0069
                              EIGEN VALUE 
 -0.32798 -0.16547 -0.14823 -0.14531 -0.13259 -0.11945  0.54739  0.61631
  0.85734  0.90154  0.94411  1.01448  1.04488  1.20453  1.28016  1.39469
                               OCCUPATION 
  1.00000  1.00000  1.00000  1.00000  1.00000  1.00000  0.00000  0.00000
  0.00000  0.00000  0.00000  0.00000  0.00000  0.00000  0.00000  0.00000
 NKP=   23  NGP=       303  K=( -0.72314  0.79926  0.95150)  WKP= 0.0069
                              EIGEN VALUE 
 -0.35688 -0.16055 -0.14989 -0.14977 -0.12994 -0.12393  0.64892  0.71750
  0.83218  0.89588  0.98473  1.02924  1.08303  1.16733  1.20773  1.28219
                               OCCUPATION 
  1.00000  1.00000  1.00000  1.00000  1.00000  1.00000  0.00000  0.00000
  0.00000  0.00000  0.00000  0.00000  0.00000  0.00000  0.00000  0.00000
 NKP=   24  NGP=       301  K=(  0.03806  0.03806  0.34254)  WKP= 0.0035
                              EIGEN VALUE 
 -0.32232 -0.17046 -0.14272 -0.14106 -0.13626 -0.11950  0.61125  0.65222
  0.70707  0.75420  0.84203  1.18966  1.24403  1.25443  1.35239  1.36536
                               OCCUPATION 
  1.00000  1.00000  1.00000  1.00000  1.00000  1.00000  0.00000  0.00000
  0.00000  0.00000  0.00000  0.00000  0.00000  0.00000  0.00000  0.00000
 NKP=   25  NGP=       299  K=( -0.03806  0.11418  0.41866)  WKP= 0.0069
                              EIGEN VALUE 
 -0.29057 -0.17615 -0.14735 -0.13558 -0.12888 -0.11498  0.51490  0.57643
  0.68571  0.73280  0.82997  1.19705  1.23728  1.33909  1.37940  1.48253
                               OCCUPATION 
  1.00000  1.00000  1.00000  1.00000  1.00000  1.00000  0.00000  0.00000
  0.00000  0.00000  0.00000  0.00000  0.00000  0.00000  0.00000  0.00000
 NKP=   26  NGP=       299  K=( -0.11418  0.19030  0.49478)  WKP= 0.0069
                              EIGEN VALUE 
 -0.25064 -0.17909 -0.15454 -0.13595 -0.11405 -0.10195  0.36850  0.55516
  0.60980  0.72591  0.92409  1.13971  1.21997  1.32670  1.47210  1.60999
                               OCCUPATION 
  1.00000  1.00000  1.00000  1.00000  1.00000  1.00000  0.00000  0.00000
  0.00000  0.00000  0.00000  0.00000  0.00000  0.00000  0.00000  0.00000
 NKP=   27  NGP=       298  K=( -0.19030  0.26642  0.57090)  WKP= 0.0069
                              EIGEN VALUE 
 -0.21888 -0.17572 -0.15843 -0.13878 -0.10626 -0.06525  0.23563  0.53923
  0.55766  0.72195  1.03702  1.10182  1.18671  1.32189  1.59162  1.66763
                               OCCUPATION 
  1.00000  1.00000  1.00000  1.00000  1.00000  1.00000  0.00000  0.00000
  0.00000  0.00000  0.00000  0.00000  0.00000  0.00000  0.00000  0.00000
 NKP=   28  NGP=       297  K=( -0.26642  0.34254  0.64702)  WKP= 0.0069
                              EIGEN VALUE 
 -0.20737 -0.17242 -0.15357 -0.14153 -0.10527 -0.00484  0.12745  0.48991
  0.57377  0.73021  1.03679  1.15178  1.20967  1.32792  1.51203  1.63694
                               OCCUPATION 
  1.00000  1.00000  1.00000  1.00000  1.00000  0.00000  0.00000  0.00000
  0.00000  0.00000  0.00000  0.00000  0.00000  0.00000  0.00000  0.00000
 NKP=   29  NGP=       295  K=( -0.34254  0.41866  0.72314)  WKP= 0.0069
                              EIGEN VALUE 
 -0.20628 -0.17012 -0.15374 -0.14260 -0.10995 -0.00278  0.12791  0.45529
  0.61143  0.75371  1.01006  1.12859  1.31325  1.34859  1.39867  1.51153
                               OCCUPATION 
  1.00000  1.00000  1.00000  1.00000  1.00000  0.00000  0.00000  0.00000
  0.00000  0.00000  0.00000  0.00000  0.00000  0.00000  0.00000  0.00000
 NKP=   30  NGP=       296  K=( -0.41866  0.49478  0.79926)  WKP= 0.0069
                              EIGEN VALUE 
 -0.21629 -0.16681 -0.16390 -0.14118 -0.11901 -0.05726  0.23665  0.43865
  0.66645  0.79480  0.99038  1.10058  1.20944  1.33090  1.41377  1.56450
                               OCCUPATION 
  1.00000  1.00000  1.00000  1.00000  1.00000  1.00000  0.00000  0.00000
  0.00000  0.00000  0.00000  0.00000  0.00000  0.00000  0.00000  0.00000
 NKP=   31  NGP=       300  K=( -0.49478  0.57090  0.87538)  WKP= 0.0069
                              EIGEN VALUE 
 -0.24923 -0.17288 -0.15726 -0.13798 -0.13019 -0.08980  0.36859  0.44136
  0.73595  0.85396  0.96518  1.05665  1.11242  1.26628  1.42693  1.57754
                               OCCUPATION 
  1.00000  1.00000  1.00000  1.00000  1.00000  1.00000  0.00000  0.00000
  0.00000  0.00000  0.00000  0.00000  0.00000  0.00000  0.00000  0.00000
 NKP=   32  NGP=       299  K=( -0.57090  0.64702  0.95150)  WKP= 0.0069
                              EIGEN VALUE 
 -0.29046 -0.17011 -0.15103 -0.14030 -0.13371 -0.10870  0.45359  0.52354
  0.81521  0.89582  0.93863  1.00116  1.07087  1.22781  1.35889  1.50823
                               OCCUPATION 
  1.00000  1.00000  1.00000  1.00000  1.00000  1.00000  0.00000  0.00000
  0.00000  0.00000  0.00000  0.00000  0.00000  0.00000  0.00000  0.00000
 NKP=   33  NGP=       303  K=( -0.64702  0.72314  1.02762)  WKP= 0.0069
                              EIGEN VALUE 
 -0.32257 -0.16503 -0.14843 -0.14689 -0.12951 -0.12031  0.48940  0.68265
  0.80859  0.90375  0.93893  1.02783  1.08695  1.17213  1.23193  1.37881
                               OCCUPATION 
  1.00000  1.00000  1.00000  1.00000  1.00000  1.00000  0.00000  0.00000
  0.00000  0.00000  0.00000  0.00000  0.00000  0.00000  0.00000  0.00000
 NKP=   34  NGP=       303  K=(  0.03806  0.03806  0.49478)  WKP= 0.0035
                              EIGEN VALUE 
 -0.26776 -0.18311 -0.14258 -0.12833 -0.12485 -0.11409  0.52879  0.55990
  0.58712  0.65959  0.75456  1.34163  1.34965  1.40378  1.46109  1.50592
                               OCCUPATION 
  1.00000  1.00000  1.00000  1.00000  1.00000  1.00000  0.00000  0.00000
  0.00000  0.00000  0.00000  0.00000  0.00000  0.00000  0.00000  0.00000
 NKP=   35  NGP=       304  K=( -0.03806  0.11418  0.57090)  WKP= 0.0069
                              EIGEN VALUE 
 -0.23924 -0.18811 -0.14369 -0.12273 -0.11367 -0.10200  0.44531  0.49728
  0.50879  0.68206  0.77867  1.29068  1.39018  1.47162  1.52521  1.61831
                               OCCUPATION 
  1.00000  1.00000  1.00000  1.00000  1.00000  1.00000  0.00000  0.00000
  0.00000  0.00000  0.00000  0.00000  0.00000  0.00000  0.00000  0.00000
 NKP=   36  NGP=       301  K=( -0.11418  0.19030  0.64702)  WKP= 0.0069
                              EIGEN VALUE 
 -0.21543 -0.18918 -0.14856 -0.12519 -0.10558 -0.05770  0.31160  0.43092
  0.49462  0.68826  0.88617  1.22915  1.34641  1.48845  1.65876  1.69918
                               OCCUPATION 
  1.00000  1.00000  1.00000  1.00000  1.00000  1.00000  0.00000  0.00000
  0.00000  0.00000  0.00000  0.00000  0.00000  0.00000  0.00000  0.00000
 NKP=   37  NGP=       296  K=( -0.19030  0.26642  0.72314)  WKP= 0.0069
                              EIGEN VALUE 
 -0.20161 -0.18640 -0.15298 -0.12881 -0.10436  0.01325  0.19087  0.37432
  0.50808  0.69617  1.02247  1.17986  1.30204  1.49487  1.53320  1.66392
                               OCCUPATION 
  1.00000  1.00000  1.00000  1.00000  1.00000  0.00000  0.00000  0.00000
  0.00000  0.00000  0.00000  0.00000  0.00000  0.00000  0.00000  0.00000
 NKP=   38  NGP=       293  K=( -0.26642  0.34254  0.79926)  WKP= 0.0069
                              EIGEN VALUE 
 -0.19383 -0.18267 -0.15835 -0.13189 -0.10895  0.06867  0.12567  0.33454
  0.54251  0.71541  1.12490  1.19013  1.26163  1.36559  1.48957  1.55945
                               OCCUPATION 
  1.00000  1.00000  1.00000  1.00000  1.00000  0.00000  0.00000  0.00000
  0.00000  0.00000  0.00000  0.00000  0.00000  0.00000  0.00000  0.00000
 NKP=   39  NGP=       291  K=( -0.34254  0.41866  0.87538)  WKP= 0.0069
                              EIGEN VALUE 
 -0.19412 -0.17561 -0.16799 -0.13370 -0.11708 -0.00176  0.22401  0.31591
  0.59496  0.74890  1.09294  1.20613  1.23038  1.34340  1.41079  1.57611
                               OCCUPATION 
  1.00000  1.00000  1.00000  1.00000  1.00000  0.00000  0.00000  0.00000
  0.00000  0.00000  0.00000  0.00000  0.00000  0.00000  0.00000  0.00000
 NKP=   40  NGP=       297  K=( -0.41866  0.49478  0.95150)  WKP= 0.0069
                              EIGEN VALUE 
 -0.21390 -0.17243 -0.16566 -0.13666 -0.12371 -0.05673  0.29233  0.37156
  0.66187  0.79646  1.02372  1.12684  1.16613  1.31607  1.49669  1.56066
                               OCCUPATION 
  1.00000  1.00000  1.00000  1.00000  1.00000  1.00000  0.00000  0.00000
  0.00000  0.00000  0.00000  0.00000  0.00000  0.00000  0.00000  0.00000
 NKP=   41  NGP=       299  K=( -0.49478  0.57090  1.02762)  WKP= 0.0069
                              EIGEN VALUE 
 -0.24725 -0.16919 -0.15672 -0.14322 -0.12409 -0.09124  0.31070  0.50940
  0.73900  0.83972  0.94773  1.03519  1.15325  1.26763  1.35911  1.65992
                               OCCUPATION 
  1.00000  1.00000  1.00000  1.00000  1.00000  1.00000  0.00000  0.00000
  0.00000  0.00000  0.00000  0.00000  0.00000  0.00000  0.00000  0.00000
 NKP=   42  NGP=       299  K=( -0.57090  0.64702  1.10374)  WKP= 0.0069
                              EIGEN VALUE 
 -0.27769 -0.16478 -0.15130 -0.14824 -0.12181 -0.11219  0.34064  0.66324
  0.78298  0.83055  0.93590  1.00102  1.11024  1.19572  1.32311  1.47507
                               OCCUPATION 
  1.00000  1.00000  1.00000  1.00000  1.00000  1.00000  0.00000  0.00000
  0.00000  0.00000  0.00000  0.00000  0.00000  0.00000  0.00000  0.00000
 NKP=   43  NGP=       307  K=(  0.03806  0.03806  0.64702)  WKP= 0.0035
                              EIGEN VALUE 
 -0.22811 -0.19464 -0.12115 -0.11514 -0.10855 -0.09772  0.41159  0.46485
  0.48971  0.62656  0.71837  1.44062  1.46470  1.55800  1.60111  1.62334
                               OCCUPATION 
  1.00000  1.00000  1.00000  1.00000  1.00000  1.00000  0.00000  0.00000
  0.00000  0.00000  0.00000  0.00000  0.00000  0.00000  0.00000  0.00000
 NKP=   44  NGP=       303  K=( -0.03806  0.11418  0.72314)  WKP= 0.0069
                              EIGEN VALUE 
 -0.21865 -0.19751 -0.12361 -0.11154 -0.10544 -0.04927  0.33685  0.39690
  0.45011  0.65380  0.75114  1.38440  1.51232  1.62660  1.68026  1.72292
                               OCCUPATION 
  1.00000  1.00000  1.00000  1.00000  1.00000  1.00364  0.00000  0.00000
  0.00000  0.00000  0.00000  0.00000  0.00000  0.00000  0.00000  0.00000
 NKP=   45  NGP=       295  K=( -0.11418  0.19030  0.79926)  WKP= 0.0069
                              EIGEN VALUE 
 -0.20949 -0.19591 -0.13352 -0.11625 -0.10286  0.02319  0.27386  0.28340
  0.45723  0.66983  0.86566  1.32283  1.45457  1.55939  1.67956  1.72046
                               OCCUPATION 
  1.00000  1.00000  1.00000  1.00000  1.00000  0.00000  0.00000  0.00000
  0.00000  0.00000  0.00000  0.00000  0.00000  0.00000  0.00000  0.00000
 NKP=   46  NGP=       292  K=( -0.19030  0.26642  0.87538)  WKP= 0.0069
                              EIGEN VALUE 
 -0.19949 -0.19095 -0.14671 -0.12152 -0.10612  0.10617  0.16728  0.24810
  0.48705  0.68615  1.01287  1.26197  1.39044  1.40948  1.55142  1.74288
                               OCCUPATION 
  1.00000  1.00000  1.00000  1.00000  1.00000  0.00000  0.00000  0.00000
  0.00000  0.00000  0.00000  0.00000  0.00000  0.00000  0.00000  0.00000
 NKP=   47  NGP=       288  K=( -0.26642  0.34254  0.95150)  WKP= 0.0069
                              EIGEN VALUE 
 -0.19060 -0.18490 -0.15981 -0.12852 -0.11107  0.07399  0.16292  0.27512
  0.53620  0.71260  1.16385  1.18468  1.29508  1.31934  1.46564  1.65743
                               OCCUPATION 
  1.00000  1.00000  1.00000  1.00000  1.00000  0.00000  0.00000  0.00000
  0.00000  0.00000  0.00000  0.00000  0.00000  0.00000  0.00000  0.00000
 NKP=   48  NGP=       296  K=( -0.34254  0.41866  1.02762)  WKP= 0.0069
                              EIGEN VALUE 
 -0.19932 -0.17376 -0.16202 -0.13761 -0.11376 -0.00123  0.17333  0.38012
  0.60046  0.75053  1.05439  1.17440  1.27543  1.36650  1.40783  1.49241
                               OCCUPATION 
  1.00000  1.00000  1.00000  1.00000  1.00000  0.00000  0.00000  0.00000
  0.00000  0.00000  0.00000  0.00000  0.00000  0.00000  0.00000  0.00000
 NKP=   49  NGP=       297  K=( -0.41866  0.49478  1.10374)  WKP= 0.0069
                              EIGEN VALUE 
 -0.21973 -0.16253 -0.15526 -0.14610 -0.11374 -0.05857  0.18488  0.51354
  0.67551  0.79045  0.95338  1.06125  1.23622  1.30008  1.43746  1.57020
                               OCCUPATION 
  1.00000  1.00000  1.00000  1.00000  1.00000  1.00000  0.00000  0.00000
  0.00000  0.00000  0.00000  0.00000  0.00000  0.00000  0.00000  0.00000
 NKP=   50  NGP=       296  K=( -0.49478  0.57090  1.17986)  WKP= 0.0069
                              EIGEN VALUE 
 -0.23968 -0.15539 -0.15150 -0.14809 -0.11177 -0.09829  0.20898  0.65937
  0.74866  0.78256  0.91603  0.97618  1.10313  1.30543  1.43997  1.58205
                               OCCUPATION 
  1.00000  1.00000  1.00000  1.00000  1.00000  1.00000  0.00000  0.00000
  0.00000  0.00000  0.00000  0.00000  0.00000  0.00000  0.00000  0.00000
 NKP=   51  NGP=       298  K=(  0.03806  0.03806  0.79926)  WKP= 0.0035
                              EIGEN VALUE 
 -0.22020 -0.20209 -0.10770 -0.10564 -0.10244 -0.02273  0.26427  0.42509
  0.44759  0.60965  0.70232  1.52529  1.58211  1.65829  1.70717  1.80048
                               OCCUPATION 
  1.00000  1.00000  1.00000  1.00000  1.00000  0.00000  0.00000  0.00000
  0.00000  0.00000  0.00000  0.00000  0.00000  0.00000  0.00000  0.00000
 NKP=   52  NGP=       300  K=( -0.03806  0.11418  0.87538)  WKP= 0.0069
                              EIGEN VALUE 
 -0.21724 -0.20199 -0.11221 -0.10847 -0.10058  0.02470  0.22127  0.37415
  0.42594  0.64232  0.74062  1.46789  1.60396  1.62347  1.72285  1.77238
                               OCCUPATION 
  1.00000  1.00000  1.00000  1.00000  1.00000  0.00000  0.00000  0.00000
  0.00000  0.00000  0.00000  0.00000  0.00000  0.00000  0.00000  0.00000
 NKP=   53  NGP=       293  K=( -0.11418  0.19030  0.95150)  WKP= 0.0069
                              EIGEN VALUE 
 -0.20969 -0.19729 -0.12960 -0.11422 -0.10255  0.05999  0.22908  0.27096
  0.44951  0.66632  0.86168  1.36068  1.49467  1.51233  1.64705  1.82869
                               OCCUPATION 
  1.00000  1.00000  1.00000  1.00000  1.00000  0.00000  0.00000  0.00000
  0.00000  0.00000  0.00000  0.00000  0.00000  0.00000  0.00000  0.00000
 NKP=   54  NGP=       293  K=( -0.19030  0.26642  1.02762)  WKP= 0.0069
                              EIGEN VALUE 
 -0.19967 -0.18960 -0.14910 -0.12435 -0.10514  0.06207  0.17669  0.30173
  0.49411  0.68942  1.01616  1.22478  1.35229  1.45723  1.58240  1.63760
                               OCCUPATION 
  1.00000  1.00000  1.00000  1.00000  1.00000  0.00000  0.00000  0.00000
  0.00000  0.00000  0.00000  0.00000  0.00000  0.00000  0.00000  0.00000
 NKP=   55  NGP=       296  K=( -0.26642  0.34254  1.10374)  WKP= 0.0069
                              EIGEN VALUE 
 -0.19967 -0.17831 -0.15609 -0.13667 -0.10663  0.03835  0.11518  0.40892
  0.55506  0.72118  1.08010  1.18545  1.22610  1.40160  1.44884  1.58189
                               OCCUPATION 
  1.00000  1.00000  1.00000  1.00000  1.00000  0.00000  0.00000  0.00000
  0.00000  0.00000  0.00000  0.00000  0.00000  0.00000  0.00000  0.00000
 NKP=   56  NGP=       293  K=( -0.34254  0.41866  1.17986)  WKP= 0.0069
                              EIGEN VALUE 
 -0.21330 -0.16565 -0.14731 -0.14456 -0.10703 -0.01302  0.10001  0.53563
  0.62788  0.75818  0.96936  1.07842  1.22791  1.39449  1.43912  1.56983
                               OCCUPATION 
  1.00000  1.00000  1.00000  1.00000  1.00000  0.00000  0.00000  0.00000
  0.00000  0.00000  0.00000  0.00000  0.00000  0.00000  0.00000  0.00000
 NKP=   57  NGP=       294  K=( -0.41866  0.49478  1.25598)  WKP= 0.0069
                              EIGEN VALUE 
 -0.22553 -0.15793 -0.15358 -0.12607 -0.10614 -0.06538  0.10928  0.67126
  0.70671  0.76709  0.90506  0.95825  1.10077  1.44261  1.56803  1.58917
                               OCCUPATION 
  1.00000  1.00000  1.00000  1.00000  1.00000  1.00000  0.00000  0.00000
  0.00000  0.00000  0.00000  0.00000  0.00000  0.00000  0.00000  0.00000
 NKP=   58  NGP=       302  K=(  0.03806  0.03806  0.95150)  WKP= 0.0035
                              EIGEN VALUE 
 -0.22002 -0.20367 -0.10664 -0.10285 -0.10045  0.01019  0.21862  0.41677
  0.43882  0.60637  0.69942  1.55290  1.62907  1.70424  1.73099  1.75737
                               OCCUPATION 
  1.00000  1.00000  1.00000  1.00000  1.00000  0.00000  0.00000  0.00000
  0.00000  0.00000  0.00000  0.00000  0.00000  0.00000  0.00000  0.00000
 NKP=   59  NGP=       301  K=( -0.03806  0.11418  1.02762)  WKP= 0.0069
                              EIGEN VALUE 
 -0.21729 -0.20047 -0.11635 -0.10894 -0.10247 -0.00865  0.26800  0.38184
  0.43411  0.64611  0.74403  1.43129  1.56526  1.65913  1.68835  1.79580
                               OCCUPATION 
  1.00000  1.00000  1.00000  1.00000  1.00000  0.00000  0.00000  0.00000
  0.00000  0.00000  0.00000  0.00000  0.00000  0.00000  0.00000  0.00000
 NKP=   60  NGP=       300  K=( -0.11418  0.19030  1.10374)  WKP= 0.0069
                              EIGEN VALUE 
 -0.21038 -0.19316 -0.14050 -0.12012 -0.10375 -0.02025  0.29120  0.35084
  0.47239  0.67702  0.87376  1.27584  1.40243  1.58946  1.62677  1.74280
                               OCCUPATION 
  1.00000  1.00000  1.00000  1.00000  1.00000  0.00000  0.00000  0.00000
  0.00000  0.00000  0.00000  0.00000  0.00000  0.00000  0.00000  0.00000
 NKP=   61  NGP=       296  K=( -0.19030  0.26642  1.17986)  WKP= 0.0069
                              EIGEN VALUE 
 -0.20742 -0.18148 -0.15667 -0.13385 -0.10459 -0.03028  0.21058  0.45514
  0.52872  0.70679  1.03073  1.13741  1.24710  1.40349  1.60091  1.68140
                               OCCUPATION 
  1.00000  1.00000  1.00000  1.00000  1.00000  0.00000  0.00000  0.00000
  0.00000  0.00000  0.00000  0.00000  0.00000  0.00000  0.00000  0.00000
 NKP=   62  NGP=       298  K=( -0.26642  0.34254  1.25598)  WKP= 0.0069
                              EIGEN VALUE 
 -0.21661 -0.16587 -0.15115 -0.14572 -0.10542 -0.04488  0.14864  0.57378
  0.59988  0.74287  0.99687  1.09788  1.18184  1.28718  1.58794  1.61712
                               OCCUPATION 
  1.00000  1.00000  1.00000  1.00000  1.00000  0.52396  0.00000  0.00000
  0.00000  0.00000  0.00000  0.00000  0.00000  0.00000  0.00000  0.00000
 NKP=   63  NGP=       298  K=(  0.03806  0.03806  1.10374)  WKP= 0.0035
                              EIGEN VALUE 
 -0.22185 -0.19901 -0.11133 -0.11031 -0.10557 -0.06407  0.33252  0.44132
  0.46476  0.61631  0.70842  1.48490  1.52405  1.60728  1.66685  1.71931
                               OCCUPATION 
  1.00000  1.00000  1.00000  1.00000  1.00000  1.00000  0.00000  0.00000
  0.00000  0.00000  0.00000  0.00000  0.00000  0.00000  0.00000  0.00000
 NKP=   64  NGP=       304  K=( -0.03806  0.11418  1.17986)  WKP= 0.0069
                              EIGEN VALUE 
 -0.22449 -0.19331 -0.13384 -0.11648 -0.10884 -0.08233  0.41342  0.42134
  0.47345  0.66565  0.76245  1.33684  1.45431  1.55905  1.59049  1.69831
                               OCCUPATION 
  1.00000  1.00000  1.00000  1.00000  1.00000  1.00000  0.00000  0.00000
  0.00000  0.00000  0.00000  0.00000  0.00000  0.00000  0.00000  0.00000
 NKP=   65  NGP=       299  K=( -0.11418  0.19030  1.25598)  WKP= 0.0069
                              EIGEN VALUE 
 -0.22878 -0.18433 -0.15398 -0.13069 -0.10873 -0.08504  0.33751  0.51379
  0.52662  0.70417  0.90301  1.18433  1.28578  1.39896  1.56550  1.70053
                               OCCUPATION 
  1.00000  1.00000  1.00000  1.00000  1.00000  1.00000  0.00000  0.00000
  0.00000  0.00000  0.00000  0.00000  0.00000  0.00000  0.00000  0.00000
 NKP=   66  NGP=       298  K=( -0.19030  0.26642  1.33210)  WKP= 0.0069
                              EIGEN VALUE 
 -0.23602 -0.17044 -0.15751 -0.14305 -0.10981 -0.09011  0.26575  0.58513
  0.63383  0.74276  1.02869  1.07529  1.12856  1.26090  1.49551  1.63332
                               OCCUPATION 
  1.00000  1.00000  1.00000  1.00000  1.00000  1.00000  0.00000  0.00000
  0.00000  0.00000  0.00000  0.00000  0.00000  0.00000  0.00000  0.00000
 NKP=   67  NGP=       305  K=(  0.03806  0.03806  1.25598)  WKP= 0.0035
                              EIGEN VALUE 
 -0.24337 -0.18922 -0.13495 -0.12149 -0.11520 -0.11130  0.49128  0.50052
  0.52169  0.64077  0.73317  1.39547  1.40495  1.49821  1.51066  1.56626
                               OCCUPATION 
  1.00000  1.00000  1.00000  1.00000  1.00000  1.00000  0.00000  0.00000
  0.00000  0.00000  0.00000  0.00000  0.00000  0.00000  0.00000  0.00000
 NKP=   68  NGP=       301  K=( -0.03806  0.11418  1.33210)  WKP= 0.0069
                              EIGEN VALUE 
 -0.26310 -0.18226 -0.14792 -0.12930 -0.12143 -0.11051  0.47791  0.53656
  0.59499  0.70370  0.80071  1.24540  1.31561  1.39814  1.45452  1.54848
                               OCCUPATION 
  1.00000  1.00000  1.00000  1.00000  1.00000  1.00000  0.00000  0.00000
  0.00000  0.00000  0.00000  0.00000  0.00000  0.00000  0.00000  0.00000
 NKP=   69  NGP=       298  K=( -0.11418  0.19030  1.40822)  WKP= 0.0069
                              EIGEN VALUE 
 -0.27622 -0.17387 -0.15203 -0.14053 -0.12166 -0.11054  0.40424  0.59392
  0.69983  0.75767  0.94779  1.08937  1.15891  1.26875  1.38383  1.52292
                               OCCUPATION 
  1.00000  1.00000  1.00000  1.00000  1.00000  1.00000  0.00000  0.00000
  0.00000  0.00000  0.00000  0.00000  0.00000  0.00000  0.00000  0.00000
 NKP=   70  NGP=       303  K=(  0.03806  0.03806  1.40822)  WKP= 0.0035
                              EIGEN VALUE 
 -0.29571 -0.17671 -0.14329 -0.13501 -0.13224 -0.11686  0.56830  0.60363
  0.66942  0.68886  0.78682  1.26893  1.30077  1.32398  1.40527  1.43818
                               OCCUPATION 
  1.00000  1.00000  1.00000  1.00000  1.00000  1.00000  0.00000  0.00000
  0.00000  0.00000  0.00000  0.00000  0.00000  0.00000  0.00000  0.00000
 NKP=   71  NGP=       299  K=( -0.03806  0.11418  1.48434)  WKP= 0.0069
                              EIGEN VALUE 
 -0.31682 -0.17021 -0.14596 -0.14123 -0.13321 -0.11854  0.55590  0.62016
  0.75214  0.78882  0.87034  1.13483  1.17218  1.28680  1.30729  1.40930
                               OCCUPATION 
  1.00000  1.00000  1.00000  1.00000  1.00000  1.00000  0.00000  0.00000
  0.00000  0.00000  0.00000  0.00000  0.00000  0.00000  0.00000  0.00000
 NKP=   72  NGP=       299  K=(  0.03806  0.03806  1.56046)  WKP= 0.0035
                              EIGEN VALUE 
 -0.34509 -0.16478 -0.14634 -0.14619 -0.13388 -0.12185  0.65688  0.70506
  0.74072  0.80614  0.92692  1.11286  1.17801  1.18734  1.29502  1.31262
                               OCCUPATION 
  1.00000  1.00000  1.00000  1.00000  1.00000  1.00000  0.00000  0.00000
  0.00000  0.00000  0.00000  0.00000  0.00000  0.00000  0.00000  0.00000
 NKP=   73  NGP=       304  K=(  0.11418  0.11418  0.11418)  WKP= 0.0012
                              EIGEN VALUE 
 -0.36285 -0.15854 -0.15135 -0.15135 -0.12662 -0.12662  0.64526  0.82571
  0.83361  0.83361  1.04657  1.04657  1.04917  1.15370  1.15370  1.23675
                               OCCUPATION 
  1.00000  1.00000  1.00000  1.00000  1.00000  1.00000  0.00000  0.00000
  0.00000  0.00000  0.00000  0.00000  0.00000  0.00000  0.00000  0.00000
 NKP=   74  NGP=       303  K=(  0.03806  0.19030  0.19030)  WKP= 0.0035
                              EIGEN VALUE 
 -0.34515 -0.16222 -0.14899 -0.14840 -0.13082 -0.12266  0.59617  0.66543
  0.87922  0.91894  0.97367  1.00312  1.03324  1.17964  1.22772  1.33433
                               OCCUPATION 
  1.00000  1.00000  1.00000  1.00000  1.00000  1.00000  0.00000  0.00000
  0.00000  0.00000  0.00000  0.00000  0.00000  0.00000  0.00000  0.00000
 NKP=   75  NGP=       299  K=( -0.03806  0.26642  0.26642)  WKP= 0.0035
                              EIGEN VALUE 
 -0.31144 -0.16717 -0.14915 -0.14336 -0.13383 -0.11494  0.49830  0.56787
  0.89205  0.92535  0.93582  0.96143  1.03424  1.19572  1.32065  1.45685
                               OCCUPATION 
  1.00000  1.00000  1.00000  1.00000  1.00000  1.00000  0.00000  0.00000
  0.00000  0.00000  0.00000  0.00000  0.00000  0.00000  0.00000  0.00000
 NKP=   76  NGP=       298  K=( -0.11418  0.34254  0.34254)  WKP= 0.0035
                              EIGEN VALUE 
 -0.26757 -0.16833 -0.15309 -0.14473 -0.12743 -0.10190  0.35052  0.54822
  0.82628  0.83257  0.95025  0.97583  1.14888  1.21669  1.32197  1.58285
                               OCCUPATION 
  1.00000  1.00000  1.00000  1.00000  1.00000  1.00000  0.00000  0.00000
  0.00000  0.00000  0.00000  0.00000  0.00000  0.00000  0.00000  0.00000
 NKP=   77  NGP=       295  K=( -0.19030  0.41866  0.41866)  WKP= 0.0035
                              EIGEN VALUE 
 -0.23113 -0.15821 -0.15656 -0.14818 -0.11712 -0.07990  0.21819  0.54621
  0.75582  0.77450  0.95140  0.99881  1.21117  1.28134  1.38376  1.64035
                               OCCUPATION 
  1.00000  1.00000  1.00000  1.00000  1.00000  1.00000  0.00000  0.00000
  0.00000  0.00000  0.00000  0.00000  0.00000  0.00000  0.00000  0.00000
 NKP=   78  NGP=       292  K=( -0.26642  0.49478  0.49478)  WKP= 0.0035
                              EIGEN VALUE 
 -0.21843 -0.16197 -0.14988 -0.14008 -0.10867 -0.03866  0.11503  0.56179
  0.69723  0.73954  0.96759  1.01048  1.19156  1.42818  1.47416  1.51526
                               OCCUPATION 
  1.00000  1.00000  1.00000  1.00000  1.00000 -0.00006  0.00000  0.00000
  0.00000  0.00000  0.00000  0.00000  0.00000  0.00000  0.00000  0.00000
 NKP=   79  NGP=       294  K=( -0.34254  0.57090  0.57090)  WKP= 0.0035
                              EIGEN VALUE 
 -0.21866 -0.16288 -0.14928 -0.14176 -0.10478 -0.04009  0.11476  0.59495
  0.65862  0.72126  0.99940  1.02111  1.16810  1.34048  1.58125  1.62572
                               OCCUPATION 
  1.00000  1.00000  1.00000  1.00000  1.00000 -0.00203  0.00000  0.00000
  0.00000  0.00000  0.00000  0.00000  0.00000  0.00000  0.00000  0.00000
 NKP=   80  NGP=       296  K=( -0.41866  0.64702  0.64702)  WKP= 0.0035
                              EIGEN VALUE 
 -0.23171 -0.16327 -0.15561 -0.14684 -0.10639 -0.08683  0.21765  0.64084
  0.64326  0.71952  1.03707  1.04707  1.11345  1.24615  1.53922  1.61553
                               OCCUPATION 
  1.00000  1.00000  1.00000  1.00000  1.00000  1.00000  0.00000  0.00000
  0.00000  0.00000  0.00000  0.00000  0.00000  0.00000  0.00000  0.00000
 NKP=   81  NGP=       298  K=( -0.49478  0.72314  0.72314)  WKP= 0.0035
                              EIGEN VALUE 
 -0.26792 -0.17112 -0.15312 -0.14398 -0.11439 -0.11213  0.34999  0.64351
  0.69323  0.74351  1.00988  1.06277  1.10990  1.22113  1.41401  1.51000
                               OCCUPATION 
  1.00000  1.00000  1.00000  1.00000  1.00000  1.00000  0.00000  0.00000
  0.00000  0.00000  0.00000  0.00000  0.00000  0.00000  0.00000  0.00000
 NKP=   82  NGP=       297  K=( -0.57090  0.79926  0.79926)  WKP= 0.0035
                              EIGEN VALUE 
 -0.31148 -0.16976 -0.14723 -0.14317 -0.12960 -0.11840  0.49854  0.66538
  0.72187  0.80669  0.91306  1.09045  1.18065  1.21660  1.31123  1.41027
                               OCCUPATION 
  1.00000  1.00000  1.00000  1.00000  1.00000  1.00000  0.00000  0.00000
  0.00000  0.00000  0.00000  0.00000  0.00000  0.00000  0.00000  0.00000
 NKP=   83  NGP=       301  K=(  0.11418  0.11418  0.26642)  WKP= 0.0035
                              EIGEN VALUE 
 -0.33368 -0.16479 -0.14757 -0.14684 -0.13080 -0.12175  0.54336  0.71802
  0.75598  0.89849  0.93130  1.04366  1.14968  1.15926  1.23473  1.34652
                               OCCUPATION 
  1.00000  1.00000  1.00000  1.00000  1.00000  1.00000  0.00000  0.00000
  0.00000  0.00000  0.00000  0.00000  0.00000  0.00000  0.00000  0.00000
 NKP=   84  NGP=       300  K=(  0.03806  0.19030  0.34254)  WKP= 0.0069
                              EIGEN VALUE 
 -0.30604 -0.16996 -0.14886 -0.14099 -0.13246 -0.11499  0.50274  0.57103
  0.79484  0.83505  0.91990  1.05645  1.10781  1.25656  1.32889  1.46296
                               OCCUPATION 
  1.00000  1.00000  1.00000  1.00000  1.00000  1.00000  0.00000  0.00000
  0.00000  0.00000  0.00000  0.00000  0.00000  0.00000  0.00000  0.00000
 NKP=   85  NGP=       300  K=( -0.03806  0.26642  0.41866)  WKP= 0.0069
                              EIGEN VALUE 
 -0.26642 -0.17395 -0.15467 -0.13646 -0.13009 -0.10066  0.41333  0.48373
  0.71706  0.86931  0.93181  1.03052  1.14222  1.29118  1.39985  1.54947
                               OCCUPATION 
  1.00000  1.00000  1.00000  1.00000  1.00000  1.00000  0.00000  0.00000
  0.00000  0.00000  0.00000  0.00000  0.00000  0.00000  0.00000  0.00000
 NKP=   86  NGP=       297  K=( -0.11418  0.34254  0.49478)  WKP= 0.0069
                              EIGEN VALUE 
 -0.22762 -0.17129 -0.16133 -0.13978 -0.11869 -0.07547  0.27569  0.47532
  0.64455  0.84153  0.94810  1.09024  1.16947  1.33182  1.41820  1.65440
                               OCCUPATION 
  1.00000  1.00000  1.00000  1.00000  1.00000  1.00000  0.00000  0.00000
  0.00000  0.00000  0.00000  0.00000  0.00000  0.00000  0.00000  0.00000
 NKP=   87  NGP=       295  K=( -0.19030  0.41866  0.57090)  WKP= 0.0069
                              EIGEN VALUE 
 -0.20988 -0.16857 -0.15633 -0.14252 -0.11007 -0.02796  0.15697  0.48585
  0.58661  0.81170  0.94802  1.14987  1.23952  1.32433  1.47748  1.53483
                               OCCUPATION 
  1.00000  1.00000  1.00000  1.00000  1.00000  0.00000  0.00000  0.00000
  0.00000  0.00000  0.00000  0.00000  0.00000  0.00000  0.00000  0.00000
 NKP=   88  NGP=       295  K=( -0.26642  0.49478  0.64702)  WKP= 0.0069
                              EIGEN VALUE 
 -0.20753 -0.17039 -0.15122 -0.14326 -0.10656  0.00603  0.10468  0.51376
  0.54618  0.79235  0.95957  1.16573  1.26283  1.32948  1.42464  1.64252
                               OCCUPATION 
  1.00000  1.00000  1.00000  1.00000  1.00000  0.00000  0.00000  0.00000
  0.00000  0.00000  0.00000  0.00000  0.00000  0.00000  0.00000  0.00000
 NKP=   89  NGP=       297  K=( -0.34254  0.57090  0.72314)  WKP= 0.0069
                              EIGEN VALUE 
 -0.21400 -0.17030 -0.15917 -0.14097 -0.10841 -0.04874  0.19318  0.51955
  0.56348  0.78596  0.98253  1.14366  1.18153  1.31289  1.55420  1.58369
                               OCCUPATION 
  1.00000  1.00000  1.00000  1.00000  1.00000  1.00925  0.00000  0.00000
  0.00000  0.00000  0.00000  0.00000  0.00000  0.00000  0.00000  0.00000
 NKP=   90  NGP=       300  K=( -0.41866  0.64702  0.79926)  WKP= 0.0069
                              EIGEN VALUE 
 -0.23970 -0.17574 -0.15830 -0.13788 -0.11665 -0.08985  0.31967  0.51554
  0.62531  0.79077  0.97874  1.06123  1.19039  1.32602  1.44193  1.67323
                               OCCUPATION 
  1.00000  1.00000  1.00000  1.00000  1.00000  1.00000  0.00000  0.00000
  0.00000  0.00000  0.00000  0.00000  0.00000  0.00000  0.00000  0.00000
 NKP=   91  NGP=       300  K=( -0.49478  0.72314  0.87538)  WKP= 0.0069
                              EIGEN VALUE 
 -0.28059 -0.17516 -0.15147 -0.13587 -0.12858 -0.10932  0.46231  0.52989
  0.70107  0.79849  0.89012  1.10017  1.18589  1.32324  1.37924  1.52006
                               OCCUPATION 
  1.00000  1.00000  1.00000  1.00000  1.00000  1.00000  0.00000  0.00000
  0.00000  0.00000  0.00000  0.00000  0.00000  0.00000  0.00000  0.00000
 NKP=   92  NGP=       298  K=(  0.11418  0.11418  0.41866)  WKP= 0.0035
                              EIGEN VALUE 
 -0.28567 -0.17539 -0.14925 -0.13864 -0.12351 -0.11482  0.45796  0.61720
  0.67765  0.72618  0.88325  1.16083  1.21190  1.27756  1.39647  1.48428
                               OCCUPATION 
  1.00000  1.00000  1.00000  1.00000  1.00000  1.00000  0.00000  0.00000
  0.00000  0.00000  0.00000  0.00000  0.00000  0.00000  0.00000  0.00000
 NKP=   93  NGP=       301  K=(  0.03806  0.19030  0.49478)  WKP= 0.0069
                              EIGEN VALUE 
 -0.25417 -0.18061 -0.15383 -0.13006 -0.12225 -0.10128  0.42625  0.49313
  0.60602  0.76982  0.86411  1.14092  1.27288  1.39208  1.44021  1.56943
                               OCCUPATION 
  1.00000  1.00000  1.00000  1.00000  1.00000  1.00000  0.00000  0.00000
  0.00000  0.00000  0.00000  0.00000  0.00000  0.00000  0.00000  0.00000
 NKP=   94  NGP=       298  K=( -0.03806  0.26642  0.57090)  WKP= 0.0069
                              EIGEN VALUE 
 -0.22105 -0.18262 -0.16070 -0.12603 -0.11779 -0.07118  0.34661  0.41860
  0.52871  0.82059  0.90781  1.08862  1.32456  1.44771  1.50671  1.63291
                               OCCUPATION 
  1.00000  1.00000  1.00000  1.00000  1.00000  1.00000  0.00000  0.00000
  0.00000  0.00000  0.00000  0.00000  0.00000  0.00000  0.00000  0.00000
 NKP=   95  NGP=       296  K=( -0.11418  0.34254  0.64702)  WKP= 0.0069
                              EIGEN VALUE 
 -0.20080 -0.18023 -0.16427 -0.13051 -0.10920 -0.01668  0.22050  0.42236
  0.46596  0.82477  0.98580  1.09175  1.33171  1.44736  1.49177  1.60231
                               OCCUPATION 
  1.00000  1.00000  1.00000  1.00000  1.00000  0.00000  0.00000  0.00000
  0.00000  0.00000  0.00000  0.00000  0.00000  0.00000  0.00000  0.00000
 NKP=   96  NGP=       293  K=( -0.19030  0.41866  0.72314)  WKP= 0.0069
                              EIGEN VALUE 
 -0.19380 -0.18096 -0.16125 -0.13394 -0.10689  0.05389  0.12181  0.41748
  0.44799  0.83429  0.98136  1.21039  1.31666  1.32600  1.45628  1.68457
                               OCCUPATION 
  1.00000  1.00000  1.00000  1.00000  1.00000  0.00000  0.00000  0.00000
  0.00000  0.00000  0.00000  0.00000  0.00000  0.00000  0.00000  0.00000
 NKP=   97  NGP=       294  K=( -0.26642  0.49478  0.79926)  WKP= 0.0069
                              EIGEN VALUE 
 -0.19526 -0.17826 -0.16582 -0.13311 -0.11024  0.00886  0.18234  0.38844
  0.48965  0.85512  0.96457  1.16139  1.30818  1.38598  1.46440  1.57401
                               OCCUPATION 
  1.00000  1.00000  1.00000  1.00000  1.00000  0.00000  0.00000  0.00000
  0.00000  0.00000  0.00000  0.00000  0.00000  0.00000  0.00000  0.00000
 NKP=   98  NGP=       298  K=( -0.34254  0.57090  0.87538)  WKP= 0.0069
                              EIGEN VALUE 
 -0.20983 -0.17837 -0.16685 -0.12954 -0.11868 -0.05230  0.30191  0.37919
  0.54796  0.88443  0.93218  1.06380  1.28653  1.42586  1.51590  1.57290
                               OCCUPATION 
  1.00000  1.00000  1.00000  1.00000  1.00000  1.00000  0.00000  0.00000
  0.00000  0.00000  0.00000  0.00000  0.00000  0.00000  0.00000  0.00000
 NKP=   99  NGP=       301  K=( -0.41866  0.64702  0.95150)  WKP= 0.0069
                              EIGEN VALUE 
 -0.24186 -0.17826 -0.15874 -0.13156 -0.12416 -0.08925  0.37760  0.44868
  0.62092  0.84320  0.92042  1.05702  1.22999  1.36890  1.44734  1.58981
                               OCCUPATION 
  1.00000  1.00000  1.00000  1.00000  1.00000  1.00000  0.00000  0.00000
  0.00000  0.00000  0.00000  0.00000  0.00000  0.00000  0.00000  0.00000
 NKP=  100  NGP=       302  K=(  0.11418  0.11418  0.57090)  WKP= 0.0035
                              EIGEN VALUE 
 -0.23556 -0.18688 -0.14779 -0.12783 -0.10801 -0.09738  0.39019  0.50769
  0.53651  0.66869  0.83385  1.28511  1.29610  1.43175  1.57643  1.65703
                               OCCUPATION 
  1.00000  1.00000  1.00000  1.00000  1.00000  1.00000  0.00000  0.00000
  0.00000  0.00000  0.00000  0.00000  0.00000  0.00000  0.00000  0.00000
 NKP=  101  NGP=       300  K=(  0.03806  0.19030  0.64702)  WKP= 0.0069
                              EIGEN VALUE 
 -0.21770 -0.19064 -0.14667 -0.11805 -0.11057 -0.06370  0.36844  0.42396
  0.43793  0.72862  0.82685  1.22624  1.44525  1.53103  1.58896  1.68762
                               OCCUPATION 
  1.00000  1.00000  1.00000  1.00000  1.00000  1.00000  0.00000  0.00000
  0.00000  0.00000  0.00000  0.00000  0.00000  0.00000  0.00000  0.00000
 NKP=  102  NGP=       295  K=( -0.03806  0.26642  0.72314)  WKP= 0.0069
                              EIGEN VALUE 
 -0.20481 -0.18996 -0.15151 -0.11825 -0.10691 -0.00457  0.30033  0.35883
  0.37641  0.78868  0.88783  1.16765  1.50829  1.51599  1.59369  1.66497
                               OCCUPATION 
  1.00000  1.00000  1.00000  1.00000  1.00000  0.00000  0.00000  0.00000
  0.00000  0.00000  0.00000  0.00000  0.00000  0.00000  0.00000  0.00000
 NKP=  103  NGP=       292  K=( -0.11418  0.34254  0.79926)  WKP= 0.0069
                              EIGEN VALUE 
 -0.19577 -0.18629 -0.15794 -0.12453 -0.10421  0.07615  0.18687  0.30997
  0.39289  0.80908  1.01624  1.12260  1.34732  1.48002  1.62401  1.72783
                               OCCUPATION 
  1.00000  1.00000  1.00000  1.00000  1.00000  0.00000  0.00000  0.00000
  0.00000  0.00000  0.00000  0.00000  0.00000  0.00000  0.00000  0.00000
 NKP=  104  NGP=       292  K=( -0.19030  0.41866  0.87538)  WKP= 0.0069
                              EIGEN VALUE 
 -0.18777 -0.18325 -0.16678 -0.12806 -0.10726  0.08462  0.17517  0.28205
  0.43036  0.83570  1.05631  1.15348  1.24666  1.43536  1.57961  1.67486
                               OCCUPATION 
  1.00000  1.00000  1.00000  1.00000  1.00000  0.00000  0.00000  0.00000
  0.00000  0.00000  0.00000  0.00000  0.00000  0.00000  0.00000  0.00000
 NKP=  105  NGP=       293  K=( -0.26642  0.49478  0.95150)  WKP= 0.0069
                              EIGEN VALUE 
 -0.19128 -0.17777 -0.17270 -0.12922 -0.11272  0.00665  0.23463  0.32337
  0.48433  0.86894  0.98168  1.11645  1.35334  1.38222  1.50095  1.59583
                               OCCUPATION 
  1.00000  1.00000  1.00000  1.00000  1.00000  0.00000  0.00000  0.00000
  0.00000  0.00000  0.00000  0.00000  0.00000  0.00000  0.00000  0.00000
 NKP=  106  NGP=       296  K=( -0.34254  0.57090  1.02762)  WKP= 0.0069
                              EIGEN VALUE 
 -0.21146 -0.17521 -0.16435 -0.13520 -0.11331 -0.05116  0.24557  0.44628
  0.55295  0.83472  0.96319  1.09488  1.24329  1.38980  1.49795  1.57725
                               OCCUPATION 
  1.00000  1.00000  1.00000  1.00000  1.00000  1.00004  0.00000  0.00000
  0.00000  0.00000  0.00000  0.00000  0.00000  0.00000  0.00000  0.00000
 NKP=  107  NGP=       303  K=(  0.11418  0.11418  0.72314)  WKP= 0.0035
                              EIGEN VALUE 
 -0.21574 -0.19607 -0.12955 -0.11711 -0.10333 -0.03820  0.33871  0.34596
  0.48100  0.64449  0.80425  1.37278  1.41137  1.63527  1.69377  1.75388
                               OCCUPATION 
  1.00000  1.00000  1.00000  1.00000  1.00000 -0.00001  0.00000  0.00000
  0.00000  0.00000  0.00000  0.00000  0.00000  0.00000  0.00000  0.00000
 NKP=  108  NGP=       297  K=(  0.03806  0.19030  0.79926)  WKP= 0.0069
                              EIGEN VALUE 
 -0.21186 -0.19720 -0.13042 -0.11245 -0.10271  0.01355  0.27563  0.33384
  0.40020  0.70669  0.80788  1.31912  1.55680  1.57257  1.68424  1.75730
                               OCCUPATION 
  1.00000  1.00000  1.00000  1.00000  1.00000  0.00000  0.00000  0.00000
  0.00000  0.00000  0.00000  0.00000  0.00000  0.00000  0.00000  0.00000
 NKP=  109  NGP=       294  K=( -0.03806  0.26642  0.87538)  WKP= 0.0069
                              EIGEN VALUE 
 -0.20541 -0.19347 -0.14076 -0.11749 -0.10062  0.07908  0.23552  0.27952
  0.35577  0.77508  0.87909  1.24692  1.40120  1.62542  1.74027  1.78871
                               OCCUPATION 
  1.00000  1.00000  1.00000  1.00000  1.00000  0.00000  0.00000  0.00000
  0.00000  0.00000  0.00000  0.00000  0.00000  0.00000  0.00000  0.00000
 NKP=  110  NGP=       293  K=( -0.11418  0.34254  0.95150)  WKP= 0.0069
                              EIGEN VALUE 
 -0.19659 -0.18687 -0.15548 -0.12371 -0.10303  0.12153  0.17819  0.25426
  0.38666  0.80569  1.01928  1.14853  1.30281  1.52645  1.66896  1.75331
                               OCCUPATION 
  1.00000  1.00000  1.00000  1.00000  1.00000  0.00000  0.00000  0.00000
  0.00000  0.00000  0.00000  0.00000  0.00000  0.00000  0.00000  0.00000
 NKP=  111  NGP=       292  K=( -0.19030  0.41866  1.02762)  WKP= 0.0069
                              EIGEN VALUE 
 -0.18764 -0.18520 -0.16430 -0.13025 -0.10695  0.08210  0.13401  0.34303
  0.43610  0.83584  1.01868  1.18662  1.26912  1.39005  1.54217  1.64794
                               OCCUPATION 
  1.00000  1.00000  1.00000  1.00000  1.00000  0.00000  0.00000  0.00000
  0.00000  0.00000  0.00000  0.00000  0.00000  0.00000  0.00000  0.00000
 NKP=  112  NGP=       295  K=( -0.26642  0.49478  1.10374)  WKP= 0.0069
                              EIGEN VALUE 
 -0.20130 -0.17510 -0.15848 -0.13828 -0.10776  0.01096  0.13503  0.46309
  0.50083  0.82724  0.95624  1.22235  1.24660  1.35634  1.41870  1.62459
                               OCCUPATION 
  1.00000  1.00000  1.00000  1.00000  1.00000  0.00000  0.00000  0.00000
  0.00000  0.00000  0.00000  0.00000  0.00000  0.00000  0.00000  0.00000
 NKP=  113  NGP=       297  K=(  0.11418  0.11418  0.87538)  WKP= 0.0035
                              EIGEN VALUE 
 -0.21459 -0.20042 -0.11827 -0.11072 -0.10179  0.03759  0.22394  0.32154
  0.45591  0.63496  0.79238  1.45471  1.50647  1.60724  1.65551  1.86108
                               OCCUPATION 
  1.00000  1.00000  1.00000  1.00000  1.00000  0.00000  0.00000  0.00000
  0.00000  0.00000  0.00000  0.00000  0.00000  0.00000  0.00000  0.00000
 NKP=  114  NGP=       296  K=(  0.03806  0.19030  0.95150)  WKP= 0.0069
                              EIGEN VALUE 
 -0.21207 -0.19860 -0.12600 -0.11236 -0.10061  0.04892  0.22680  0.32647
  0.39286  0.70240  0.80428  1.35650  1.51075  1.61127  1.73134  1.77980
                               OCCUPATION 
  1.00000  1.00000  1.00000  1.00000  1.00000  0.00000  0.00000  0.00000
  0.00000  0.00000  0.00000  0.00000  0.00000  0.00000  0.00000  0.00000
 NKP=  115  NGP=       297  K=( -0.03806  0.26642  1.02762)  WKP= 0.0069
                              EIGEN VALUE 
 -0.20480 -0.19228 -0.14486 -0.11735 -0.10288  0.04019  0.28386  0.29034
  0.36244  0.77960  0.88199  1.21131  1.44809  1.58081  1.67562  1.74145
                               OCCUPATION 
  1.00000  1.00000  1.00000  1.00000  1.00000  0.00000  0.00000  0.00000
  0.00000  0.00000  0.00000  0.00000  0.00000  0.00000  0.00000  0.00000
 NKP=  116  NGP=       294  K=( -0.11418  0.34254  1.10374)  WKP= 0.0069
                              EIGEN VALUE 
 -0.19610 -0.18433 -0.16156 -0.12675 -0.10628  0.02683  0.20083  0.38293
  0.40574  0.81565  1.00590  1.09945  1.41081  1.41380  1.53103  1.70015
                               OCCUPATION 
  1.00000  1.00000  1.00000  1.00000  1.00000  0.00000  0.00000  0.00000
  0.00000  0.00000  0.00000  0.00000  0.00000  0.00000  0.00000  0.00000
 NKP=  117  NGP=       297  K=(  0.11418  0.11418  1.02762)  WKP= 0.0035
                              EIGEN VALUE 
 -0.21455 -0.19895 -0.12209 -0.11306 -0.10220  0.00322  0.27171  0.32899
  0.46438  0.63809  0.79627  1.41845  1.46474  1.64943  1.69632  1.75768
                               OCCUPATION 
  1.00000  1.00000  1.00000  1.00000  1.00000  0.00000  0.00000  0.00000
  0.00000  0.00000  0.00000  0.00000  0.00000  0.00000  0.00000  0.00000
 NKP=  118  NGP=       298  K=(  0.03806  0.19030  1.10374)  WKP= 0.0069
                              EIGEN VALUE 
 -0.21268 -0.19449 -0.13793 -0.11405 -0.10630 -0.02845  0.34381  0.35005
  0.41468  0.71538  0.81528  1.27251  1.51449  1.61279  1.62345  1.66655
                               OCCUPATION 
  1.00000  1.00000  1.00000  1.00000  1.00000  0.00000  0.00000  0.00000
  0.00000  0.00000  0.00000  0.00000  0.00000  0.00000  0.00000  0.00000
 NKP=  119  NGP=       298  K=( -0.03806  0.26642  1.17986)  WKP= 0.0069
                              EIGEN VALUE 
 -0.20871 -0.18664 -0.15804 -0.12118 -0.11200 -0.04304  0.32069  0.39365
  0.44163  0.80235  0.89656  1.12584  1.42090  1.51950  1.57279  1.60239
                               OCCUPATION 
  1.00000  1.00000  1.00000  1.00000  1.00000 -0.01062  0.00000  0.00000
  0.00000  0.00000  0.00000  0.00000  0.00000  0.00000  0.00000  0.00000
 NKP=  120  NGP=       305  K=(  0.11418  0.11418  1.17986)  WKP= 0.0035
                              EIGEN VALUE 
 -0.22128 -0.19195 -0.13949 -0.12223 -0.10530 -0.07311  0.36364  0.42165
  0.50527  0.65448  0.81665  1.32747  1.35513  1.52893  1.65905  1.74050
                               OCCUPATION 
  1.00000  1.00000  1.00000  1.00000  1.00000  1.00000  0.00000  0.00000
  0.00000  0.00000  0.00000  0.00000  0.00000  0.00000  0.00000  0.00000
 NKP=  121  NGP=       302  K=(  0.03806  0.19030  1.25598)  WKP= 0.0069
                              EIGEN VALUE 
 -0.23145 -0.18590 -0.15284 -0.12383 -0.11577 -0.08756  0.39482  0.46092
  0.51449  0.74667  0.84302  1.18240  1.36226  1.45777  1.51435  1.62262
                               OCCUPATION 
  1.00000  1.00000  1.00000  1.00000  1.00000  1.00000  0.00000  0.00000
  0.00000  0.00000  0.00000  0.00000  0.00000  0.00000  0.00000  0.00000
 NKP=  122  NGP=       298  K=(  0.11418  0.11418  1.33210)  WKP= 0.0035
                              EIGEN VALUE 
 -0.25879 -0.18123 -0.15058 -0.13343 -0.11310 -0.11126  0.42176  0.57404
  0.59703  0.68890  0.85612  1.23159  1.24652  1.34769  1.48607  1.56780
                               OCCUPATION 
  1.00000  1.00000  1.00000  1.00000  1.00000  1.00000  0.00000  0.00000
  0.00000  0.00000  0.00000  0.00000  0.00000  0.00000  0.00000  0.00000
 NKP=  123  NGP=       299  K=(  0.19030  0.19030  0.19030)  WKP= 0.0012
                              EIGEN VALUE 
 -0.32825 -0.16276 -0.14891 -0.14891 -0.12518 -0.12518  0.48457  0.79943
  0.79943  0.80875  1.04232  1.04232  1.04787  1.15561  1.15561  1.34010
                               OCCUPATION 
  1.00000  1.00000  1.00000  1.00000  1.00000  1.00000  0.00000  0.00000
  0.00000  0.00000  0.00000  0.00000  0.00000  0.00000  0.00000  0.00000
 NKP=  124  NGP=       301  K=(  0.11418  0.26642  0.26642)  WKP= 0.0035
                              EIGEN VALUE 
 -0.30642 -0.16614 -0.14929 -0.14620 -0.12958 -0.11602  0.43994  0.63539
  0.85513  0.89083  0.93892  0.96718  1.10568  1.17350  1.25965  1.43518
                               OCCUPATION 
  1.00000  1.00000  1.00000  1.00000  1.00000  1.00000  0.00000  0.00000
  0.00000  0.00000  0.00000  0.00000  0.00000  0.00000  0.00000  0.00000
 NKP=  125  NGP=       299  K=(  0.03806  0.34254  0.34254)  WKP= 0.0035
                              EIGEN VALUE 
 -0.27100 -0.17105 -0.15335 -0.13955 -0.13358 -0.10044  0.40884  0.48009
  0.83035  0.83662  0.97720  1.00982  1.07660  1.22516  1.39077  1.54362
                               OCCUPATION 
  1.00000  1.00000  1.00000  1.00000  1.00000  1.00000  0.00000  0.00000
  0.00000  0.00000  0.00000  0.00000  0.00000  0.00000  0.00000  0.00000
 NKP=  126  NGP=       299  K=( -0.03806  0.41866  0.41866)  WKP= 0.0035
                              EIGEN VALUE 
 -0.23092 -0.17229 -0.16058 -0.13872 -0.12787 -0.07588  0.32823  0.40382
  0.74287  0.78012  1.03844  1.06385  1.13529  1.26617  1.45953  1.60696
                               OCCUPATION 
  1.00000  1.00000  1.00000  1.00000  1.00000  1.00000  0.00000  0.00000
  0.00000  0.00000  0.00000  0.00000  0.00000  0.00000  0.00000  0.00000
 NKP=  127  NGP=       297  K=( -0.11418  0.49478  0.49478)  WKP= 0.0035
                              EIGEN VALUE 
 -0.20689 -0.16837 -0.16296 -0.14054 -0.11713 -0.03306  0.20251  0.40676
  0.66968  0.73429  1.06916  1.08655  1.27389  1.33469  1.42258  1.48613
                               OCCUPATION 
  1.00000  1.00000  1.00000  1.00000  1.00000 -0.00000  0.00000  0.00000
  0.00000  0.00000  0.00000  0.00000  0.00000  0.00000  0.00000  0.00000
 NKP=  128  NGP=       297  K=( -0.19030  0.57090  0.57090)  WKP= 0.0035
                              EIGEN VALUE 
 -0.20290 -0.17362 -0.15413 -0.14045 -0.10834  0.02370  0.10965  0.42951
  0.61405  0.70370  1.09044  1.11675  1.28457  1.36804  1.42666  1.51466
                               OCCUPATION 
  1.00000  1.00000  1.00000  1.00000  1.00000  0.00000  0.00000  0.00000
  0.00000  0.00000  0.00000  0.00000  0.00000  0.00000  0.00000  0.00000
 NKP=  129  NGP=       296  K=( -0.26642  0.64702  0.64702)  WKP= 0.0035
                              EIGEN VALUE 
 -0.20723 -0.17664 -0.15551 -0.13852 -0.10413 -0.01842  0.16441  0.47008
  0.57869  0.68745  1.10089  1.12771  1.17438  1.35899  1.59104  1.64473
                               OCCUPATION 
  1.00000  1.00000  1.00000  1.00000  1.00000  0.00000  0.00000  0.00000
  0.00000  0.00000  0.00000  0.00000  0.00000  0.00000  0.00000  0.00000
 NKP=  130  NGP=       296  K=( -0.34254  0.72314  0.72314)  WKP= 0.0035
                              EIGEN VALUE 
 -0.22418 -0.18095 -0.15610 -0.13560 -0.10559 -0.07768  0.28391  0.52686
  0.56531  0.68346  0.97464  1.18053  1.19371  1.35197  1.60770  1.67916
                               OCCUPATION 
  1.00000  1.00000  1.00000  1.00000  1.00000  1.00000  0.00000  0.00000
  0.00000  0.00000  0.00000  0.00000  0.00000  0.00000  0.00000  0.00000
 NKP=  131  NGP=       298  K=(  0.19030  0.19030  0.34254)  WKP= 0.0035
                              EIGEN VALUE 
 -0.29136 -0.16726 -0.15017 -0.14670 -0.12270 -0.11641  0.39015  0.69081
  0.73517  0.82403  0.96887  1.05365  1.08213  1.17787  1.32329  1.43669
                               OCCUPATION 
  1.00000  1.00000  1.00000  1.00000  1.00000  1.00000  0.00000  0.00000
  0.00000  0.00000  0.00000  0.00000  0.00000  0.00000  0.00000  0.00000
 NKP=  132  NGP=       299  K=(  0.11418  0.26642  0.41866)  WKP= 0.0069
                              EIGEN VALUE 
 -0.26297 -0.17170 -0.15455 -0.14195 -0.12312 -0.10202  0.35505  0.55116
  0.71971  0.81768  0.97906  1.02867  1.12920  1.27132  1.36292  1.58932
                               OCCUPATION 
  1.00000  1.00000  1.00000  1.00000  1.00000  1.00000  0.00000  0.00000
  0.00000  0.00000  0.00000  0.00000  0.00000  0.00000  0.00000  0.00000
 NKP=  133  NGP=       300  K=(  0.03806  0.34254  0.49478)  WKP= 0.0069
                              EIGEN VALUE 
 -0.22770 -0.17541 -0.16245 -0.13429 -0.12481 -0.07480  0.33289  0.40766
  0.64013  0.87353  0.94254  1.06572  1.19109  1.34006  1.46859  1.61268
                               OCCUPATION 
  1.00000  1.00000  1.00000  1.00000  1.00000  1.00000  0.00000  0.00000
  0.00000  0.00000  0.00000  0.00000  0.00000  0.00000  0.00000  0.00000
 NKP=  134  NGP=       296  K=( -0.03806  0.41866  0.57090)  WKP= 0.0069
                              EIGEN VALUE 
 -0.20021 -0.17380 -0.17100 -0.13280 -0.11841 -0.02967  0.26102  0.34473
  0.57134  0.83015  1.00035  1.12967  1.25196  1.39529  1.47335  1.54507
                               OCCUPATION 
  1.00000  1.00000  1.00000  1.00000  1.00000  0.00000  0.00000  0.00000
  0.00000  0.00000  0.00000  0.00000  0.00000  0.00000  0.00000  0.00000
 NKP=  135  NGP=       292  K=( -0.11418  0.49478  0.64702)  WKP= 0.0069
                              EIGEN VALUE 
 -0.19293 -0.17993 -0.16261 -0.13379 -0.11014  0.03823  0.14959  0.35888
  0.51701  0.78965  1.03506  1.24150  1.27106  1.31592  1.48016  1.55555
                               OCCUPATION 
  1.00000  1.00000  1.00000  1.00000  1.00000  0.00000  0.00000  0.00000
  0.00000  0.00000  0.00000  0.00000  0.00000  0.00000  0.00000  0.00000
 NKP=  136  NGP=       293  K=( -0.19030  0.57090  0.72314)  WKP= 0.0069
                              EIGEN VALUE 
 -0.19705 -0.18252 -0.15876 -0.13179 -0.10587  0.03464  0.15055  0.39356
  0.47938  0.76437  1.05239  1.13567  1.31376  1.41367  1.47862  1.67476
                               OCCUPATION 
  1.00000  1.00000  1.00000  1.00000  1.00000  0.00000  0.00000  0.00000
  0.00000  0.00000  0.00000  0.00000  0.00000  0.00000  0.00000  0.00000
 NKP=  137  NGP=       299  K=( -0.26642  0.64702  0.79926)  WKP= 0.0069
                              EIGEN VALUE 
 -0.20807 -0.18501 -0.15752 -0.12767 -0.10736 -0.03872  0.26366  0.44396
  0.46207  0.75272  0.95838  1.13000  1.34456  1.45917  1.59127  1.63575
                               OCCUPATION 
  1.00000  1.00000  1.00000  1.00000  1.00000 -0.00007  0.00000  0.00000
  0.00000  0.00000  0.00000  0.00000  0.00000  0.00000  0.00000  0.00000
 NKP=  138  NGP=       293  K=(  0.19030  0.19030  0.49478)  WKP= 0.0035
                              EIGEN VALUE 
 -0.24420 -0.17577 -0.15589 -0.14021 -0.10842 -0.09989  0.31454  0.60151
  0.61568  0.70371  0.99420  1.12845  1.14277  1.27807  1.50902  1.59327
                               OCCUPATION 
  1.00000  1.00000  1.00000  1.00000  1.00000  1.00000  0.00000  0.00000
  0.00000  0.00000  0.00000  0.00000  0.00000  0.00000  0.00000  0.00000
 NKP=  139  NGP=       297  K=(  0.11418  0.26642  0.57090)  WKP= 0.0069
                              EIGEN VALUE 
 -0.22015 -0.18034 -0.15993 -0.13289 -0.11108 -0.06953  0.28913  0.48453
  0.53397  0.76932  0.96945  1.09279  1.26911  1.38538  1.53270  1.67219
                               OCCUPATION 
  1.00000  1.00000  1.00000  1.00000  1.00000  1.00000  0.00000  0.00000
  0.00000  0.00000  0.00000  0.00000  0.00000  0.00000  0.00000  0.00000
 NKP=  140  NGP=       296  K=(  0.03806  0.34254  0.64702)  WKP= 0.0069
                              EIGEN VALUE 
 -0.19914 -0.18148 -0.16756 -0.12547 -0.11266 -0.01989  0.27596  0.35609
  0.46054  0.87865  0.93997  1.06884  1.38775  1.47961  1.51692  1.58360
                               OCCUPATION 
  1.00000  1.00000  1.00000  1.00000  1.00000  0.00000  0.00000  0.00000
  0.00000  0.00000  0.00000  0.00000  0.00000  0.00000  0.00000  0.00000
 NKP=  141  NGP=       292  K=( -0.03806  0.41866  0.72314)  WKP= 0.0069
                              EIGEN VALUE 
 -0.18981 -0.17846 -0.17214 -0.12711 -0.10734  0.05149  0.21374  0.30738
  0.40246  0.90959  0.97032  1.10147  1.31006  1.46312  1.58884  1.66011
                               OCCUPATION 
  1.00000  1.00000  1.00000  1.00000  1.00000  0.00000  0.00000  0.00000
  0.00000  0.00000  0.00000  0.00000  0.00000  0.00000  0.00000  0.00000
 NKP=  142  NGP=       292  K=( -0.11418  0.49478  0.79926)  WKP= 0.0069
                              EIGEN VALUE 
 -0.19020 -0.18178 -0.16681 -0.12769 -0.10446  0.10488  0.15099  0.33222
  0.36096  0.88635  1.00301  1.12530  1.25756  1.49121  1.60324  1.74128
                               OCCUPATION 
  1.00000  1.00000  1.00000  1.00000  1.00000  0.00000  0.00000  0.00000
  0.00000  0.00000  0.00000  0.00000  0.00000  0.00000  0.00000  0.00000
 NKP=  143  NGP=       294  K=( -0.19030  0.57090  0.87538)  WKP= 0.0069
                              EIGEN VALUE 
 -0.19648 -0.18405 -0.16351 -0.12318 -0.10723  0.02196  0.25555  0.33835
  0.37913  0.86810  0.95039  1.08670  1.40818  1.49106  1.58834  1.66221
                               OCCUPATION 
  1.00000  1.00000  1.00000  1.00000  1.00000  0.00000  0.00000  0.00000
  0.00000  0.00000  0.00000  0.00000  0.00000  0.00000  0.00000  0.00000
 NKP=  144  NGP=       301  K=(  0.19030  0.19030  0.64702)  WKP= 0.0035
                              EIGEN VALUE 
 -0.21161 -0.18609 -0.15231 -0.13046 -0.10385 -0.04617  0.25835  0.44064
  0.53544  0.66966  0.95830  1.22282  1.25198  1.44236  1.68252  1.71662
                               OCCUPATION 
  1.00000  1.00000  1.00000  1.00000  1.00000  0.94936  0.00000  0.00000
  0.00000  0.00000  0.00000  0.00000  0.00000  0.00000  0.00000  0.00000
 NKP=  145  NGP=       296  K=(  0.11418  0.26642  0.72314)  WKP= 0.0069
                              EIGEN VALUE 
 -0.20345 -0.18893 -0.15193 -0.12315 -0.10507  0.00177  0.24367  0.36457
  0.44081  0.74064  0.94897  1.17202  1.40956  1.51444  1.55747  1.72959
                               OCCUPATION 
  1.00000  1.00000  1.00000  1.00000  1.00000  0.00000  0.00000  0.00000
  0.00000  0.00000  0.00000  0.00000  0.00000  0.00000  0.00000  0.00000
 NKP=  146  NGP=       295  K=(  0.03806  0.34254  0.79926)  WKP= 0.0069
                              EIGEN VALUE 
 -0.19757 -0.18574 -0.15817 -0.12260 -0.10298  0.06990  0.24123  0.30437
  0.32790  0.85988  0.95600  1.11563  1.34366  1.58416  1.66063  1.74642
                               OCCUPATION 
  1.00000  1.00000  1.00000  1.00000  1.00000  0.00000  0.00000  0.00000
  0.00000  0.00000  0.00000  0.00000  0.00000  0.00000  0.00000  0.00000
 NKP=  147  NGP=       292  K=( -0.03806  0.41866  0.87538)  WKP= 0.0069
                              EIGEN VALUE 
 -0.19431 -0.17789 -0.16716 -0.12640 -0.10062  0.15058  0.19111  0.26625
  0.29311  0.94074  1.01536  1.05860  1.21822  1.66072  1.72327  1.80336
                               OCCUPATION 
  1.00000  1.00000  1.00000  1.00000  1.00000  0.00000  0.00000  0.00000
  0.00000  0.00000  0.00000  0.00000  0.00000  0.00000  0.00000  0.00000
 NKP=  148  NGP=       295  K=( -0.11418  0.49478  0.95150)  WKP= 0.0069
                              EIGEN VALUE 
 -0.19245 -0.17786 -0.16943 -0.12641 -0.10304  0.10233  0.19906  0.29627
  0.32808  0.93739  0.97926  1.08368  1.25226  1.57140  1.66193  1.74339
                               OCCUPATION 
  1.00000  1.00000  1.00000  1.00000  1.00000  0.00000  0.00000  0.00000
  0.00000  0.00000  0.00000  0.00000  0.00000  0.00000  0.00000  0.00000
 NKP=  149  NGP=       296  K=(  0.19030  0.19030  0.79926)  WKP= 0.0035
                              EIGEN VALUE 
 -0.20518 -0.19330 -0.14019 -0.12054 -0.10379  0.04026  0.22379  0.28885
  0.49678  0.65415  0.93790  1.31660  1.35543  1.54583  1.59765  1.67203
                               OCCUPATION 
  1.00000  1.00000  1.00000  1.00000  1.00000  0.00000  0.00000  0.00000
  0.00000  0.00000  0.00000  0.00000  0.00000  0.00000  0.00000  0.00000
 NKP=  150  NGP=       293  K=(  0.11418  0.26642  0.87538)  WKP= 0.0069
                              EIGEN VALUE 
 -0.20327 -0.19268 -0.14269 -0.11888 -0.10289  0.08866  0.21934  0.24254
  0.42045  0.72890  0.93908  1.25202  1.40438  1.50759  1.65746  1.78683
                               OCCUPATION 
  1.00000  1.00000  1.00000  1.00000  1.00000  0.00000  0.00000  0.00000
  0.00000  0.00000  0.00000  0.00000  0.00000  0.00000  0.00000  0.00000
 NKP=  151  NGP=       293  K=(  0.03806  0.34254  0.95150)  WKP= 0.0069
                              EIGEN VALUE 
 -0.19874 -0.18658 -0.15474 -0.12280 -0.10062  0.11331  0.23268  0.25022
  0.32145  0.85559  0.95798  1.14316  1.29911  1.64370  1.73782  1.79799
                               OCCUPATION 
  1.00000  1.00000  1.00000  1.00000  1.00000  0.00000  0.00000  0.00000
  0.00000  0.00000  0.00000  0.00000  0.00000  0.00000  0.00000  0.00000
 NKP=  152  NGP=       294  K=(  0.19030  0.19030  0.95150)  WKP= 0.0035
                              EIGEN VALUE 
 -0.20528 -0.19467 -0.13693 -0.11745 -0.10468  0.07997  0.21344  0.23970
  0.48885  0.65124  0.93388  1.35659  1.39270  1.49592  1.56025  1.78619
                               OCCUPATION 
  1.00000  1.00000  1.00000  1.00000  1.00000  0.00000  0.00000  0.00000
  0.00000  0.00000  0.00000  0.00000  0.00000  0.00000  0.00000  0.00000
 NKP=  153  NGP=       293  K=(  0.11418  0.26642  1.02762)  WKP= 0.0069
                              EIGEN VALUE 
 -0.20286 -0.19149 -0.14619 -0.12015 -0.10366  0.04808  0.22941  0.29281
  0.42728  0.73278  0.94241  1.21601  1.45081  1.46638  1.65550  1.71466
                               OCCUPATION 
  1.00000  1.00000  1.00000  1.00000  1.00000  0.00000  0.00000  0.00000
  0.00000  0.00000  0.00000  0.00000  0.00000  0.00000  0.00000  0.00000
 NKP=  154  NGP=       298  K=(  0.19030  0.19030  1.10374)  WKP= 0.0035
                              EIGEN VALUE 
 -0.20636 -0.19040 -0.14598 -0.12522 -0.10329 -0.00566  0.23824  0.36011
  0.51243  0.66015  0.94602  1.26890  1.30573  1.54362  1.61291  1.67271
                               OCCUPATION 
  1.00000  1.00000  1.00000  1.00000  1.00000  0.00000  0.00000  0.00000
  0.00000  0.00000  0.00000  0.00000  0.00000  0.00000  0.00000  0.00000
 NKP=  155  NGP=       302  K=(  0.26642  0.26642  0.26642)  WKP= 0.0012
                              EIGEN VALUE 
 -0.28289 -0.16141 -0.15033 -0.15033 -0.11883 -0.11883  0.33579  0.77721
  0.77721  0.78540  0.96480  0.96480  1.04962  1.26588  1.26588  1.42237
                               OCCUPATION 
  1.00000  1.00000  1.00000  1.00000  1.00000  1.00000  0.00000  0.00000
  0.00000  0.00000  0.00000  0.00000  0.00000  0.00000  0.00000  0.00000
 NKP=  156  NGP=       296  K=(  0.19030  0.34254  0.34254)  WKP= 0.0035
                              EIGEN VALUE 
 -0.26124 -0.16233 -0.15278 -0.14895 -0.12133 -0.10471  0.29619  0.62169
  0.80834  0.83065  0.90479  0.97244  1.14805  1.22617  1.33081  1.54242
                               OCCUPATION 
  1.00000  1.00000  1.00000  1.00000  1.00000  1.00000  0.00000  0.00000
  0.00000  0.00000  0.00000  0.00000  0.00000  0.00000  0.00000  0.00000
 NKP=  157  NGP=       299  K=(  0.11418  0.41866  0.41866)  WKP= 0.0035
                              EIGEN VALUE 
 -0.23101 -0.16709 -0.15967 -0.14340 -0.12274 -0.07717  0.27123  0.47162
  0.74738  0.77825  1.00501  1.02275  1.20513  1.27145  1.37775  1.64825
                               OCCUPATION 
  1.00000  1.00000  1.00000  1.00000  1.00000  1.00000  0.00000  0.00000
  0.00000  0.00000  0.00000  0.00000  0.00000  0.00000  0.00000  0.00000
 NKP=  158  NGP=       295  K=(  0.03806  0.49478  0.49478)  WKP= 0.0035
                              EIGEN VALUE 
 -0.20250 -0.17027 -0.16940 -0.13645 -0.12106 -0.03300  0.25598  0.34092
  0.66406  0.73334  1.11108  1.12333  1.20917  1.31352  1.46592  1.53605
                               OCCUPATION 
  1.00000  1.00000  1.00000  1.00000  1.00000 -0.00000  0.00000  0.00000
  0.00000  0.00000  0.00000  0.00000  0.00000  0.00000  0.00000  0.00000
 NKP=  159  NGP=       289  K=( -0.03806  0.57090  0.57090)  WKP= 0.0035
                              EIGEN VALUE 
 -0.19131 -0.18006 -0.16352 -0.13173 -0.11460  0.03267  0.19111  0.29280
  0.59466  0.69715  1.19084  1.19308  1.26106  1.29529  1.40334  1.61420
                               OCCUPATION 
  1.00000  1.00000  1.00000  1.00000  1.00000  0.00000  0.00000  0.00000
  0.00000  0.00000  0.00000  0.00000  0.00000  0.00000  0.00000  0.00000
 NKP=  160  NGP=       292  K=( -0.11418  0.64702  0.64702)  WKP= 0.0035
                              EIGEN VALUE 
 -0.19638 -0.18637 -0.15349 -0.12849 -0.10708  0.07703  0.13416  0.31555
  0.54299  0.67314  1.09536  1.22443  1.25867  1.44554  1.50265  1.58979
                               OCCUPATION 
  1.00000  1.00000  1.00000  1.00000  1.00000  0.00000  0.00000  0.00000
  0.00000  0.00000  0.00000  0.00000  0.00000  0.00000  0.00000  0.00000
 NKP=  161  NGP=       296  K=(  0.26642  0.26642  0.41866)  WKP= 0.0035
                              EIGEN VALUE 
 -0.24846 -0.15889 -0.15447 -0.14936 -0.10955 -0.10653  0.25195  0.68094
  0.71506  0.75933  0.96787  1.01430  1.08943  1.24248  1.44427  1.53880
                               OCCUPATION 
  1.00000  1.00000  1.00000  1.00000  1.00000  1.00000  0.00000  0.00000
  0.00000  0.00000  0.00000  0.00000  0.00000  0.00000  0.00000  0.00000
 NKP=  162  NGP=       299  K=(  0.19030  0.34254  0.49478)  WKP= 0.0069
                              EIGEN VALUE 
 -0.22754 -0.16401 -0.15852 -0.14497 -0.11245 -0.07657  0.22248  0.54914
  0.65340  0.79988  0.95400  1.08306  1.16943  1.26882  1.46470  1.64721
                               OCCUPATION 
  1.00000  1.00000  1.00000  1.00000  1.00000  1.00000  0.00000  0.00000
  0.00000  0.00000  0.00000  0.00000  0.00000  0.00000  0.00000  0.00000
 NKP=  163  NGP=       292  K=(  0.11418  0.41866  0.57090)  WKP= 0.0069
                              EIGEN VALUE 
 -0.20434 -0.17190 -0.16521 -0.13727 -0.11438 -0.02884  0.20696  0.41087
  0.57639  0.82482  0.97285  1.16575  1.22293  1.40126  1.44961  1.50468
                               OCCUPATION 
  1.00000  1.00000  1.00000  1.00000  1.00000  0.00000  0.00000  0.00000
  0.00000  0.00000  0.00000  0.00000  0.00000  0.00000  0.00000  0.00000
 NKP=  164  NGP=       292  K=(  0.03806  0.49478  0.64702)  WKP= 0.0069
                              EIGEN VALUE 
 -0.18803 -0.18190 -0.16705 -0.13043 -0.11224  0.03767  0.19682  0.29638
  0.51140  0.78845  1.07252  1.19596  1.28959  1.32781  1.48140  1.62241
                               OCCUPATION 
  1.00000  1.00000  1.00000  1.00000  1.00000  0.00000  0.00000  0.00000
  0.00000  0.00000  0.00000  0.00000  0.00000  0.00000  0.00000  0.00000
 NKP=  165  NGP=       292  K=( -0.03806  0.57090  0.72314)  WKP= 0.0069
                              EIGEN VALUE 
 -0.19296 -0.18703 -0.15712 -0.12564 -0.10691  0.11999  0.14220  0.26243
  0.46074  0.75493  1.09298  1.15965  1.30905  1.41117  1.56437  1.70458
                               OCCUPATION 
  1.00000  1.00000  1.00000  1.00000  1.00000  0.00000  0.00000  0.00000
  0.00000  0.00000  0.00000  0.00000  0.00000  0.00000  0.00000  0.00000
 NKP=  166  NGP=       301  K=(  0.26642  0.26642  0.57090)  WKP= 0.0035
                              EIGEN VALUE 
 -0.21771 -0.16990 -0.15581 -0.14314 -0.10455 -0.05714  0.18842  0.55590
  0.60663  0.70033  1.08495  1.08706  1.13729  1.28449  1.62717  1.67055
                               OCCUPATION 
  1.00000  1.00000  1.00000  1.00000  1.00000  1.00000  0.00000  0.00000
  0.00000  0.00000  0.00000  0.00000  0.00000  0.00000  0.00000  0.00000
 NKP=  167  NGP=       296  K=(  0.19030  0.34254  0.64702)  WKP= 0.0069
                              EIGEN VALUE 
 -0.20384 -0.17693 -0.15926 -0.13637 -0.10636 -0.01095  0.16907  0.47372
  0.49885  0.77377  1.01639  1.14095  1.25019  1.37655  1.50168  1.65257
                               OCCUPATION 
  1.00000  1.00000  1.00000  1.00000  1.00000  0.00000  0.00000  0.00000
  0.00000  0.00000  0.00000  0.00000  0.00000  0.00000  0.00000  0.00000
 NKP=  168  NGP=       294  K=(  0.11418  0.41866  0.72314)  WKP= 0.0069
                              EIGEN VALUE 
 -0.18954 -0.18287 -0.16643 -0.12975 -0.10694  0.05454  0.16325  0.37135
  0.40805  0.87744  0.97331  1.14570  1.31355  1.40665  1.52688  1.67213
                               OCCUPATION 
  1.00000  1.00000  1.00000  1.00000  1.00000  0.00000  0.00000  0.00000
  0.00000  0.00000  0.00000  0.00000  0.00000  0.00000  0.00000  0.00000
 NKP=  169  NGP=       292  K=(  0.03806  0.49478  0.79926)  WKP= 0.0069
                              EIGEN VALUE 
 -0.19203 -0.17984 -0.16692 -0.12684 -0.10306  0.13663  0.16074  0.27253
  0.35500  0.88809  1.04239  1.09627  1.22612  1.54896  1.67138  1.73798
                               OCCUPATION 
  1.00000  1.00000  1.00000  1.00000  1.00000  0.00000  0.00000  0.00000
  0.00000  0.00000  0.00000  0.00000  0.00000  0.00000  0.00000  0.00000
 NKP=  170  NGP=       296  K=(  0.26642  0.26642  0.72314)  WKP= 0.0035
                              EIGEN VALUE 
 -0.20025 -0.18239 -0.15464 -0.13342 -0.10511  0.02750  0.14598  0.38905
  0.55738  0.67865  1.09913  1.17477  1.21723  1.45233  1.51547  1.58797
                               OCCUPATION 
  1.00000  1.00000  1.00000  1.00000  1.00000  0.00000  0.00000  0.00000
  0.00000  0.00000  0.00000  0.00000  0.00000  0.00000  0.00000  0.00000
 NKP=  171  NGP=       294  K=(  0.19030  0.34254  0.79926)  WKP= 0.0069
                              EIGEN VALUE 
 -0.19360 -0.18604 -0.15786 -0.12793 -0.10632  0.08426  0.13870  0.31974
  0.46696  0.75807  1.08155  1.14136  1.34903  1.37507  1.56633  1.63174
                               OCCUPATION 
  1.00000  1.00000  1.00000  1.00000  1.00000  0.00000  0.00000  0.00000
  0.00000  0.00000  0.00000  0.00000  0.00000  0.00000  0.00000  0.00000
 NKP=  172  NGP=       290  K=(  0.26642  0.26642  0.87538)  WKP= 0.0035
                              EIGEN VALUE 
 -0.19497 -0.18815 -0.15268 -0.12501 -0.10902  0.11367  0.13593  0.25919
  0.53574  0.67050  1.09301  1.26833  1.28915  1.39136  1.47326  1.69825
                               OCCUPATION 
  1.00000  1.00000  1.00000  1.00000  1.00000  0.00000  0.00000  0.00000
  0.00000  0.00000  0.00000  0.00000  0.00000  0.00000  0.00000  0.00000
 NKP=  173  NGP=       293  K=(  0.34254  0.34254  0.34254)  WKP= 0.0012
                              EIGEN VALUE 
 -0.24409 -0.15350 -0.15350 -0.13873 -0.11096 -0.11096  0.20458  0.76351
  0.76643  0.76643  0.90545  0.90545  1.05394  1.39478  1.39478  1.52092
                               OCCUPATION 
  1.00000  1.00000  1.00000  1.00000  1.00000  1.00000  0.00000  0.00000
  0.00000  0.00000  0.00000  0.00000  0.00000  0.00000  0.00000  0.00000
 NKP=  174  NGP=       294  K=(  0.26642  0.41866  0.41866)  WKP= 0.0035
                              EIGEN VALUE 
 -0.23113 -0.15672 -0.15203 -0.14089 -0.11213 -0.08432  0.17205  0.62427
  0.76622  0.76903  0.90635  0.96812  1.12858  1.36250  1.43878  1.62522
                               OCCUPATION 
  1.00000  1.00000  1.00000  1.00000  1.00000  1.00000  0.00000  0.00000
  0.00000  0.00000  0.00000  0.00000  0.00000  0.00000  0.00000  0.00000
 NKP=  175  NGP=       297  K=(  0.19030  0.49478  0.49478)  WKP= 0.0035
                              EIGEN VALUE 
 -0.21277 -0.16537 -0.15256 -0.14547 -0.11254 -0.03413  0.15312  0.48194
  0.68083  0.73629  1.01581  1.05104  1.28248  1.34835  1.42411  1.49286
                               OCCUPATION 
  1.00000  1.00000  1.00000  1.00000  1.00000 -0.00000  0.00000  0.00000
  0.00000  0.00000  0.00000  0.00000  0.00000  0.00000  0.00000  0.00000
 NKP=  176  NGP=       293  K=(  0.11418  0.57090  0.57090)  WKP= 0.0035
                              EIGEN VALUE 
 -0.19596 -0.17779 -0.15965 -0.13548 -0.11169  0.03225  0.14513  0.35464
  0.60114  0.69927  1.14212  1.15925  1.27581  1.35438  1.41840  1.51539
                               OCCUPATION 
  1.00000  1.00000  1.00000  1.00000  1.00000  0.00000  0.00000  0.00000
  0.00000  0.00000  0.00000  0.00000  0.00000  0.00000  0.00000  0.00000
 NKP=  177  NGP=       295  K=(  0.34254  0.34254  0.49478)  WKP= 0.0035
                              EIGEN VALUE 
 -0.22683 -0.15837 -0.15212 -0.13552 -0.10529 -0.07460  0.13769  0.67914
  0.68974  0.73689  0.96061  0.96177  1.10684  1.36095  1.57338  1.62931
                               OCCUPATION 
  1.00000  1.00000  1.00000  1.00000  1.00000  1.00000  0.00000  0.00000
  0.00000  0.00000  0.00000  0.00000  0.00000  0.00000  0.00000  0.00000
 NKP=  178  NGP=       295  K=(  0.26642  0.41866  0.57090)  WKP= 0.0069
                              EIGEN VALUE 
 -0.21524 -0.16477 -0.14793 -0.14519 -0.10694 -0.02919  0.11793  0.56429
  0.60289  0.78983  0.93613  1.09268  1.20657  1.34460  1.49638  1.59094
                               OCCUPATION 
  1.00000  1.00000  1.00000  1.00000  1.00000  0.00000  0.00000  0.00000
  0.00000  0.00000  0.00000  0.00000  0.00000  0.00000  0.00000  0.00000
 NKP=  179  NGP=       296  K=(  0.19030  0.49478  0.64702)  WKP= 0.0069
                              EIGEN VALUE 
 -0.19995 -0.17580 -0.15692 -0.13853 -0.10784  0.03177  0.11259  0.43388
  0.52831  0.79145  0.99395  1.22492  1.28476  1.32460  1.40849  1.59995
                               OCCUPATION 
  1.00000  1.00000  1.00000  1.00000  1.00000  0.00000  0.00000  0.00000
  0.00000  0.00000  0.00000  0.00000  0.00000  0.00000  0.00000  0.00000
 NKP=  180  NGP=       296  K=(  0.34254  0.34254  0.64702)  WKP= 0.0035
                              EIGEN VALUE 
 -0.21065 -0.16829 -0.14808 -0.14527 -0.10587 -0.00359  0.10212  0.51037
  0.63328  0.71081  1.04246  1.07150  1.24561  1.32863  1.50471  1.57070
                               OCCUPATION 
  1.00000  1.00000  1.00000  1.00000  1.00000  0.00000  0.00000  0.00000
  0.00000  0.00000  0.00000  0.00000  0.00000  0.00000  0.00000  0.00000
 NKP=  181  NGP=       290  K=(  0.41866  0.41866  0.41866)  WKP= 0.0012
                              EIGEN VALUE 
 -0.22929 -0.15568 -0.15568 -0.10587 -0.10587 -0.09098  0.10667  0.75067
  0.76384  0.76384  0.87215  0.87215  1.05698  1.53409  1.53409  1.61769
                               OCCUPATION 
  1.00000  1.00000  1.00000  1.00000  1.00000  1.00000  0.00000  0.00000
  0.00000  0.00000  0.00000  0.00000  0.00000  0.00000  0.00000  0.00000
 NKP=  182  NGP=       290  K=(  0.34254  0.49478  0.49478)  WKP= 0.0035
                              EIGEN VALUE 
 -0.22322 -0.15892 -0.15323 -0.12675 -0.10610 -0.05035  0.09373  0.64392
  0.71824  0.74433  0.92577  0.96132  1.11678  1.50550  1.51109  1.56699
                               OCCUPATION 
  1.00000  1.00000  1.00000  1.00000  1.00000  1.00034  0.00000  0.00000
  0.00000  0.00000  0.00000  0.00000  0.00000  0.00000  0.00000  0.00000
 
 QMDQMDQMDQMDQMDQMDQMDQMDQMDQMDQMDQMDQMDQMDQMDQMDQMDQMDQMDQMDQMDQMDQMDQM

 MD ITERATION NR.      1:014          TOTAL CPU TIME =     12.13 SECONDS

                       CONVERGED ENERGY AND FORCES 
   NIT     TotalEnergy     f_max     f_rms      edel      vdel      fdel
     1    -59.76558529  0.000000  0.000000  0.23D-10  0.61D-08  0.23D-10

    ATOM              COORDINATES                        FORCES
MD:    1
MD:    1 Cu   0.000000   0.000000   0.000000  -0.00000  0.00000 -0.00000
 
CHGPRO:     0.0000      0.2966570902     -0.4892452991      0.1562298892
CHGPRO:     0.1520      0.2913626403     -0.4897909582      0.1511997678
CHGPRO:     0.3040      0.2760680960     -0.4914023719      0.1363472942
CHGPRO:     0.4560      0.2524302025     -0.4941887260      0.1124156757
CHGPRO:     0.6080      0.2229072761     -0.4981000934      0.0808586298
CHGPRO:     0.7600      0.1904207177     -0.5027402839      0.0440665549
CHGPRO:     0.9120      0.1579496266     -0.5074240045      0.0054919538
CHGPRO:     1.0640      0.1280791357     -0.5108893664     -0.0306506360
CHGPRO:     1.2160      0.1026069749     -0.5115744671     -0.0604933797
CHGPRO:     1.3680      0.0823248793     -0.5075501884     -0.0812345864
CHGPRO:     1.5200      0.0670689817     -0.4970766613     -0.0910912832
CHGPRO:     1.6720      0.0560542940     -0.4797786741     -0.0898158382
CHGPRO:     1.8240      0.0483249728     -0.4572611386     -0.0795453724
CHGPRO:     1.9760      0.0430662644     -0.4341937575     -0.0647526873
CHGPRO:     2.1280      0.0396882967     -0.4153173893     -0.0507035632
CHGPRO:     2.2800      0.0378016451     -0.4021970756     -0.0412282505
CHGPRO:     2.4320      0.0371940179     -0.3971005088     -0.0379584478
CHGPRO:     2.5839      0.0378016451     -0.4021970756     -0.0412282505
CHGPRO:     2.7359      0.0396882967     -0.4153173893     -0.0507035632
CHGPRO:     2.8879      0.0430662644     -0.4341937575     -0.0647526873
CHGPRO:     3.0399      0.0483249728     -0.4572611386     -0.0795453724
CHGPRO:     3.1919      0.0560542940     -0.4797786741     -0.0898158382
CHGPRO:     3.3439      0.0670689817     -0.4970766613     -0.0910912832
CHGPRO:     3.4959      0.0823248793     -0.5075501884     -0.0812345864
CHGPRO:     3.6479      0.1026069749     -0.5115744671     -0.0604933797
CHGPRO:     3.7999      0.1280791357     -0.5108893664     -0.0306506360
CHGPRO:     3.9519      0.1579496266     -0.5074240045      0.0054919538
CHGPRO:     4.1039      0.1904207177     -0.5027402839      0.0440665549
CHGPRO:     4.2559      0.2229072761     -0.4981000934      0.0808586298
CHGPRO:     4.4079      0.2524302025     -0.4941887260      0.1124156757
CHGPRO:     4.5599      0.2760680960     -0.4914023719      0.1363472942
CHGPRO:     4.7119      0.2913626403     -0.4897909582      0.1511997678

 *I* wavefunction data written in zaj.data

 *I* writing eko_l

 *I* writing fsr_l, fsi_l

 *I* potential data written in potential.data

           <<<  Atomic Charge >>>
  ia is   rd d_rd  Charge(1)  Charge(2)  Charge(3)
   1  1 2.30 0.10   9.836211  10.065300  10.301885

 ***********************************************************************
 *                                                                     *
 *                               TIMING                                *
 *                                                                     *
 ***********************************************************************
      SUBROUTINE        CALLS        TOTAL CPU TIME           <CPU TIME>
             SCF            1               10.5263              10.5263
          WF_Dav           15                9.8782               0.6585
     diagonalize         4095                6.3260               0.0015
        dav_hphi         4095                1.9403               0.0005
         fftw3c3        18928                1.7372               0.0001
           kbint            1                1.6083               1.6083
         swffftx         8190                0.8422               0.0001
        swffftx2         8190                0.7639               0.0001
         dav_mgs         2730                0.4257               0.0002
       dav_mgs_2         2730                0.3401               0.0001
          Chgfft           14                0.2856               0.0204
          swffft         2548                0.2486               0.0001
         dav_hij         4095                0.2155               0.0001
      dav_nonloc         4095                0.2123               0.0001
         Writing            1                0.1980               0.1980
             Dos            2                0.1951               0.0975
  dav_residual_1         2730                0.1347               0.0000
 dav_band2g_hphi         4095                0.1313               0.0000
    dav_residual         2730                0.1183               0.0000
    dav_nonloc_2        25695                0.0882               0.0000
      dav_sumset         2730                0.0839               0.0000
    dav_nonloc_3        25695                0.0793               0.0000
      dav_precon         2730                0.0674               0.0000
      xc_gga_chg           28                0.0623               0.0022
     fdchgq0_fft           14                0.0595               0.0043
  dav_band2g_phi         1456                0.0524               0.0000
    dav_sumset_1         2730                0.0456               0.0000
    dav_copy_fsr         1365                0.0450               0.0000
           Force            1                0.0432               0.0432
       dav_mgs_3         2730                0.0430               0.0000
           fd_vq           14                0.0392               0.0028
   fdchgq0_fft_1           14                0.0385               0.0028
       dav_mgs_1         2730                0.0368               0.0000
           pspot            1                0.0351               0.0351
    dav_sumset_2         2730                0.0348               0.0000
 dav_refresh_phi         1365                0.0337               0.0000
        fdforce0            1                0.0315               0.0315
           Fermi           14                0.0271               0.0019
    dav_nonloc_1         4095                0.0243               0.0000
      dav_grmsmd            1                0.0189               0.0189
         FFT_SET            1                0.0157               0.0157
 dav_refresh_fsr         1365                0.0143               0.0000
        swffftx1         8190                0.0126               0.0000
       dav_mgs_t           91                0.0121               0.0001
 ***********************************************************************

 =======================================================================
 TASK                   CALLS        TOTAL CPU TIME           <CPU TIME>
 FFT SingleProc         18928                1.7470               0.0001
 FFT MPI                  344                0.0375               0.0001
 FFTW MPI1                 29                0.0030               0.0001
  
 ALLREDUCE               8602                0.0369               0.0000
 ALLREDUCE_G               48                0.0031               0.0001
 ALLREDUCE_BG              15                0.0001               0.0000
 ALLREDUCE_K            20586                0.1479               0.0000
 ALLGATHERV                69                0.0038               0.0001
 ALLGATHERV_KG           4186                0.0419               0.0000
 ALLGATHERV_K            2730                0.0333               0.0000
 GATHERV                    2                0.0001               0.0000
 ALLTOALLV                193                0.0081               0.0000
 ALLTOALLV_KG           11375                0.2226               0.0000
 TOTAL TIME FOR COMMUNICATION                0.4978
 =======================================================================

 TOTAL CPU TIME:  00 HOURS 00 MINUTES 12.58 SECONDS

 PROGRAM STATE ENDED AT: Jul  1 11:49:40 2025
  
 HHHHHHHHHHHHHHHHHHHHHHHHHHHHHHHHHHHHHHHHHHHHHHHHHHHHHHHHHHHHHHHHH
 HHHHHHHHHHHHHHHHHHHHHHHHHHHHHHHHHHHHHHHHHHHHHHHHHHHHHHHHHHHHHHHHH
                           _______________________
     __________   _______/______v______v______v___]
    D          | |                                 |
    D   A A    | | Congratulations!                |  C( > < )D
  --  =(^.^)=  | |  The calculation has converged. |    = o =
 |     @@@@@   | |                                 |    (    )~
 /--=O=-+-=O=---+--=O=--+--==O==--+--==O==--+--=O=-+--=O=---=O=-/
  
 HHHHHHHHHHHHHHHHHHHHHHHHHHHHHHHHHHHHHHHHHHHHHHHHHHHHHHHHHHHHHHHHH
 HHHHHHHHHHHHHHHHHHHHHHHHHHHHHHHHHHHHHHHHHHHHHHHHHHHHHHHHHHHHHHHHH
