[0] MPI startup(): I_MPI_TCP_NETMASK variable has been removed from the product, its value is ignored

 
 ***********************************************************************
 *                                                                     *
 *                                                                     *
 *                                                                     *
 *              ******  ********    **    ******** ********            *
 *             ******** ********   ****   ******** ********            *
 *             **          **     **  **     **    **                  *
 *              ***        **    ********    **    ******              *
 *                ***      **   **********   **    ******              *
 *                  **     **  **        **  **    **                  *
 *             ********    ** **          ** **    ********            *
 *              ******     ** VERSION 5.6.17 **    ********            *
 *                               RICS-AIST                             *
 *                           OSAKA UNIVERSITY                          *
 *                                                                     *
 ***********************************************************************
 
 PROGRAM STATE STARTED AT: Jul  1 11:49:40 2025

 THIS JOB RUNS ON         : xs01                            
 THE CURRENT DIRECTORY IS : /home/ikutaro/work/STATE/examples/Cu/fcc/k-p
 THE PROCESS ID IS        : 86309
 THE JOB WAS SUBMITTED BY : ikutaro             
 THE NUMBER OF PROCESSORS : 16
 THE NUMBER OF THREADS    : 1
 
 ELECTRONIC WAVEFUNCTIONS INITIALIZED 
 ELECTRONIC CHARGE INITIALIZED 
 IONIC POSITIONS READ FROM STANDARD INPUT 
 IONIC VELOCITIES INITIALIZED 
 MAXIMUM SCF ITERATIONS : 200
 MAXIMUM MD STEPS : 200
 MAXIMUM ELAPSED CPU TIME :  86400.00 SEC
 TIME INCREMENT IN MOLECULAR DYNAMICS :     50.00 A.U.
 ENERGY CRITERION FOR SCF ITERATIONS :  0.100000E-09 HA/ATOM

 EXCHANGE-CORRELATION FUNCTIONAL : ggapbe
 SPIN POLARIZATION NOT ALLOWED 
 NUMBER OF BANDS CONSIDERED : 16
 METHFESSEL-PAXTON SMEARING 
 SMEARING WIDTH : 0.002000
 DAVIDSON METHOD WITH G-SPACE TECHNIQUE 
 BLUGEL MIXING PARAMETERS 
   MIXING OBJECT : CHARGE 
   MIXING INFORMATION RESET AFTER 30 STEPS
   MIXING PARAMETER : 0.300

 ********************************** TYPE *******************************
 TYPE  NAME  INITIAL CHARGE   MASS(AMU)     PP TYPE  ILOC   INITIAL SPIN
    1    Cu          0.1500     63.5460   UltraSoft     3         0.0000
 ***********************************************************************

 ********************************* ATOMS *******************************
   ATOM    X(BOHR)    Y(BOHR)    Z(BOHR)     TAUX    TAUY    TAUZ IW  IR
   1  1    0.00000    0.00000    0.00000   0.0000  0.0000  0.0000  1   0
 ***********************************************************************

 ******************************** K-POINTS *****************************
 BRAVIAS LATTICE         :        FACE CENTER         
 SPACE GROUP             :        F m -3 m  
 INVERSION SYMMETRY      :        NO 
 CONV. LAT. VECTOR(BOHR) :        6.878600       0.000000       0.000000
 CONV. LAT. VECTOR(BOHR) :        0.000000       6.878600       0.000000
 CONV. LAT. VECTOR(BOHR) :        0.000000       0.000000       6.878600
 PRIM. LAT. VECTOR(BOHR) :        0.000000       3.439300       3.439300
 PRIM. LAT. VECTOR(BOHR) :        3.439300       0.000000       3.439300
 PRIM. LAT. VECTOR(BOHR) :        3.439300       3.439300       0.000000
 PRIM. CELL VOLUME       :    0.813655E+02
 PRIM. REC. VECTOR(1/BOHR) :     -0.913440       0.913440       0.913440
 PRIM. REC. VECTOR(1/BOHR) :      0.913440      -0.913440       0.913440
 PRIM. REC. VECTOR(1/BOHR) :      0.913440       0.913440      -0.913440
 REC. PRIM. CELL VOLUME    :  0.304859E+01
 ENERGY CUTOFF FOR SOFT MODE(RY) :  36.000
 ENERGY CUTOFF FOR HARD MODE(RY) : 400.000
 NUMBER OF K-POINT MESH  :              13             13             13
 K-POINT SHIFT           :              ON             ON             ON
 NUMBER OF K-POINTS      :             231
        NKP            WKP              KX             KY             KZ
          1       0.000910        0.035132       0.035132       0.035132
          2       0.002731       -0.035132       0.105397       0.105397
          3       0.002731       -0.105397       0.175661       0.175661
          4       0.002731       -0.175661       0.245926       0.245926
          5       0.002731       -0.245926       0.316191       0.316191
          6       0.002731       -0.316191       0.386455       0.386455
          7       0.002731       -0.386455       0.456720       0.456720
          8       0.002731       -0.456720       0.526984       0.526984
          9       0.002731       -0.526984       0.597249       0.597249
         10       0.002731       -0.597249       0.667514       0.667514
         11       0.002731       -0.667514       0.737778       0.737778
         12       0.002731       -0.737778       0.808043       0.808043
         13       0.002731       -0.808043       0.878307       0.878307
         14       0.002731        0.035132       0.035132       0.175661
         15       0.005462       -0.035132       0.105397       0.245926
         16       0.005462       -0.105397       0.175661       0.316191
         17       0.005462       -0.175661       0.245926       0.386455
         18       0.005462       -0.245926       0.316191       0.456720
         19       0.005462       -0.316191       0.386455       0.526984
         20       0.005462       -0.386455       0.456720       0.597249
         21       0.005462       -0.456720       0.526984       0.667514
         22       0.005462       -0.526984       0.597249       0.737778
         23       0.005462       -0.597249       0.667514       0.808043
         24       0.005462       -0.667514       0.737778       0.878307
         25       0.005462       -0.737778       0.808043       0.948572
         26       0.002731        0.035132       0.035132       0.316191
         27       0.005462       -0.035132       0.105397       0.386455
         28       0.005462       -0.105397       0.175661       0.456720
         29       0.005462       -0.175661       0.245926       0.526984
         30       0.005462       -0.245926       0.316191       0.597249
         31       0.005462       -0.316191       0.386455       0.667514
         32       0.005462       -0.386455       0.456720       0.737778
         33       0.005462       -0.456720       0.526984       0.808043
         34       0.005462       -0.526984       0.597249       0.878307
         35       0.005462       -0.597249       0.667514       0.948572
         36       0.005462       -0.667514       0.737778       1.018836
         37       0.002731        0.035132       0.035132       0.456720
         38       0.005462       -0.035132       0.105397       0.526984
         39       0.005462       -0.105397       0.175661       0.597249
         40       0.005462       -0.175661       0.245926       0.667514
         41       0.005462       -0.245926       0.316191       0.737778
         42       0.005462       -0.316191       0.386455       0.808043
         43       0.005462       -0.386455       0.456720       0.878307
         44       0.005462       -0.456720       0.526984       0.948572
         45       0.005462       -0.526984       0.597249       1.018836
         46       0.005462       -0.597249       0.667514       1.089101
         47       0.002731        0.035132       0.035132       0.597249
         48       0.005462       -0.035132       0.105397       0.667514
         49       0.005462       -0.105397       0.175661       0.737778
         50       0.005462       -0.175661       0.245926       0.808043
         51       0.005462       -0.245926       0.316191       0.878307
         52       0.005462       -0.316191       0.386455       0.948572
         53       0.005462       -0.386455       0.456720       1.018836
         54       0.005462       -0.456720       0.526984       1.089101
         55       0.005462       -0.526984       0.597249       1.159366
         56       0.002731        0.035132       0.035132       0.737778
         57       0.005462       -0.035132       0.105397       0.808043
         58       0.005462       -0.105397       0.175661       0.878307
         59       0.005462       -0.175661       0.245926       0.948572
         60       0.005462       -0.245926       0.316191       1.018836
         61       0.005462       -0.316191       0.386455       1.089101
         62       0.005462       -0.386455       0.456720       1.159366
         63       0.005462       -0.456720       0.526984       1.229630
         64       0.002731        0.035132       0.035132       0.878307
         65       0.005462       -0.035132       0.105397       0.948572
         66       0.005462       -0.105397       0.175661       1.018836
         67       0.005462       -0.175661       0.245926       1.089101
         68       0.005462       -0.245926       0.316191       1.159366
         69       0.005462       -0.316191       0.386455       1.229630
         70       0.002731       -0.386455       0.456720       1.299895
         71       0.002731        0.035132       0.035132       1.018836
         72       0.005462       -0.035132       0.105397       1.089101
         73       0.005462       -0.105397       0.175661       1.159366
         74       0.005462       -0.175661       0.245926       1.229630
         75       0.005462       -0.245926       0.316191       1.299895
         76       0.002731        0.035132       0.035132       1.159366
         77       0.005462       -0.035132       0.105397       1.229630
         78       0.005462       -0.105397       0.175661       1.299895
         79       0.005462       -0.175661       0.245926       1.370159
         80       0.002731        0.035132       0.035132       1.299895
         81       0.005462       -0.035132       0.105397       1.370159
         82       0.005462       -0.105397       0.175661       1.440424
         83       0.002731        0.035132       0.035132       1.440424
         84       0.005462       -0.035132       0.105397       1.510688
         85       0.002731        0.035132       0.035132       1.580953
         86       0.000910        0.105397       0.105397       0.105397
         87       0.002731        0.035132       0.175661       0.175661
         88       0.002731       -0.035132       0.245926       0.245926
         89       0.002731       -0.105397       0.316191       0.316191
         90       0.002731       -0.175661       0.386455       0.386455
         91       0.002731       -0.245926       0.456720       0.456720
         92       0.002731       -0.316191       0.526984       0.526984
         93       0.002731       -0.386455       0.597249       0.597249
         94       0.002731       -0.456720       0.667514       0.667514
         95       0.002731       -0.526984       0.737778       0.737778
         96       0.002731       -0.597249       0.808043       0.808043
         97       0.002731        0.105397       0.105397       0.245926
         98       0.005462        0.035132       0.175661       0.316191
         99       0.005462       -0.035132       0.245926       0.386455
        100       0.005462       -0.105397       0.316191       0.456720
        101       0.005462       -0.175661       0.386455       0.526984
        102       0.005462       -0.245926       0.456720       0.597249
        103       0.005462       -0.316191       0.526984       0.667514
        104       0.005462       -0.386455       0.597249       0.737778
        105       0.005462       -0.456720       0.667514       0.808043
        106       0.005462       -0.526984       0.737778       0.878307
        107       0.002731        0.105397       0.105397       0.386455
        108       0.005462        0.035132       0.175661       0.456720
        109       0.005462       -0.035132       0.245926       0.526984
        110       0.005462       -0.105397       0.316191       0.597249
        111       0.005462       -0.175661       0.386455       0.667514
        112       0.005462       -0.245926       0.456720       0.737778
        113       0.005462       -0.316191       0.526984       0.808043
        114       0.005462       -0.386455       0.597249       0.878307
        115       0.005462       -0.456720       0.667514       0.948572
        116       0.002731        0.105397       0.105397       0.526984
        117       0.005462        0.035132       0.175661       0.597249
        118       0.005462       -0.035132       0.245926       0.667514
        119       0.005462       -0.105397       0.316191       0.737778
        120       0.005462       -0.175661       0.386455       0.808043
        121       0.005462       -0.245926       0.456720       0.878307
        122       0.005462       -0.316191       0.526984       0.948572
        123       0.005462       -0.386455       0.597249       1.018836
        124       0.002731        0.105397       0.105397       0.667514
        125       0.005462        0.035132       0.175661       0.737778
        126       0.005462       -0.035132       0.245926       0.808043
        127       0.005462       -0.105397       0.316191       0.878307
        128       0.005462       -0.175661       0.386455       0.948572
        129       0.005462       -0.245926       0.456720       1.018836
        130       0.005462       -0.316191       0.526984       1.089101
        131       0.002731        0.105397       0.105397       0.808043
        132       0.005462        0.035132       0.175661       0.878307
        133       0.005462       -0.035132       0.245926       0.948572
        134       0.005462       -0.105397       0.316191       1.018836
        135       0.005462       -0.175661       0.386455       1.089101
        136       0.002731       -0.245926       0.456720       1.159366
        137       0.002731        0.105397       0.105397       0.948572
        138       0.005462        0.035132       0.175661       1.018836
        139       0.005462       -0.035132       0.245926       1.089101
        140       0.005462       -0.105397       0.316191       1.159366
        141       0.002731        0.105397       0.105397       1.089101
        142       0.005462        0.035132       0.175661       1.159366
        143       0.005462       -0.035132       0.245926       1.229630
        144       0.002731        0.105397       0.105397       1.229630
        145       0.005462        0.035132       0.175661       1.299895
        146       0.002731        0.105397       0.105397       1.370159
        147       0.000910        0.175661       0.175661       0.175661
        148       0.002731        0.105397       0.245926       0.245926
        149       0.002731        0.035132       0.316191       0.316191
        150       0.002731       -0.035132       0.386455       0.386455
        151       0.002731       -0.105397       0.456720       0.456720
        152       0.002731       -0.175661       0.526984       0.526984
        153       0.002731       -0.245926       0.597249       0.597249
        154       0.002731       -0.316191       0.667514       0.667514
        155       0.002731       -0.386455       0.737778       0.737778
        156       0.002731        0.175661       0.175661       0.316191
        157       0.005462        0.105397       0.245926       0.386455
        158       0.005462        0.035132       0.316191       0.456720
        159       0.005462       -0.035132       0.386455       0.526984
        160       0.005462       -0.105397       0.456720       0.597249
        161       0.005462       -0.175661       0.526984       0.667514
        162       0.005462       -0.245926       0.597249       0.737778
        163       0.005462       -0.316191       0.667514       0.808043
        164       0.002731        0.175661       0.175661       0.456720
        165       0.005462        0.105397       0.245926       0.526984
        166       0.005462        0.035132       0.316191       0.597249
        167       0.005462       -0.035132       0.386455       0.667514
        168       0.005462       -0.105397       0.456720       0.737778
        169       0.005462       -0.175661       0.526984       0.808043
        170       0.005462       -0.245926       0.597249       0.878307
        171       0.002731        0.175661       0.175661       0.597249
        172       0.005462        0.105397       0.245926       0.667514
        173       0.005462        0.035132       0.316191       0.737778
        174       0.005462       -0.035132       0.386455       0.808043
        175       0.005462       -0.105397       0.456720       0.878307
        176       0.005462       -0.175661       0.526984       0.948572
        177       0.002731        0.175661       0.175661       0.737778
        178       0.005462        0.105397       0.245926       0.808043
        179       0.005462        0.035132       0.316191       0.878307
        180       0.005462       -0.035132       0.386455       0.948572
        181       0.002731       -0.105397       0.456720       1.018836
        182       0.002731        0.175661       0.175661       0.878307
        183       0.005462        0.105397       0.245926       0.948572
        184       0.005462        0.035132       0.316191       1.018836
        185       0.002731        0.175661       0.175661       1.018836
        186       0.005462        0.105397       0.245926       1.089101
        187       0.002731        0.175661       0.175661       1.159366
        188       0.000910        0.245926       0.245926       0.245926
        189       0.002731        0.175661       0.316191       0.316191
        190       0.002731        0.105397       0.386455       0.386455
        191       0.002731        0.035132       0.456720       0.456720
        192       0.002731       -0.035132       0.526984       0.526984
        193       0.002731       -0.105397       0.597249       0.597249
        194       0.002731       -0.175661       0.667514       0.667514
        195       0.002731        0.245926       0.245926       0.386455
        196       0.005462        0.175661       0.316191       0.456720
        197       0.005462        0.105397       0.386455       0.526984
        198       0.005462        0.035132       0.456720       0.597249
        199       0.005462       -0.035132       0.526984       0.667514
        200       0.005462       -0.105397       0.597249       0.737778
        201       0.002731        0.245926       0.245926       0.526984
        202       0.005462        0.175661       0.316191       0.597249
        203       0.005462        0.105397       0.386455       0.667514
        204       0.005462        0.035132       0.456720       0.737778
        205       0.005462       -0.035132       0.526984       0.808043
        206       0.002731        0.245926       0.245926       0.667514
        207       0.005462        0.175661       0.316191       0.737778
        208       0.005462        0.105397       0.386455       0.808043
        209       0.002731        0.035132       0.456720       0.878307
        210       0.002731        0.245926       0.245926       0.808043
        211       0.005462        0.175661       0.316191       0.878307
        212       0.002731        0.245926       0.245926       0.948572
        213       0.000910        0.316191       0.316191       0.316191
        214       0.002731        0.245926       0.386455       0.386455
        215       0.002731        0.175661       0.456720       0.456720
        216       0.002731        0.105397       0.526984       0.526984
        217       0.002731        0.035132       0.597249       0.597249
        218       0.002731        0.316191       0.316191       0.456720
        219       0.005462        0.245926       0.386455       0.526984
        220       0.005462        0.175661       0.456720       0.597249
        221       0.005462        0.105397       0.526984       0.667514
        222       0.002731        0.316191       0.316191       0.597249
        223       0.005462        0.245926       0.386455       0.667514
        224       0.002731        0.175661       0.456720       0.737778
        225       0.002731        0.316191       0.316191       0.737778
        226       0.000910        0.386455       0.386455       0.386455
        227       0.002731        0.316191       0.456720       0.456720
        228       0.002731        0.245926       0.526984       0.526984
        229       0.002731        0.386455       0.386455       0.526984
        230       0.002731        0.316191       0.456720       0.597249
        231       0.000455        0.456720       0.456720       0.456720
 ***********************************************************************
 *I* TOTAL NUMBER OF DEGREES OF FREEDOM :     0
     
 NEIBRD =       1331
 KID  KNX  KNY  KNZ  KNL  KNM  KNN  =   21   10   10   10   20   20   20
 KIDP KNXP KNYP KNZP KNLP KNMP KNNP =   33   16   16   16   32   32   32
 NUMBER OF GENERATED VECTORS KNG,KNGP =      2421     10969
 KFFT KFFTP =      16800     67584
 IOPT IOPTP =          1         1

 ************************* SYMMETRY OPERATION **************************
                   Rc              tc               Rp             tp
         1.0000  0.0000  0.0000  0.0000   1.0000  0.0000  0.0000  0.0000
 nr.  1  0.0000  1.0000  0.0000  0.0000   0.0000  1.0000  0.0000  0.0000
         0.0000  0.0000  1.0000  0.0000   0.0000  0.0000  1.0000  0.0000

        -1.0000  0.0000  0.0000  0.0000  -1.0000  0.0000  0.0000  0.0000
 nr.  2  0.0000 -1.0000  0.0000  0.0000   0.0000 -1.0000  0.0000  0.0000
         0.0000  0.0000 -1.0000  0.0000   0.0000  0.0000 -1.0000  0.0000

         1.0000  0.0000  0.0000  0.0000   0.0000 -1.0000  1.0000  0.0000
 nr.  3  0.0000  0.0000 -1.0000  0.0000   0.0000  0.0000  1.0000  0.0000
         0.0000  1.0000  0.0000  0.0000  -1.0000  0.0000  1.0000  0.0000

         0.0000  0.0000  1.0000  0.0000   0.0000  0.0000  1.0000  0.0000
 nr.  4  1.0000  0.0000  0.0000  0.0000   1.0000  0.0000  0.0000  0.0000
         0.0000  1.0000  0.0000  0.0000   0.0000  1.0000  0.0000  0.0000

        -1.0000  0.0000  0.0000  0.0000   0.0000  1.0000 -1.0000  0.0000
 nr.  5  0.0000  0.0000  1.0000  0.0000   0.0000  0.0000 -1.0000  0.0000
         0.0000 -1.0000  0.0000  0.0000   1.0000  0.0000 -1.0000  0.0000

         0.0000  0.0000 -1.0000  0.0000   0.0000  0.0000 -1.0000  0.0000
 nr.  6 -1.0000  0.0000  0.0000  0.0000  -1.0000  0.0000  0.0000  0.0000
         0.0000 -1.0000  0.0000  0.0000   0.0000 -1.0000  0.0000  0.0000

         1.0000  0.0000  0.0000  0.0000  -1.0000  0.0000  0.0000  0.0000
 nr.  7  0.0000 -1.0000  0.0000  0.0000  -1.0000  0.0000  1.0000  0.0000
         0.0000  0.0000 -1.0000  0.0000  -1.0000  1.0000  0.0000  0.0000

         0.0000  0.0000  1.0000  0.0000  -1.0000  1.0000  0.0000  0.0000
 nr.  8  0.0000 -1.0000  0.0000  0.0000   0.0000  1.0000  0.0000  0.0000
         1.0000  0.0000  0.0000  0.0000   0.0000  1.0000 -1.0000  0.0000

         0.0000  1.0000  0.0000  0.0000  -1.0000  0.0000  1.0000  0.0000
 nr.  9  1.0000  0.0000  0.0000  0.0000   0.0000 -1.0000  1.0000  0.0000
         0.0000  0.0000 -1.0000  0.0000   0.0000  0.0000  1.0000  0.0000

         0.0000  1.0000  0.0000  0.0000   0.0000  1.0000  0.0000  0.0000
 nr. 10  0.0000  0.0000  1.0000  0.0000   0.0000  0.0000  1.0000  0.0000
         1.0000  0.0000  0.0000  0.0000   1.0000  0.0000  0.0000  0.0000

        -1.0000  0.0000  0.0000  0.0000   1.0000  0.0000  0.0000  0.0000
 nr. 11  0.0000  1.0000  0.0000  0.0000   1.0000  0.0000 -1.0000  0.0000
         0.0000  0.0000  1.0000  0.0000   1.0000 -1.0000  0.0000  0.0000

         0.0000  0.0000 -1.0000  0.0000   1.0000 -1.0000  0.0000  0.0000
 nr. 12  0.0000  1.0000  0.0000  0.0000   0.0000 -1.0000  0.0000  0.0000
        -1.0000  0.0000  0.0000  0.0000   0.0000 -1.0000  1.0000  0.0000

         0.0000 -1.0000  0.0000  0.0000   1.0000  0.0000 -1.0000  0.0000
 nr. 13 -1.0000  0.0000  0.0000  0.0000   0.0000  1.0000 -1.0000  0.0000
         0.0000  0.0000  1.0000  0.0000   0.0000  0.0000 -1.0000  0.0000

         0.0000 -1.0000  0.0000  0.0000   0.0000 -1.0000  0.0000  0.0000
 nr. 14  0.0000  0.0000 -1.0000  0.0000   0.0000  0.0000 -1.0000  0.0000
        -1.0000  0.0000  0.0000  0.0000  -1.0000  0.0000  0.0000  0.0000

         1.0000  0.0000  0.0000  0.0000   0.0000  1.0000 -1.0000  0.0000
 nr. 15  0.0000  0.0000  1.0000  0.0000  -1.0000  1.0000  0.0000  0.0000
         0.0000 -1.0000  0.0000  0.0000   0.0000  1.0000  0.0000  0.0000

         0.0000  0.0000  1.0000  0.0000   0.0000  0.0000 -1.0000  0.0000
 nr. 16 -1.0000  0.0000  0.0000  0.0000   0.0000  1.0000 -1.0000  0.0000
         0.0000 -1.0000  0.0000  0.0000   1.0000  0.0000 -1.0000  0.0000

         0.0000  1.0000  0.0000  0.0000   1.0000  0.0000 -1.0000  0.0000
 nr. 17 -1.0000  0.0000  0.0000  0.0000   1.0000  0.0000  0.0000  0.0000
         0.0000  0.0000  1.0000  0.0000   1.0000 -1.0000  0.0000  0.0000

         0.0000  0.0000 -1.0000  0.0000  -1.0000  1.0000  0.0000  0.0000
 nr. 18  1.0000  0.0000  0.0000  0.0000  -1.0000  0.0000  0.0000  0.0000
         0.0000 -1.0000  0.0000  0.0000  -1.0000  0.0000  1.0000  0.0000

         0.0000  0.0000 -1.0000  0.0000   0.0000  0.0000  1.0000  0.0000
 nr. 19  0.0000  1.0000  0.0000  0.0000  -1.0000  0.0000  1.0000  0.0000
         1.0000  0.0000  0.0000  0.0000   0.0000 -1.0000  1.0000  0.0000

        -1.0000  0.0000  0.0000  0.0000   0.0000 -1.0000  1.0000  0.0000
 nr. 20  0.0000  0.0000 -1.0000  0.0000   1.0000 -1.0000  0.0000  0.0000
         0.0000  1.0000  0.0000  0.0000   0.0000 -1.0000  0.0000  0.0000

         0.0000  0.0000 -1.0000  0.0000   0.0000  0.0000  1.0000  0.0000
 nr. 21  1.0000  0.0000  0.0000  0.0000   0.0000 -1.0000  1.0000  0.0000
         0.0000  1.0000  0.0000  0.0000  -1.0000  0.0000  1.0000  0.0000

         0.0000 -1.0000  0.0000  0.0000  -1.0000  0.0000  1.0000  0.0000
 nr. 22  1.0000  0.0000  0.0000  0.0000  -1.0000  0.0000  0.0000  0.0000
         0.0000  0.0000 -1.0000  0.0000  -1.0000  1.0000  0.0000  0.0000

         0.0000  0.0000  1.0000  0.0000   1.0000 -1.0000  0.0000  0.0000
 nr. 23 -1.0000  0.0000  0.0000  0.0000   1.0000  0.0000  0.0000  0.0000
         0.0000  1.0000  0.0000  0.0000   1.0000  0.0000 -1.0000  0.0000

         0.0000  0.0000  1.0000  0.0000   0.0000  0.0000 -1.0000  0.0000
 nr. 24  0.0000 -1.0000  0.0000  0.0000   1.0000  0.0000 -1.0000  0.0000
        -1.0000  0.0000  0.0000  0.0000   0.0000  1.0000 -1.0000  0.0000

         0.0000  0.0000  1.0000  0.0000   1.0000 -1.0000  0.0000  0.0000
 nr. 25  0.0000  1.0000  0.0000  0.0000   1.0000  0.0000 -1.0000  0.0000
        -1.0000  0.0000  0.0000  0.0000   1.0000  0.0000  0.0000  0.0000

         0.0000  1.0000  0.0000  0.0000   0.0000 -1.0000  0.0000  0.0000
 nr. 26  0.0000  0.0000 -1.0000  0.0000   1.0000 -1.0000  0.0000  0.0000
        -1.0000  0.0000  0.0000  0.0000   0.0000 -1.0000  1.0000  0.0000

         0.0000  0.0000 -1.0000  0.0000   1.0000 -1.0000  0.0000  0.0000
 nr. 27 -1.0000  0.0000  0.0000  0.0000   0.0000 -1.0000  1.0000  0.0000
         0.0000  1.0000  0.0000  0.0000   0.0000 -1.0000  0.0000  0.0000

         0.0000 -1.0000  0.0000  0.0000   0.0000  1.0000  0.0000  0.0000
 nr. 28  1.0000  0.0000  0.0000  0.0000   0.0000  1.0000 -1.0000  0.0000
         0.0000  0.0000  1.0000  0.0000  -1.0000  1.0000  0.0000  0.0000

         0.0000 -1.0000  0.0000  0.0000   1.0000  0.0000 -1.0000  0.0000
 nr. 29  0.0000  0.0000  1.0000  0.0000   0.0000  0.0000 -1.0000  0.0000
        -1.0000  0.0000  0.0000  0.0000   0.0000  1.0000 -1.0000  0.0000

         0.0000 -1.0000  0.0000  0.0000  -1.0000  0.0000  1.0000  0.0000
 nr. 30  0.0000  0.0000 -1.0000  0.0000  -1.0000  1.0000  0.0000  0.0000
         1.0000  0.0000  0.0000  0.0000  -1.0000  0.0000  0.0000  0.0000

         0.0000  0.0000 -1.0000  0.0000  -1.0000  1.0000  0.0000  0.0000
 nr. 31  0.0000 -1.0000  0.0000  0.0000  -1.0000  0.0000  1.0000  0.0000
         1.0000  0.0000  0.0000  0.0000  -1.0000  0.0000  0.0000  0.0000

         0.0000 -1.0000  0.0000  0.0000   0.0000  1.0000  0.0000  0.0000
 nr. 32  0.0000  0.0000  1.0000  0.0000  -1.0000  1.0000  0.0000  0.0000
         1.0000  0.0000  0.0000  0.0000   0.0000  1.0000 -1.0000  0.0000

         0.0000  0.0000  1.0000  0.0000  -1.0000  1.0000  0.0000  0.0000
 nr. 33  1.0000  0.0000  0.0000  0.0000   0.0000  1.0000 -1.0000  0.0000
         0.0000 -1.0000  0.0000  0.0000   0.0000  1.0000  0.0000  0.0000

         0.0000  1.0000  0.0000  0.0000   0.0000 -1.0000  0.0000  0.0000
 nr. 34 -1.0000  0.0000  0.0000  0.0000   0.0000 -1.0000  1.0000  0.0000
         0.0000  0.0000 -1.0000  0.0000   1.0000 -1.0000  0.0000  0.0000

         0.0000  1.0000  0.0000  0.0000  -1.0000  0.0000  1.0000  0.0000
 nr. 35  0.0000  0.0000 -1.0000  0.0000   0.0000  0.0000  1.0000  0.0000
         1.0000  0.0000  0.0000  0.0000   0.0000 -1.0000  1.0000  0.0000

         0.0000  1.0000  0.0000  0.0000   1.0000  0.0000 -1.0000  0.0000
 nr. 36  0.0000  0.0000  1.0000  0.0000   1.0000 -1.0000  0.0000  0.0000
        -1.0000  0.0000  0.0000  0.0000   1.0000  0.0000  0.0000  0.0000

         0.0000  0.0000 -1.0000  0.0000   0.0000  0.0000 -1.0000  0.0000
 nr. 37  0.0000 -1.0000  0.0000  0.0000   0.0000 -1.0000  0.0000  0.0000
        -1.0000  0.0000  0.0000  0.0000  -1.0000  0.0000  0.0000  0.0000

         0.0000 -1.0000  0.0000  0.0000   0.0000 -1.0000  0.0000  0.0000
 nr. 38 -1.0000  0.0000  0.0000  0.0000  -1.0000  0.0000  0.0000  0.0000
         0.0000  0.0000 -1.0000  0.0000   0.0000  0.0000 -1.0000  0.0000

        -1.0000  0.0000  0.0000  0.0000   1.0000  0.0000  0.0000  0.0000
 nr. 39  0.0000  0.0000  1.0000  0.0000   1.0000 -1.0000  0.0000  0.0000
         0.0000  1.0000  0.0000  0.0000   1.0000  0.0000 -1.0000  0.0000

        -1.0000  0.0000  0.0000  0.0000   0.0000 -1.0000  1.0000  0.0000
 nr. 40  0.0000  1.0000  0.0000  0.0000   0.0000 -1.0000  0.0000  0.0000
         0.0000  0.0000 -1.0000  0.0000   1.0000 -1.0000  0.0000  0.0000

        -1.0000  0.0000  0.0000  0.0000   0.0000  1.0000 -1.0000  0.0000
 nr. 41  0.0000 -1.0000  0.0000  0.0000   1.0000  0.0000 -1.0000  0.0000
         0.0000  0.0000  1.0000  0.0000   0.0000  0.0000 -1.0000  0.0000

         0.0000  0.0000  1.0000  0.0000   0.0000  0.0000  1.0000  0.0000
 nr. 42  0.0000  1.0000  0.0000  0.0000   0.0000  1.0000  0.0000  0.0000
         1.0000  0.0000  0.0000  0.0000   1.0000  0.0000  0.0000  0.0000

         0.0000  1.0000  0.0000  0.0000   0.0000  1.0000  0.0000  0.0000
 nr. 43  1.0000  0.0000  0.0000  0.0000   1.0000  0.0000  0.0000  0.0000
         0.0000  0.0000  1.0000  0.0000   0.0000  0.0000  1.0000  0.0000

         1.0000  0.0000  0.0000  0.0000  -1.0000  0.0000  0.0000  0.0000
 nr. 44  0.0000  0.0000 -1.0000  0.0000  -1.0000  1.0000  0.0000  0.0000
         0.0000 -1.0000  0.0000  0.0000  -1.0000  0.0000  1.0000  0.0000

         1.0000  0.0000  0.0000  0.0000   0.0000  1.0000 -1.0000  0.0000
 nr. 45  0.0000 -1.0000  0.0000  0.0000   0.0000  1.0000  0.0000  0.0000
         0.0000  0.0000  1.0000  0.0000  -1.0000  1.0000  0.0000  0.0000

         1.0000  0.0000  0.0000  0.0000   0.0000 -1.0000  1.0000  0.0000
 nr. 46  0.0000  1.0000  0.0000  0.0000  -1.0000  0.0000  1.0000  0.0000
         0.0000  0.0000 -1.0000  0.0000   0.0000  0.0000  1.0000  0.0000

        -1.0000  0.0000  0.0000  0.0000  -1.0000  0.0000  0.0000  0.0000
 nr. 47  0.0000  0.0000 -1.0000  0.0000   0.0000  0.0000 -1.0000  0.0000
         0.0000 -1.0000  0.0000  0.0000   0.0000 -1.0000  0.0000  0.0000

         1.0000  0.0000  0.0000  0.0000   1.0000  0.0000  0.0000  0.0000
 nr. 48  0.0000  0.0000  1.0000  0.0000   0.0000  0.0000  1.0000  0.0000
         0.0000  1.0000  0.0000  0.0000   0.0000  1.0000  0.0000  0.0000
 ***********************************************************************
  
           ===================================================
           ===       MPI PARALLELIZATION INFORMATION       ===
           ===================================================
           === TOTAL NUMBER OF K-POINTS          :     231 ===
           === K-POINT DIVISOR                   :       1 ===
           === TOTAL NUMBER OF BANDS             :      16 ===
           === BAND DIVISOR                      :      16 ===
           === TOTAL NUMBER OF G-VECTORS         :     305 ===
           === G-VECTOR DIVISOR                  :       1 ===
           ===================================================

 ***********************************************************************
                               ALLOCATION 
 ***********************************************************************
  NCPU  KNGP_FFT      KNGP       KNG     KNG1      KEG     KATM    KATM2
     0      1061       685       151       20        1        0        0
     1      1041       685       151       19        1        0        0
     2       965       685       151       19        1        0        0
     3       877       685       151       19        1        0        0
     4       745       685       151       19        1        0        0
     5       569       685       151       19        1        0        0
     6       369       685       151       19        1        0        0
     7       125       686       151       19        1        0        0
     8        30       686       151       19        1        0        0
     9       251       686       151       19        1        0        0
    10       471       686       151       19        1        0        0
    11       665       686       152       19        1        0        0
    12       817       686       152       19        1        0        0
    13       929       686       152       19        1        0        0
    14      1001       686       152       19        1        0        0
    15      1053       686       152       19        1        1        1
 -----------------------------------------------------------------------
  NCPU    KFFTPM     KFFTP    KFFTP2     KFFT    KMESH     KNMP     KNNP
     0      4224      4224      2112     1050       93        2        2
     1      4224      4224      2112     1050       93        2        2
     2      4224      4224      2112     1050       93        2        2
     3      4224      4224      2112     1050       94        2        2
     4      4224      4224      2112     1050       94        2        2
     5      4224      4224      2112     1050       94        2        2
     6      4224      4224      2112     1050       94        2        2
     7      4224      4224      2112     1050       94        2        2
     8      4224      4224      2112     1050       94        2        2
     9      4224      4224      2112     1050       94        2        2
    10      4224      4224      2112     1050       94        2        2
    11      4224      4224      2112     1050       94        2        2
    12      4224      4224      2112     1050       94        2        2
    13      4224      4224      2112     1050       94        2        2
    14      4224      4224      2112     1050       94        2        2
    15      4224      4224      2112     1050       94        2        2
 ***********************************************************************
                            END OF ALLOCATION 
 ***********************************************************************

 ********   <<  Reading Potential >>  ******** 
 F_POT(01) = pot.Cu_pbe1
 29.0000 11.0000  6      1          : NATOMN IVAL ILOC ITPCC
 ggapbe                             : XCTYPE
  7.5900  3.0200  2.6959 -1.6959    : ALP CC
 1501    96.0000 60.0000            : NMESH XH RMAX
 VALL is read from unit 37
    1   2   1                       : IL ITAU(IL1) IVAN(IL1)
    2   2   1                       : IL ITAU(IL1) IVAN(IL1)
    3   2   1                       : IL ITAU(IL1) IVAN(IL1)
    1   1   1   1   1   1  1135   8 : MM L1 T1 L2 T2 L3 NRC MORD
    2   1   1   1   2   1  1135   8 : MM L1 T1 L2 T2 L3 NRC MORD
    3   1   1   2   1   2  1135   8 : MM L1 T1 L2 T2 L3 NRC MORD
    4   1   1   2   2   2  1135   8 : MM L1 T1 L2 T2 L3 NRC MORD
    5   1   1   3   1   3  1135   8 : MM L1 T1 L2 T2 L3 NRC MORD
    6   1   1   3   2   3  1135   8 : MM L1 T1 L2 T2 L3 NRC MORD
    7   1   2   1   2   1  1135   8 : MM L1 T1 L2 T2 L3 NRC MORD
    8   1   2   2   1   2  1135   8 : MM L1 T1 L2 T2 L3 NRC MORD
    9   1   2   2   2   2  1135   8 : MM L1 T1 L2 T2 L3 NRC MORD
   10   1   2   3   1   3  1135   8 : MM L1 T1 L2 T2 L3 NRC MORD
   11   1   2   3   2   3  1135   8 : MM L1 T1 L2 T2 L3 NRC MORD
   12   2   1   2   1   1  1135   8 : MM L1 T1 L2 T2 L3 NRC MORD
   13   2   1   2   1   3  1135   8 : MM L1 T1 L2 T2 L3 NRC MORD
   14   2   1   2   2   1  1135   8 : MM L1 T1 L2 T2 L3 NRC MORD
   15   2   1   2   2   3  1135   8 : MM L1 T1 L2 T2 L3 NRC MORD
   16   2   1   3   1   2  1135   8 : MM L1 T1 L2 T2 L3 NRC MORD
   17   2   1   3   1   4  1135   8 : MM L1 T1 L2 T2 L3 NRC MORD
   18   2   1   3   2   2  1135   8 : MM L1 T1 L2 T2 L3 NRC MORD
   19   2   1   3   2   4  1135   8 : MM L1 T1 L2 T2 L3 NRC MORD
   20   2   2   2   2   1  1135   8 : MM L1 T1 L2 T2 L3 NRC MORD
   21   2   2   2   2   3  1135   8 : MM L1 T1 L2 T2 L3 NRC MORD
   22   2   2   3   1   2  1135   8 : MM L1 T1 L2 T2 L3 NRC MORD
   23   2   2   3   1   4  1135   8 : MM L1 T1 L2 T2 L3 NRC MORD
   24   2   2   3   2   2  1135   8 : MM L1 T1 L2 T2 L3 NRC MORD
   25   2   2   3   2   4  1135   8 : MM L1 T1 L2 T2 L3 NRC MORD
   26   3   1   3   1   1  1135   8 : MM L1 T1 L2 T2 L3 NRC MORD
   27   3   1   3   1   3  1127   8 : MM L1 T1 L2 T2 L3 NRC MORD
   28   3   1   3   1   5  1135   8 : MM L1 T1 L2 T2 L3 NRC MORD
   29   3   1   3   2   1  1135   8 : MM L1 T1 L2 T2 L3 NRC MORD
   30   3   1   3   2   3  1135   8 : MM L1 T1 L2 T2 L3 NRC MORD
   31   3   1   3   2   5  1135   8 : MM L1 T1 L2 T2 L3 NRC MORD
   32   3   2   3   2   1  1135   8 : MM L1 T1 L2 T2 L3 NRC MORD
   33   3   2   3   2   3  1135   8 : MM L1 T1 L2 T2 L3 NRC MORD
   34   3   2   3   2   5  1135   8 : MM L1 T1 L2 T2 L3 NRC MORD
 CHGPC  =   8.48851088
 TOTAL ENERGY CORRECTION FROM PS     =     0.4923571502D+00
 TOTAL PARTIAL CHARGE         SCHGPC =         8.4885108817
 TOTAL LOCALIZED CHARGE (QLCTOT)     =         0.0000000000
 KQITG =    34
 NUMBER OF BANDS SHOULD BE GREATER THAN 6
 KLMT  =    18
 KLMTT =    18
 KLMTA =    18
 TOTCH =      11.000000000000
 NX NY NZ  =   4   4   4
 NNEIB     =     729
 ALF       =    2.647574
 NEWLDG    =     137

 ***********************************************************************
 *                                                                     *
 *                              START SCF                              *
 *                                                                     *
 ***********************************************************************

  NSCF NADR            ETOTAL          EDEL          CDEL CONV      TCPU
     1    0      -59.14941710   0.59149E+02   0.13707E-01    0      3.30
     2    0      -59.53122250   0.38181E+00   0.51641E-01    0      1.66
     3    1      -59.76309699   0.23187E+00   0.86710E-02    0      1.66
     4    2      -59.76558535   0.24884E-02   0.34144E-02    1      1.66
     5    3      -59.76551482   0.70528E-04   0.92843E-03    2      1.69
     6    4      -59.76553612   0.21298E-04   0.78755E-03    2      1.66
     7    5      -59.76558985   0.53736E-04   0.37972E-04    3      1.66
     8    6      -59.76558997   0.11769E-06   0.40766E-05    3      1.66
     9    7      -59.76558997   0.84683E-09   0.42165E-05    3      1.65
    10    8      -59.76558997   0.10883E-08   0.22320E-05    3      1.66
    11    9      -59.76558997   0.39481E-09   0.46351E-07    3      1.65
    12   10      -59.76558997   0.26290E-10   0.34722E-07    4      1.65
    13   11      -59.76558997   0.44054E-12   0.50867E-07    5      1.67
    14   12      -59.76558997   0.63309E-11   0.58677E-08    6      1.69
 
                                   TOTAL CHARGE DENSITY =     10.9999997

                     TOTAL ENERGY AND ITS COMPONENTS 
                  TOTAL ENERGY     =         -59.76558997 A.U.
                KINETIC ENERGY     =           6.33421033 A.U.
                HARTREE ENERGY     =          16.07679114 A.U.
                     XC ENERGY     =         -19.86527763 A.U.
                  LOCAL ENERGY     =         -17.32600258 A.U.
               NONLOCAL ENERGY     =          -4.65963324 A.U.
                  EWALD ENERGY     =         -40.32567026 A.U.
                     PC ENERGY     =           0.00000000 A.U.
               ENTROPIC ENERGY     =          -0.00000773 A.U.

                                         FERMI ENERGY =      -0.04416408
 NKP=    1  NGP=       298  K=(  0.03513  0.03513  0.03513)  WKP= 0.0009
                              EIGEN VALUE 
 -0.38133 -0.15513 -0.15435 -0.15435 -0.12579 -0.12579  0.79705  0.85205
  0.87564  0.87564  0.97628  0.97628  1.00295  1.11240  1.26449  1.26449
                               OCCUPATION 
  1.00000  1.00000  1.00000  1.00000  1.00000  1.00000  0.00000  0.00000
  0.00000  0.00000  0.00000  0.00000  0.00000  0.00000  0.00000  0.00000
 NKP=    2  NGP=       302  K=( -0.03513  0.10540  0.10540)  WKP= 0.0027
                              EIGEN VALUE 
 -0.37096 -0.15736 -0.15260 -0.15223 -0.12745 -0.12541  0.71439  0.77948
  0.85551  0.88881  0.98341  1.01308  1.08941  1.15713  1.16502  1.24321
                               OCCUPATION 
  1.00000  1.00000  1.00000  1.00000  1.00000  1.00000  0.00000  0.00000
  0.00000  0.00000  0.00000  0.00000  0.00000  0.00000  0.00000  0.00000
 NKP=    3  NGP=       304  K=( -0.10540  0.17566  0.17566)  WKP= 0.0027
                              EIGEN VALUE 
 -0.34574 -0.16143 -0.14942 -0.14933 -0.12867 -0.12440  0.56516  0.74292
  0.84587  0.86066  1.01412  1.03999  1.07633  1.14258  1.16179  1.30971
                               OCCUPATION 
  1.00000  1.00000  1.00000  1.00000  1.00000  1.00000  0.00000  0.00000
  0.00000  0.00000  0.00000  0.00000  0.00000  0.00000  0.00000  0.00000
 NKP=    4  NGP=       301  K=( -0.17566  0.24593  0.24593)  WKP= 0.0027
                              EIGEN VALUE 
 -0.30818 -0.16423 -0.14914 -0.14848 -0.12572 -0.11992  0.42126  0.71816
  0.82339  0.83465  0.97007  0.99899  1.09712  1.15885  1.23481  1.38865
                               OCCUPATION 
  1.00000  1.00000  1.00000  1.00000  1.00000  1.00000  0.00000  0.00000
  0.00000  0.00000  0.00000  0.00000  0.00000  0.00000  0.00000  0.00000
 NKP=    5  NGP=       299  K=( -0.24593  0.31619  0.31619)  WKP= 0.0027
                              EIGEN VALUE 
 -0.26592 -0.15846 -0.15166 -0.15097 -0.11837 -0.11216  0.28936  0.70483
  0.79506  0.81263  0.90798  0.96658  1.07520  1.26957  1.33344  1.47587
                               OCCUPATION 
  1.00000  1.00000  1.00000  1.00000  1.00000  1.00000  0.00000  0.00000
  0.00000  0.00000  0.00000  0.00000  0.00000  0.00000  0.00000  0.00000
 NKP=    6  NGP=       297  K=( -0.31619  0.38646  0.38646)  WKP= 0.0027
                              EIGEN VALUE 
 -0.23666 -0.15469 -0.15385 -0.13241 -0.11074 -0.10139  0.17474  0.70386
  0.77025  0.78633  0.87738  0.93059  1.07088  1.39387  1.44819  1.57332
                               OCCUPATION 
  1.00000  1.00000  1.00000  1.00000  1.00000  1.00000  0.00000  0.00000
  0.00000  0.00000  0.00000  0.00000  0.00000  0.00000  0.00000  0.00000
 NKP=    7  NGP=       294  K=( -0.38646  0.45672  0.45672)  WKP= 0.0027
                              EIGEN VALUE 
 -0.22740 -0.15648 -0.15534 -0.11324 -0.10594 -0.07419  0.09668  0.71538
  0.75517  0.75694  0.87929  0.90468  1.07024  1.52686  1.56694  1.59873
                               OCCUPATION 
  1.00000  1.00000  1.00000  1.00000  1.00000  1.00000  0.00000  0.00000
  0.00000  0.00000  0.00000  0.00000  0.00000  0.00000  0.00000  0.00000
 NKP=    8  NGP=       288  K=( -0.45672  0.52698  0.52698)  WKP= 0.0027
                              EIGEN VALUE 
 -0.22894 -0.15628 -0.15486 -0.11702 -0.10558 -0.08468  0.11562  0.73382
  0.73575  0.75723  0.89397  0.90363  1.06883  1.46586  1.55494  1.61830
                               OCCUPATION 
  1.00000  1.00000  1.00000  1.00000  1.00000  1.00000  0.00000  0.00000
  0.00000  0.00000  0.00000  0.00000  0.00000  0.00000  0.00000  0.00000
 NKP=    9  NGP=       294  K=( -0.52698  0.59725  0.59725)  WKP= 0.0027
                              EIGEN VALUE 
 -0.24389 -0.15408 -0.15266 -0.14363 -0.10959 -0.10890  0.21043  0.72765
  0.74509  0.78788  0.90076  0.94559  1.06592  1.33790  1.43096  1.53250
                               OCCUPATION 
  1.00000  1.00000  1.00000  1.00000  1.00000  1.00000  0.00000  0.00000
  0.00000  0.00000  0.00000  0.00000  0.00000  0.00000  0.00000  0.00000
 NKP=   10  NGP=       298  K=( -0.59725  0.66751  0.66751)  WKP= 0.0027
                              EIGEN VALUE 
 -0.27963 -0.16224 -0.15080 -0.14980 -0.11964 -0.11623  0.33173  0.73328
  0.75812  0.83057  0.92625  1.00327  1.06303  1.22499  1.31301  1.43883
                               OCCUPATION 
  1.00000  1.00000  1.00000  1.00000  1.00000  1.00000  0.00000  0.00000
  0.00000  0.00000  0.00000  0.00000  0.00000  0.00000  0.00000  0.00000
 NKP=   11  NGP=       300  K=( -0.66751  0.73778  0.73778)  WKP= 0.0027
                              EIGEN VALUE 
 -0.32178 -0.16387 -0.14867 -0.14836 -0.12688 -0.12230  0.46806  0.75213
  0.77603  0.86912  0.96640  1.06556  1.07307  1.13486  1.21133  1.35884
                               OCCUPATION 
  1.00000  1.00000  1.00000  1.00000  1.00000  1.00000  0.00000  0.00000
  0.00000  0.00000  0.00000  0.00000  0.00000  0.00000  0.00000  0.00000
 NKP=   12  NGP=       305  K=( -0.73778  0.80804  0.80804)  WKP= 0.0027
                              EIGEN VALUE 
 -0.35569 -0.16015 -0.15027 -0.15013 -0.12866 -0.12492  0.61506  0.78355
  0.79726  0.88902  0.99038  1.07020  1.09702  1.10801  1.18375  1.27175
                               OCCUPATION 
  1.00000  1.00000  1.00000  1.00000  1.00000  1.00000  0.00000  0.00000
  0.00000  0.00000  0.00000  0.00000  0.00000  0.00000  0.00000  0.00000
 NKP=   13  NGP=       303  K=( -0.80804  0.87831  0.87831)  WKP= 0.0027
                              EIGEN VALUE 
 -0.37612 -0.15652 -0.15325 -0.15317 -0.12713 -0.12521  0.76113  0.82196
  0.82655  0.87894  0.98499  1.03029  1.04427  1.12324  1.19909  1.27153
                               OCCUPATION 
  1.00000  1.00000  1.00000  1.00000  1.00000  1.00000  0.00000  0.00000
  0.00000  0.00000  0.00000  0.00000  0.00000  0.00000  0.00000  0.00000
 NKP=   14  NGP=       303  K=(  0.03513  0.03513  0.17566)  WKP= 0.0027
                              EIGEN VALUE 
 -0.36581 -0.15937 -0.15089 -0.15084 -0.12964 -0.12407  0.71771  0.77237
  0.78518  0.85211  1.02321  1.05020  1.09388  1.11335  1.21946  1.28591
                               OCCUPATION 
  1.00000  1.00000  1.00000  1.00000  1.00000  1.00000  0.00000  0.00000
  0.00000  0.00000  0.00000  0.00000  0.00000  0.00000  0.00000  0.00000
 NKP=   15  NGP=       301  K=( -0.03513  0.10540  0.24593)  WKP= 0.0055
                              EIGEN VALUE 
 -0.34565 -0.16357 -0.14787 -0.14728 -0.13218 -0.12235  0.62183  0.68426
  0.79753  0.86266  0.95215  1.05620  1.11176  1.21164  1.24214  1.31892
                               OCCUPATION 
  1.00000  1.00000  1.00000  1.00000  1.00000  1.00000  0.00000  0.00000
  0.00000  0.00000  0.00000  0.00000  0.00000  0.00000  0.00000  0.00000
 NKP=   16  NGP=       300  K=( -0.10540  0.17566  0.31619)  WKP= 0.0055
                              EIGEN VALUE 
 -0.31227 -0.16774 -0.14834 -0.14489 -0.12942 -0.11812  0.47617  0.65324
  0.77468  0.84993  0.95097  1.03731  1.11222  1.20915  1.27686  1.41329
                               OCCUPATION 
  1.00000  1.00000  1.00000  1.00000  1.00000  1.00000  0.00000  0.00000
  0.00000  0.00000  0.00000  0.00000  0.00000  0.00000  0.00000  0.00000
 NKP=   17  NGP=       298  K=( -0.17566  0.24593  0.38646)  WKP= 0.0055
                              EIGEN VALUE 
 -0.27102 -0.16777 -0.15262 -0.14620 -0.11963 -0.10982  0.33989  0.63616
  0.74551  0.78885  0.99007  1.02395  1.10503  1.20544  1.36493  1.50766
                               OCCUPATION 
  1.00000  1.00000  1.00000  1.00000  1.00000  1.00000  0.00000  0.00000
  0.00000  0.00000  0.00000  0.00000  0.00000  0.00000  0.00000  0.00000
 NKP=   18  NGP=       296  K=( -0.24593  0.31619  0.45672)  WKP= 0.0055
                              EIGEN VALUE 
 -0.23657 -0.15845 -0.15434 -0.14889 -0.10988 -0.09273  0.21796  0.63307
  0.69888  0.76306  0.96361  1.02309  1.12375  1.25967  1.47476  1.60628
                               OCCUPATION 
  1.00000  1.00000  1.00000  1.00000  1.00000  1.00000  0.00000  0.00000
  0.00000  0.00000  0.00000  0.00000  0.00000  0.00000  0.00000  0.00000
 NKP=   19  NGP=       294  K=( -0.31619  0.38646  0.52698)  WKP= 0.0055
                              EIGEN VALUE 
 -0.22268 -0.16019 -0.15129 -0.13679 -0.10574 -0.05640  0.12069  0.64032
  0.65869  0.75916  0.93844  1.00977  1.13533  1.37064  1.58335  1.59501
                               OCCUPATION 
  1.00000  1.00000  1.00000  1.00000  1.00000  1.00000  0.00000  0.00000
  0.00000  0.00000  0.00000  0.00000  0.00000  0.00000  0.00000  0.00000
 NKP=   20  NGP=       293  K=( -0.38646  0.45672  0.59725)  WKP= 0.0055
                              EIGEN VALUE 
 -0.22124 -0.16033 -0.15183 -0.13294 -0.10659 -0.04407  0.10043  0.61790
  0.67672  0.76865  0.92268  1.00322  1.14308  1.44689  1.50871  1.57203
                               OCCUPATION 
  1.00000  1.00000  1.00000  1.00000  1.00000  0.45908  0.00000  0.00000
  0.00000  0.00000  0.00000  0.00000  0.00000  0.00000  0.00000  0.00000
 NKP=   21  NGP=       297  K=( -0.45672  0.52698  0.66751)  WKP= 0.0055
                              EIGEN VALUE 
 -0.22966 -0.15802 -0.15066 -0.14691 -0.11188 -0.08036  0.18191  0.60090
  0.71899  0.79042  0.91955  1.00186  1.15264  1.31837  1.45299  1.63040
                               OCCUPATION 
  1.00000  1.00000  1.00000  1.00000  1.00000  1.00000  0.00000  0.00000
  0.00000  0.00000  0.00000  0.00000  0.00000  0.00000  0.00000  0.00000
 NKP=   22  NGP=       297  K=( -0.52698  0.59725  0.73778)  WKP= 0.0055
                              EIGEN VALUE 
 -0.25758 -0.16444 -0.15394 -0.14750 -0.12080 -0.10197  0.29756  0.59847
  0.77309  0.82265  0.93313  0.99615  1.15506  1.21914  1.35009  1.56883
                               OCCUPATION 
  1.00000  1.00000  1.00000  1.00000  1.00000  1.00000  0.00000  0.00000
  0.00000  0.00000  0.00000  0.00000  0.00000  0.00000  0.00000  0.00000
 NKP=   23  NGP=       302  K=( -0.59725  0.66751  0.80804)  WKP= 0.0055
                              EIGEN VALUE 
 -0.29889 -0.16769 -0.14985 -0.14497 -0.12948 -0.11373  0.42956  0.61027
  0.82637  0.86841  0.95947  0.98032  1.09648  1.20396  1.28369  1.46653
                               OCCUPATION 
  1.00000  1.00000  1.00000  1.00000  1.00000  1.00000  0.00000  0.00000
  0.00000  0.00000  0.00000  0.00000  0.00000  0.00000  0.00000  0.00000
 NKP=   24  NGP=       301  K=( -0.66751  0.73778  0.87831)  WKP= 0.0055
                              EIGEN VALUE 
 -0.33585 -0.16423 -0.14832 -0.14656 -0.13208 -0.12101  0.57221  0.63657
  0.85722  0.91108  0.94845  1.02088  1.04013  1.19951  1.25970  1.36701
                               OCCUPATION 
  1.00000  1.00000  1.00000  1.00000  1.00000  1.00000  0.00000  0.00000
  0.00000  0.00000  0.00000  0.00000  0.00000  0.00000  0.00000  0.00000
 NKP=   25  NGP=       303  K=( -0.73778  0.80804  0.94857)  WKP= 0.0055
                              EIGEN VALUE 
 -0.36073 -0.15979 -0.15059 -0.15036 -0.12945 -0.12431  0.66695  0.73128
  0.83407  0.89366  0.98863  1.02939  1.09006  1.15074  1.20515  1.26911
                               OCCUPATION 
  1.00000  1.00000  1.00000  1.00000  1.00000  1.00000  0.00000  0.00000
  0.00000  0.00000  0.00000  0.00000  0.00000  0.00000  0.00000  0.00000
 NKP=   26  NGP=       301  K=(  0.03513  0.03513  0.31619)  WKP= 0.0027
                              EIGEN VALUE 
 -0.33093 -0.16844 -0.14358 -0.14295 -0.13610 -0.12040  0.63098  0.66981
  0.71698  0.77132  0.86812  1.16590  1.22262  1.23111  1.33826  1.34076
                               OCCUPATION 
  1.00000  1.00000  1.00000  1.00000  1.00000  1.00000  0.00000  0.00000
  0.00000  0.00000  0.00000  0.00000  0.00000  0.00000  0.00000  0.00000
 NKP=   27  NGP=       299  K=( -0.03513  0.10540  0.38646)  WKP= 0.0055
                              EIGEN VALUE 
 -0.30299 -0.17370 -0.14612 -0.13796 -0.13170 -0.11689  0.54023  0.59755
  0.71712  0.74507  0.83810  1.18327  1.21489  1.31776  1.35054  1.44511
                               OCCUPATION 
  1.00000  1.00000  1.00000  1.00000  1.00000  1.00000  0.00000  0.00000
  0.00000  0.00000  0.00000  0.00000  0.00000  0.00000  0.00000  0.00000
 NKP=   28  NGP=       299  K=( -0.10540  0.17566  0.45672)  WKP= 0.0055
                              EIGEN VALUE 
 -0.26597 -0.17713 -0.15274 -0.13750 -0.11849 -0.10849  0.40227  0.57426
  0.65213  0.73361  0.91534  1.13462  1.20134  1.30486  1.42741  1.55773
                               OCCUPATION 
  1.00000  1.00000  1.00000  1.00000  1.00000  1.00000  0.00000  0.00000
  0.00000  0.00000  0.00000  0.00000  0.00000  0.00000  0.00000  0.00000
 NKP=   29  NGP=       294  K=( -0.17566  0.24593  0.52698)  WKP= 0.0055
                              EIGEN VALUE 
 -0.23080 -0.17525 -0.15790 -0.13977 -0.10839 -0.08491  0.27486  0.56565
  0.58966  0.72516  1.01916  1.09397  1.16956  1.29738  1.53275  1.65934
                               OCCUPATION 
  1.00000  1.00000  1.00000  1.00000  1.00000  1.00000  0.00000  0.00000
  0.00000  0.00000  0.00000  0.00000  0.00000  0.00000  0.00000  0.00000
 NKP=   30  NGP=       298  K=( -0.24593  0.31619  0.59725)  WKP= 0.0055
                              EIGEN VALUE 
 -0.21290 -0.17054 -0.15518 -0.14246 -0.10504 -0.03855  0.16428  0.53319
  0.57880  0.72707  1.03622  1.13759  1.16419  1.30117  1.59160  1.64067
                               OCCUPATION 
  1.00000  1.00000  1.00000  1.00000  1.00000 -0.00026  0.00000  0.00000
  0.00000  0.00000  0.00000  0.00000  0.00000  0.00000  0.00000  0.00000
 NKP=   31  NGP=       295  K=( -0.31619  0.38646  0.66751)  WKP= 0.0055
                              EIGEN VALUE 
 -0.20864 -0.16945 -0.14959 -0.14426 -0.10679  0.00500  0.10069  0.49443
  0.60475  0.74129  1.00855  1.11603  1.26840  1.33892  1.44727  1.57576
                               OCCUPATION 
  1.00000  1.00000  1.00000  1.00000  1.00000  0.00000  0.00000  0.00000
  0.00000  0.00000  0.00000  0.00000  0.00000  0.00000  0.00000  0.00000
 NKP=   32  NGP=       296  K=( -0.38646  0.45672  0.73778)  WKP= 0.0055
                              EIGEN VALUE 
 -0.21154 -0.16644 -0.15580 -0.14397 -0.11294 -0.03471  0.16502  0.47018
  0.64691  0.76981  0.98808  1.09530  1.27845  1.32776  1.43901  1.49902
                               OCCUPATION 
  1.00000  1.00000  1.00000  1.00000  1.00000 -0.00000  0.00000  0.00000
  0.00000  0.00000  0.00000  0.00000  0.00000  0.00000  0.00000  0.00000
 NKP=   33  NGP=       298  K=( -0.45672  0.52698  0.80804)  WKP= 0.0055
                              EIGEN VALUE 
 -0.22903 -0.16879 -0.16069 -0.14185 -0.12229 -0.07535  0.27581  0.46143
  0.70295  0.81406  0.97370  1.06926  1.17843  1.29906  1.39227  1.64393
                               OCCUPATION 
  1.00000  1.00000  1.00000  1.00000  1.00000  1.00000  0.00000  0.00000
  0.00000  0.00000  0.00000  0.00000  0.00000  0.00000  0.00000  0.00000
 NKP=   34  NGP=       299  K=( -0.52698  0.59725  0.87831)  WKP= 0.0055
                              EIGEN VALUE 
 -0.26526 -0.17209 -0.15452 -0.13841 -0.13257 -0.09827  0.40224  0.46908
  0.77055  0.87386  0.95059  1.03342  1.09112  1.24687  1.40334  1.54913
                               OCCUPATION 
  1.00000  1.00000  1.00000  1.00000  1.00000  1.00000  0.00000  0.00000
  0.00000  0.00000  0.00000  0.00000  0.00000  0.00000  0.00000  0.00000
 NKP=   35  NGP=       299  K=( -0.59725  0.66751  0.94857)  WKP= 0.0055
                              EIGEN VALUE 
 -0.30300 -0.16875 -0.14974 -0.14175 -0.13392 -0.11276  0.48359  0.54851
  0.84345  0.89579  0.94524  0.99077  1.05636  1.21616  1.33943  1.47786
                               OCCUPATION 
  1.00000  1.00000  1.00000  1.00000  1.00000  1.00000  0.00000  0.00000
  0.00000  0.00000  0.00000  0.00000  0.00000  0.00000  0.00000  0.00000
 NKP=   36  NGP=       302  K=( -0.66751  0.73778  1.01884)  WKP= 0.0055
                              EIGEN VALUE 
 -0.33111 -0.16402 -0.14845 -0.14747 -0.12987 -0.12173  0.51880  0.69703
  0.81287  0.91119  0.94371  1.03687  1.07957  1.17045  1.21191  1.35629
                               OCCUPATION 
  1.00000  1.00000  1.00000  1.00000  1.00000  1.00000  0.00000  0.00000
  0.00000  0.00000  0.00000  0.00000  0.00000  0.00000  0.00000  0.00000
 NKP=   37  NGP=       303  K=(  0.03513  0.03513  0.45672)  WKP= 0.0027
                              EIGEN VALUE 
 -0.28185 -0.17998 -0.14330 -0.13165 -0.12909 -0.11557  0.55178  0.58085
  0.63076  0.66945  0.76679  1.31067  1.32872  1.36271  1.43383  1.46936
                               OCCUPATION 
  1.00000  1.00000  1.00000  1.00000  1.00000  1.00000  0.00000  0.00000
  0.00000  0.00000  0.00000  0.00000  0.00000  0.00000  0.00000  0.00000
 NKP=   38  NGP=       303  K=( -0.03513  0.10540  0.52698)  WKP= 0.0055
                              EIGEN VALUE 
 -0.25301 -0.18500 -0.14601 -0.12627 -0.11829 -0.10885  0.47161  0.52316
  0.55564  0.68803  0.78253  1.27718  1.35430  1.43016  1.48473  1.57214
                               OCCUPATION 
  1.00000  1.00000  1.00000  1.00000  1.00000  1.00000  0.00000  0.00000
  0.00000  0.00000  0.00000  0.00000  0.00000  0.00000  0.00000  0.00000
 NKP=   39  NGP=       301  K=( -0.10540  0.17566  0.59725)  WKP= 0.0055
                              EIGEN VALUE 
 -0.22491 -0.18697 -0.15092 -0.12765 -0.10771 -0.08045  0.34417  0.48329
  0.51230  0.69192  0.87511  1.21951  1.31996  1.43972  1.59660  1.71970
                               OCCUPATION 
  1.00000  1.00000  1.00000  1.00000  1.00000  1.00000  0.00000  0.00000
  0.00000  0.00000  0.00000  0.00000  0.00000  0.00000  0.00000  0.00000
 NKP=   40  NGP=       299  K=( -0.17566  0.24593  0.66751)  WKP= 0.0055
                              EIGEN VALUE 
 -0.20682 -0.18499 -0.15433 -0.13065 -0.10428 -0.02647  0.22672  0.42612
  0.51676  0.69525  0.99498  1.17137  1.28007  1.44777  1.60681  1.70073
                               OCCUPATION 
  1.00000  1.00000  1.00000  1.00000  1.00000  0.00000  0.00000  0.00000
  0.00000  0.00000  0.00000  0.00000  0.00000  0.00000  0.00000  0.00000
 NKP=   41  NGP=       294  K=( -0.24593  0.31619  0.73778)  WKP= 0.0055
                              EIGEN VALUE 
 -0.19827 -0.18180 -0.15609 -0.13355 -0.10611  0.04323  0.13015  0.38199
  0.53998  0.70748  1.10476  1.15760  1.24636  1.43654  1.47504  1.59181
                               OCCUPATION 
  1.00000  1.00000  1.00000  1.00000  1.00000  0.00000  0.00000  0.00000
  0.00000  0.00000  0.00000  0.00000  0.00000  0.00000  0.00000  0.00000
 NKP=   42  NGP=       294  K=( -0.31619  0.38646  0.80804)  WKP= 0.0055
                              EIGEN VALUE 
 -0.19529 -0.17761 -0.16140 -0.13525 -0.11231  0.02530  0.15746  0.35276
  0.57993  0.73149  1.09173  1.20466  1.28025  1.32420  1.43454  1.52116
                               OCCUPATION 
  1.00000  1.00000  1.00000  1.00000  1.00000  0.00000  0.00000  0.00000
  0.00000  0.00000  0.00000  0.00000  0.00000  0.00000  0.00000  0.00000
 NKP=   43  NGP=       294  K=( -0.38646  0.45672  0.87831)  WKP= 0.0055
                              EIGEN VALUE 
 -0.20262 -0.17117 -0.16980 -0.13561 -0.12084 -0.03441  0.26153  0.34180
  0.63405  0.76879  1.05991  1.16261  1.19257  1.33594  1.47395  1.53864
                               OCCUPATION 
  1.00000  1.00000  1.00000  1.00000  1.00000 -0.00000  0.00000  0.00000
  0.00000  0.00000  0.00000  0.00000  0.00000  0.00000  0.00000  0.00000
 NKP=   44  NGP=       299  K=( -0.45672  0.52698  0.94857)  WKP= 0.0055
                              EIGEN VALUE 
 -0.22883 -0.17310 -0.16152 -0.13747 -0.12710 -0.07440  0.32838  0.39968
  0.69954  0.81785  1.00012  1.09380  1.13654  1.28826  1.46744  1.60662
                               OCCUPATION 
  1.00000  1.00000  1.00000  1.00000  1.00000  1.00000  0.00000  0.00000
  0.00000  0.00000  0.00000  0.00000  0.00000  0.00000  0.00000  0.00000
 NKP=   45  NGP=       300  K=( -0.52698  0.59725  1.01884)  WKP= 0.0055
                              EIGEN VALUE 
 -0.26256 -0.16969 -0.15427 -0.14335 -0.12674 -0.09952  0.34838  0.53130
  0.77196  0.85337  0.94511  1.01223  1.13139  1.24671  1.33963  1.60729
                               OCCUPATION 
  1.00000  1.00000  1.00000  1.00000  1.00000  1.00000  0.00000  0.00000
  0.00000  0.00000  0.00000  0.00000  0.00000  0.00000  0.00000  0.00000
 NKP=   46  NGP=       298  K=( -0.59725  0.66751  1.08910)  WKP= 0.0055
                              EIGEN VALUE 
 -0.29092 -0.16550 -0.15016 -0.14787 -0.12425 -0.11536  0.37853  0.67591
  0.78988  0.85185  0.93594  1.00803  1.10731  1.17568  1.29207  1.44089
                               OCCUPATION 
  1.00000  1.00000  1.00000  1.00000  1.00000  1.00000  0.00000  0.00000
  0.00000  0.00000  0.00000  0.00000  0.00000  0.00000  0.00000  0.00000
 NKP=   47  NGP=       305  K=(  0.03513  0.03513  0.59725)  WKP= 0.0027
                              EIGEN VALUE 
 -0.23705 -0.19126 -0.12975 -0.11903 -0.11141 -0.11050  0.46636  0.48726
  0.50959  0.63374  0.72540  1.41546  1.42958  1.52300  1.53522  1.58190
                               OCCUPATION 
  1.00000  1.00000  1.00000  1.00000  1.00000  1.00000  0.00000  0.00000
  0.00000  0.00000  0.00000  0.00000  0.00000  0.00000  0.00000  0.00000
 NKP=   48  NGP=       301  K=( -0.03513  0.10540  0.66751)  WKP= 0.0055
                              EIGEN VALUE 
 -0.22286 -0.19483 -0.12919 -0.11458 -0.10796 -0.07695  0.39299  0.42003
  0.46825  0.65655  0.75115  1.36257  1.47466  1.58076  1.61168  1.70879
                               OCCUPATION 
  1.00000  1.00000  1.00000  1.00000  1.00000  1.00000  0.00000  0.00000
  0.00000  0.00000  0.00000  0.00000  0.00000  0.00000  0.00000  0.00000
 NKP=   49  NGP=       300  K=( -0.10540  0.17566  0.73778)  WKP= 0.0055
                              EIGEN VALUE 
 -0.21159 -0.19472 -0.13617 -0.11808 -0.10349 -0.01749  0.30379  0.33371
  0.46743  0.66933  0.85014  1.30534  1.42471  1.62073  1.63576  1.73836
                               OCCUPATION 
  1.00000  1.00000  1.00000  1.00000  1.00000  0.00000  0.00000  0.00000
  0.00000  0.00000  0.00000  0.00000  0.00000  0.00000  0.00000  0.00000
 NKP=   50  NGP=       293  K=( -0.17566  0.24593  0.80804)  WKP= 0.0055
                              EIGEN VALUE 
 -0.20197 -0.19143 -0.14529 -0.12211 -0.10460  0.05814  0.19711  0.28829
  0.48635  0.68052  0.97948  1.25569  1.37569  1.47738  1.59958  1.66428
                               OCCUPATION 
  1.00000  1.00000  1.00000  1.00000  1.00000  0.00000  0.00000  0.00000
  0.00000  0.00000  0.00000  0.00000  0.00000  0.00000  0.00000  0.00000
 NKP=   51  NGP=       292  K=( -0.24593  0.31619  0.87831)  WKP= 0.0055
                              EIGEN VALUE 
 -0.19273 -0.18691 -0.15617 -0.12645 -0.10957  0.09993  0.14683  0.26380
  0.52318  0.69978  1.12438  1.20556  1.32047  1.34633  1.48583  1.68765
                               OCCUPATION 
  1.00000  1.00000  1.00000  1.00000  1.00000  0.00000  0.00000  0.00000
  0.00000  0.00000  0.00000  0.00000  0.00000  0.00000  0.00000  0.00000
 NKP=   52  NGP=       290  K=( -0.31619  0.38646  0.94857)  WKP= 0.0055
                              EIGEN VALUE 
 -0.19096 -0.17945 -0.16537 -0.13198 -0.11485  0.02506  0.20094  0.29656
  0.57494  0.72958  1.12764  1.23716  1.24939  1.29953  1.41834  1.61068
                               OCCUPATION 
  1.00000  1.00000  1.00000  1.00000  1.00000  0.00000  0.00000  0.00000
  0.00000  0.00000  0.00000  0.00000  0.00000  0.00000  0.00000  0.00000
 NKP=   53  NGP=       295  K=( -0.38646  0.45672  1.01884)  WKP= 0.0055
                              EIGEN VALUE 
 -0.20635 -0.16914 -0.16473 -0.13936 -0.11725 -0.03432  0.21209  0.40164
  0.63835  0.76921  1.02716  1.13395  1.23614  1.35915  1.43427  1.49320
                               OCCUPATION 
  1.00000  1.00000  1.00000  1.00000  1.00000 -0.00000  0.00000  0.00000
  0.00000  0.00000  0.00000  0.00000  0.00000  0.00000  0.00000  0.00000
 NKP=   54  NGP=       297  K=( -0.45672  0.52698  1.08910)  WKP= 0.0055
                              EIGEN VALUE 
 -0.22936 -0.16059 -0.15889 -0.14641 -0.11688 -0.07734  0.22603  0.52955
  0.70959  0.80533  0.94344  1.03771  1.21222  1.27018  1.39958  1.63974
                               OCCUPATION 
  1.00000  1.00000  1.00000  1.00000  1.00000  1.00000  0.00000  0.00000
  0.00000  0.00000  0.00000  0.00000  0.00000  0.00000  0.00000  0.00000
 NKP=   55  NGP=       297  K=( -0.52698  0.59725  1.15937)  WKP= 0.0055
                              EIGEN VALUE 
 -0.25107 -0.15578 -0.15379 -0.15060 -0.11501 -0.10544  0.25145  0.66762
  0.76574  0.79648  0.91730  0.98022  1.09836  1.26935  1.39489  1.53751
                               OCCUPATION 
  1.00000  1.00000  1.00000  1.00000  1.00000  1.00000  0.00000  0.00000
  0.00000  0.00000  0.00000  0.00000  0.00000  0.00000  0.00000  0.00000
 NKP=   56  NGP=       298  K=(  0.03513  0.03513  0.73778)  WKP= 0.0027
                              EIGEN VALUE 
 -0.22144 -0.19979 -0.10951 -0.10947 -0.10509 -0.05698  0.31818  0.44043
  0.46052  0.61326  0.70515  1.49742  1.53958  1.61274  1.67157  1.74362
                               OCCUPATION 
  1.00000  1.00000  1.00000  1.00000  1.00000  1.00000  0.00000  0.00000
  0.00000  0.00000  0.00000  0.00000  0.00000  0.00000  0.00000  0.00000
 NKP=   57  NGP=       303  K=( -0.03513  0.10540  0.80804)  WKP= 0.0055
                              EIGEN VALUE 
 -0.21779 -0.20104 -0.11422 -0.10837 -0.10220 -0.00643  0.26043  0.38791
  0.43424  0.64018  0.73594  1.44920  1.57499  1.66327  1.69101  1.81155
                               OCCUPATION 
  1.00000  1.00000  1.00000  1.00000  1.00000  0.00000  0.00000  0.00000
  0.00000  0.00000  0.00000  0.00000  0.00000  0.00000  0.00000  0.00000
 NKP=   58  NGP=       295  K=( -0.10540  0.17566  0.87831)  WKP= 0.0055
                              EIGEN VALUE 
 -0.21120 -0.19829 -0.12646 -0.11313 -0.10222  0.05415  0.22646  0.28640
  0.44754  0.66031  0.83988  1.38202  1.50767  1.53205  1.65680  1.84413
                               OCCUPATION 
  1.00000  1.00000  1.00000  1.00000  1.00000  0.00000  0.00000  0.00000
  0.00000  0.00000  0.00000  0.00000  0.00000  0.00000  0.00000  0.00000
 NKP=   59  NGP=       293  K=( -0.17566  0.24593  0.94857)  WKP= 0.0055
                              EIGEN VALUE 
 -0.20203 -0.19255 -0.14280 -0.11972 -0.10529  0.09574  0.18887  0.24244
  0.48015  0.67773  0.97634  1.28929  1.41003  1.43483  1.56766  1.76751
                               OCCUPATION 
  1.00000  1.00000  1.00000  1.00000  1.00000  0.00000  0.00000  0.00000
  0.00000  0.00000  0.00000  0.00000  0.00000  0.00000  0.00000  0.00000
 NKP=   60  NGP=       292  K=( -0.24593  0.31619  1.01884)  WKP= 0.0055
                              EIGEN VALUE 
 -0.19438 -0.18533 -0.15619 -0.12929 -0.10796  0.08434  0.12606  0.31513
  0.52880  0.70230  1.12123  1.17848  1.28817  1.38949  1.51272  1.58946
                               OCCUPATION 
  1.00000  1.00000  1.00000  1.00000  1.00000  0.00000  0.00000  0.00000
  0.00000  0.00000  0.00000  0.00000  0.00000  0.00000  0.00000  0.00000
 NKP=   61  NGP=       297  K=( -0.31619  0.38646  1.08910)  WKP= 0.0055
                              EIGEN VALUE 
 -0.20165 -0.17407 -0.15575 -0.13975 -0.10923  0.02164  0.11885  0.42092
  0.58988  0.73536  1.04921  1.16159  1.30231  1.35347  1.40430  1.52318
                               OCCUPATION 
  1.00000  1.00000  1.00000  1.00000  1.00000  0.00000  0.00000  0.00000
  0.00000  0.00000  0.00000  0.00000  0.00000  0.00000  0.00000  0.00000
 NKP=   62  NGP=       295  K=( -0.38646  0.45672  1.15937)  WKP= 0.0055
                              EIGEN VALUE 
 -0.21672 -0.16331 -0.14850 -0.14464 -0.10920 -0.03710  0.12640  0.54293
  0.65967  0.76999  0.95217  1.05240  1.21454  1.37458  1.48371  1.52175
                               OCCUPATION 
  1.00000  1.00000  1.00000  1.00000  1.00000 -0.00000  0.00000  0.00000
  0.00000  0.00000  0.00000  0.00000  0.00000  0.00000  0.00000  0.00000
 NKP=   63  NGP=       295  K=( -0.45672  0.52698  1.22963)  WKP= 0.0055
                              EIGEN VALUE 
 -0.22962 -0.15684 -0.15322 -0.13158 -0.10777 -0.08395  0.14466  0.67288
  0.72999  0.77049  0.90430  0.95593  1.09493  1.39000  1.51318  1.61819
                               OCCUPATION 
  1.00000  1.00000  1.00000  1.00000  1.00000  1.00000  0.00000  0.00000
  0.00000  0.00000  0.00000  0.00000  0.00000  0.00000  0.00000  0.00000
 NKP=   64  NGP=       302  K=(  0.03513  0.03513  0.87831)  WKP= 0.0027
                              EIGEN VALUE 
 -0.22014 -0.20378 -0.10657 -0.10246 -0.10042  0.01036  0.21752  0.41930
  0.43833  0.60487  0.69763  1.55660  1.63508  1.70651  1.73155  1.75591
                               OCCUPATION 
  1.00000  1.00000  1.00000  1.00000  1.00000  0.00000  0.00000  0.00000
  0.00000  0.00000  0.00000  0.00000  0.00000  0.00000  0.00000  0.00000
 NKP=   65  NGP=       300  K=( -0.03513  0.10540  0.94857)  WKP= 0.0055
                              EIGEN VALUE 
 -0.21776 -0.20235 -0.11068 -0.10809 -0.10053  0.02295  0.21975  0.38128
  0.42720  0.63699  0.73310  1.48121  1.60922  1.63506  1.72307  1.76960
                               OCCUPATION 
  1.00000  1.00000  1.00000  1.00000  1.00000  0.00000  0.00000  0.00000
  0.00000  0.00000  0.00000  0.00000  0.00000  0.00000  0.00000  0.00000
 NKP=   66  NGP=       297  K=( -0.10540  0.17566  1.01884)  WKP= 0.0055
                              EIGEN VALUE 
 -0.21103 -0.19709 -0.12989 -0.11479 -0.10260  0.02218  0.26937  0.29298
  0.45423  0.66328  0.84327  1.34845  1.47207  1.57322  1.68861  1.74188
                               OCCUPATION 
  1.00000  1.00000  1.00000  1.00000  1.00000  0.00000  0.00000  0.00000
  0.00000  0.00000  0.00000  0.00000  0.00000  0.00000  0.00000  0.00000
 NKP=   67  NGP=       297  K=( -0.17566  0.24593  1.08910)  WKP= 0.0055
                              EIGEN VALUE 
 -0.20293 -0.18892 -0.14960 -0.12602 -0.10405  0.01399  0.20953  0.35307
  0.49863  0.68626  0.98574  1.21336  1.32983  1.52687  1.55414  1.66959
                               OCCUPATION 
  1.00000  1.00000  1.00000  1.00000  1.00000  0.00000  0.00000  0.00000
  0.00000  0.00000  0.00000  0.00000  0.00000  0.00000  0.00000  0.00000
 NKP=   68  NGP=       296  K=( -0.24593  0.31619  1.15937)  WKP= 0.0055
                              EIGEN VALUE 
 -0.20445 -0.17667 -0.15575 -0.13814 -0.10498 -0.00002  0.14441  0.45556
  0.55659  0.71561  1.07221  1.15244  1.20186  1.37017  1.52212  1.64306
                               OCCUPATION 
  1.00000  1.00000  1.00000  1.00000  1.00000  0.00000  0.00000  0.00000
  0.00000  0.00000  0.00000  0.00000  0.00000  0.00000  0.00000  0.00000
 NKP=   69  NGP=       294  K=( -0.31619  0.38646  1.22963)  WKP= 0.0055
                              EIGEN VALUE 
 -0.21570 -0.16456 -0.14827 -0.14314 -0.10552 -0.02449  0.10440  0.57117
  0.62475  0.74929  0.97168  1.06638  1.19512  1.35210  1.51692  1.62234
                               OCCUPATION 
  1.00000  1.00000  1.00000  1.00000  1.00000  0.00000  0.00000  0.00000
  0.00000  0.00000  0.00000  0.00000  0.00000  0.00000  0.00000  0.00000
 NKP=   70  NGP=       292  K=( -0.38646  0.45672  1.29989)  WKP= 0.0027
                              EIGEN VALUE 
 -0.22484 -0.15796 -0.15421 -0.12154 -0.10548 -0.05743  0.09060  0.68597
  0.70354  0.76429  0.90060  0.94602  1.09438  1.51985  1.52847  1.60808
                               OCCUPATION 
  1.00000  1.00000  1.00000  1.00000  1.00000  1.00000  0.00000  0.00000
  0.00000  0.00000  0.00000  0.00000  0.00000  0.00000  0.00000  0.00000
 NKP=   71  NGP=       298  K=(  0.03513  0.03513  1.01884)  WKP= 0.0027
                              EIGEN VALUE 
 -0.22027 -0.20243 -0.10742 -0.10480 -0.10218 -0.01869  0.25735  0.42644
  0.44582  0.60764  0.70006  1.53313  1.59301  1.66103  1.70737  1.79826
                               OCCUPATION 
  1.00000  1.00000  1.00000  1.00000  1.00000  0.00000  0.00000  0.00000
  0.00000  0.00000  0.00000  0.00000  0.00000  0.00000  0.00000  0.00000
 NKP=   72  NGP=       301  K=( -0.03513  0.10540  1.08910)  WKP= 0.0055
                              EIGEN VALUE 
 -0.21876 -0.19849 -0.12031 -0.11042 -0.10493 -0.04411  0.32181  0.40090
  0.44806  0.64664  0.74182  1.40663  1.52721  1.63220  1.70407  1.72344
                               OCCUPATION 
  1.00000  1.00000  1.00000  1.00000  1.00000  0.47769  0.00000  0.00000
  0.00000  0.00000  0.00000  0.00000  0.00000  0.00000  0.00000  0.00000
 NKP=   73  NGP=       300  K=( -0.10540  0.17566  1.15937)  WKP= 0.0055
                              EIGEN VALUE 
 -0.21507 -0.19127 -0.14409 -0.12257 -0.10511 -0.05315  0.32165  0.40572
  0.48677  0.67874  0.86069  1.26169  1.37386  1.52783  1.67423  1.70425
                               OCCUPATION 
  1.00000  1.00000  1.00000  1.00000  1.00000  1.00000  0.00000  0.00000
  0.00000  0.00000  0.00000  0.00000  0.00000  0.00000  0.00000  0.00000
 NKP=   74  NGP=       295  K=( -0.17566  0.24593  1.22963)  WKP= 0.0055
                              EIGEN VALUE 
 -0.21582 -0.18016 -0.15753 -0.13539 -0.10564 -0.05991  0.24859  0.50396
  0.54079  0.70795  1.00667  1.13182  1.22660  1.36498  1.62292  1.67171
                               OCCUPATION 
  1.00000  1.00000  1.00000  1.00000  1.00000  1.00000  0.00000  0.00000
  0.00000  0.00000  0.00000  0.00000  0.00000  0.00000  0.00000  0.00000
 NKP=   75  NGP=       296  K=( -0.24593  0.31619  1.29989)  WKP= 0.0055
                              EIGEN VALUE 
 -0.22364 -0.16415 -0.15459 -0.14612 -0.10655 -0.07006  0.18888  0.59986
  0.61983  0.74245  1.00095  1.08405  1.14694  1.26431  1.56024  1.64415
                               OCCUPATION 
  1.00000  1.00000  1.00000  1.00000  1.00000  1.00000  0.00000  0.00000
  0.00000  0.00000  0.00000  0.00000  0.00000  0.00000  0.00000  0.00000
 NKP=   76  NGP=       305  K=(  0.03513  0.03513  1.15937)  WKP= 0.0027
                              EIGEN VALUE 
 -0.22585 -0.19601 -0.11724 -0.11344 -0.10797 -0.09101  0.38939  0.46078
  0.48197  0.62188  0.71336  1.45718  1.48458  1.56650  1.62462  1.64119
                               OCCUPATION 
  1.00000  1.00000  1.00000  1.00000  1.00000  1.00000  0.00000  0.00000
  0.00000  0.00000  0.00000  0.00000  0.00000  0.00000  0.00000  0.00000
 NKP=   77  NGP=       305  K=( -0.03513  0.10540  1.22963)  WKP= 0.0055
                              EIGEN VALUE 
 -0.23367 -0.19025 -0.13938 -0.12016 -0.11180 -0.09858  0.44278  0.47127
  0.49487  0.67020  0.76448  1.31938  1.41826  1.50543  1.54484  1.64249
                               OCCUPATION 
  1.00000  1.00000  1.00000  1.00000  1.00000  1.00000  0.00000  0.00000
  0.00000  0.00000  0.00000  0.00000  0.00000  0.00000  0.00000  0.00000
 NKP=   78  NGP=       298  K=( -0.10540  0.17566  1.29989)  WKP= 0.0055
                              EIGEN VALUE 
 -0.24285 -0.18215 -0.15372 -0.13276 -0.11184 -0.09860  0.37116  0.53947
  0.56838  0.70961  0.89346  1.17827  1.26142  1.36510  1.51083  1.64077
                               OCCUPATION 
  1.00000  1.00000  1.00000  1.00000  1.00000  1.00000  0.00000  0.00000
  0.00000  0.00000  0.00000  0.00000  0.00000  0.00000  0.00000  0.00000
 NKP=   79  NGP=       297  K=( -0.17566  0.24593  1.37016)  WKP= 0.0055
                              EIGEN VALUE 
 -0.25015 -0.17102 -0.15577 -0.14346 -0.11313 -0.10114  0.30532  0.59957
  0.67206  0.74876  1.02682  1.05119  1.12143  1.24549  1.44602  1.58314
                               OCCUPATION 
  1.00000  1.00000  1.00000  1.00000  1.00000  1.00000  0.00000  0.00000
  0.00000  0.00000  0.00000  0.00000  0.00000  0.00000  0.00000  0.00000
 NKP=   80  NGP=       304  K=(  0.03513  0.03513  1.29989)  WKP= 0.0027
                              EIGEN VALUE 
 -0.25680 -0.18582 -0.14011 -0.12531 -0.12160 -0.11302  0.51660  0.54274
  0.54923  0.64923  0.74244  1.37298  1.37313  1.44349  1.48027  1.52808
                               OCCUPATION 
  1.00000  1.00000  1.00000  1.00000  1.00000  1.00000  0.00000  0.00000
  0.00000  0.00000  0.00000  0.00000  0.00000  0.00000  0.00000  0.00000
 NKP=   81  NGP=       300  K=( -0.03513  0.10540  1.37016)  WKP= 0.0055
                              EIGEN VALUE 
 -0.27765 -0.17937 -0.14740 -0.13232 -0.12589 -0.11348  0.50416  0.55872
  0.63948  0.71094  0.80633  1.23416  1.28254  1.36943  1.41826  1.50984
                               OCCUPATION 
  1.00000  1.00000  1.00000  1.00000  1.00000  1.00000  0.00000  0.00000
  0.00000  0.00000  0.00000  0.00000  0.00000  0.00000  0.00000  0.00000
 NKP=   82  NGP=       297  K=( -0.10540  0.17566  1.44042)  WKP= 0.0055
                              EIGEN VALUE 
 -0.29004 -0.17222 -0.15018 -0.14158 -0.12540 -0.11390  0.43731  0.61218
  0.72808  0.77382  0.93865  1.08336  1.15071  1.25435  1.34890  1.48105
                               OCCUPATION 
  1.00000  1.00000  1.00000  1.00000  1.00000  1.00000  0.00000  0.00000
  0.00000  0.00000  0.00000  0.00000  0.00000  0.00000  0.00000  0.00000
 NKP=   83  NGP=       303  K=(  0.03513  0.03513  1.44042)  WKP= 0.0027
                              EIGEN VALUE 
 -0.30752 -0.17407 -0.14252 -0.13763 -0.13495 -0.11807  0.59008  0.62337
  0.68754  0.71344  0.80476  1.23942  1.27960  1.29432  1.38412  1.40445
                               OCCUPATION 
  1.00000  1.00000  1.00000  1.00000  1.00000  1.00000  0.00000  0.00000
  0.00000  0.00000  0.00000  0.00000  0.00000  0.00000  0.00000  0.00000
 NKP=   84  NGP=       300  K=( -0.03513  0.10540  1.51069)  WKP= 0.0055
                              EIGEN VALUE 
 -0.32615 -0.16832 -0.14577 -0.14300 -0.13389 -0.11984  0.57952  0.63953
  0.76116  0.80894  0.88457  1.11859  1.16105  1.26846  1.28849  1.37908
                               OCCUPATION 
  1.00000  1.00000  1.00000  1.00000  1.00000  1.00000  0.00000  0.00000
  0.00000  0.00000  0.00000  0.00000  0.00000  0.00000  0.00000  0.00000
 NKP=   85  NGP=       299  K=(  0.03513  0.03513  1.58095)  WKP= 0.0027
                              EIGEN VALUE 
 -0.35061 -0.16343 -0.14748 -0.14740 -0.13296 -0.12243  0.67379  0.71968
  0.74932  0.81479  0.95237  1.09651  1.15929  1.16913  1.27517  1.30845
                               OCCUPATION 
  1.00000  1.00000  1.00000  1.00000  1.00000  1.00000  0.00000  0.00000
  0.00000  0.00000  0.00000  0.00000  0.00000  0.00000  0.00000  0.00000
 NKP=   86  NGP=       304  K=(  0.10540  0.10540  0.10540)  WKP= 0.0009
                              EIGEN VALUE 
 -0.36583 -0.15807 -0.15179 -0.15179 -0.12658 -0.12658  0.66417  0.82722
  0.83822  0.83822  1.03781  1.03781  1.04869  1.16498  1.16498  1.21963
                               OCCUPATION 
  1.00000  1.00000  1.00000  1.00000  1.00000  1.00000  0.00000  0.00000
  0.00000  0.00000  0.00000  0.00000  0.00000  0.00000  0.00000  0.00000
 NKP=   87  NGP=       303  K=(  0.03513  0.17566  0.17566)  WKP= 0.0027
                              EIGEN VALUE 
 -0.35066 -0.16130 -0.14943 -0.14928 -0.13024 -0.12348  0.61798  0.68281
  0.87469  0.91425  0.98280  0.99781  1.05306  1.17695  1.20926  1.31321
                               OCCUPATION 
  1.00000  1.00000  1.00000  1.00000  1.00000  1.00000  0.00000  0.00000
  0.00000  0.00000  0.00000  0.00000  0.00000  0.00000  0.00000  0.00000
 NKP=   88  NGP=       299  K=( -0.03513  0.24593  0.24593)  WKP= 0.0027
                              EIGEN VALUE 
 -0.32147 -0.16592 -0.14871 -0.14474 -0.13325 -0.11764  0.52607  0.59087
  0.89776  0.93636  0.94635  0.95758  1.02305  1.19019  1.30164  1.42195
                               OCCUPATION 
  1.00000  1.00000  1.00000  1.00000  1.00000  1.00000  0.00000  0.00000
  0.00000  0.00000  0.00000  0.00000  0.00000  0.00000  0.00000  0.00000
 NKP=   89  NGP=       302  K=( -0.10540  0.31619  0.31619)  WKP= 0.0027
                              EIGEN VALUE 
 -0.28197 -0.16827 -0.15145 -0.14465 -0.12926 -0.10747  0.38695  0.56907
  0.84311  0.86274  0.94062  0.96558  1.12378  1.20484  1.30610  1.53316
                               OCCUPATION 
  1.00000  1.00000  1.00000  1.00000  1.00000  1.00000  0.00000  0.00000
  0.00000  0.00000  0.00000  0.00000  0.00000  0.00000  0.00000  0.00000
 NKP=   90  NGP=       297  K=( -0.17566  0.38646  0.38646)  WKP= 0.0027
                              EIGEN VALUE 
 -0.24320 -0.16139 -0.15588 -0.14790 -0.12014 -0.09185  0.25962  0.56225
  0.78769  0.79231  0.93740  0.98703  1.19924  1.24138  1.35483  1.63312
                               OCCUPATION 
  1.00000  1.00000  1.00000  1.00000  1.00000  1.00000  0.00000  0.00000
  0.00000  0.00000  0.00000  0.00000  0.00000  0.00000  0.00000  0.00000
 NKP=   91  NGP=       296  K=( -0.24593  0.45672  0.45672)  WKP= 0.0027
                              EIGEN VALUE 
 -0.22309 -0.15985 -0.15027 -0.14329 -0.11148 -0.06219  0.15123  0.57011
  0.72751  0.75483  0.94678  0.99685  1.18158  1.37180  1.44987  1.57409
                               OCCUPATION 
  1.00000  1.00000  1.00000  1.00000  1.00000  1.00000  0.00000  0.00000
  0.00000  0.00000  0.00000  0.00000  0.00000  0.00000  0.00000  0.00000
 NKP=   92  NGP=       292  K=( -0.31619  0.52698  0.52698)  WKP= 0.0027
                              EIGEN VALUE 
 -0.21893 -0.16183 -0.15076 -0.13600 -0.10596 -0.03174  0.09369  0.59301
  0.68379  0.73161  0.96930  1.00303  1.16430  1.42575  1.51260  1.57213
                               OCCUPATION 
  1.00000  1.00000  1.00000  1.00000  1.00000 -0.00000  0.00000  0.00000
  0.00000  0.00000  0.00000  0.00000  0.00000  0.00000  0.00000  0.00000
 NKP=   93  NGP=       295  K=( -0.38646  0.59725  0.59725)  WKP= 0.0027
                              EIGEN VALUE 
 -0.22339 -0.16130 -0.14936 -0.14556 -0.10498 -0.06526  0.15088  0.63011
  0.65752  0.72254  1.00531  1.01215  1.14158  1.30207  1.59596  1.64408
                               OCCUPATION 
  1.00000  1.00000  1.00000  1.00000  1.00000  1.00000  0.00000  0.00000
  0.00000  0.00000  0.00000  0.00000  0.00000  0.00000  0.00000  0.00000
 NKP=   94  NGP=       296  K=( -0.45672  0.66751  0.66751)  WKP= 0.0027
                              EIGEN VALUE 
 -0.24363 -0.16489 -0.15578 -0.14674 -0.10842 -0.10054  0.25917  0.64883
  0.67615  0.73027  1.02606  1.05486  1.08798  1.22838  1.48227  1.56989
                               OCCUPATION 
  1.00000  1.00000  1.00000  1.00000  1.00000  1.00000  0.00000  0.00000
  0.00000  0.00000  0.00000  0.00000  0.00000  0.00000  0.00000  0.00000
 NKP=   95  NGP=       298  K=( -0.52698  0.73778  0.73778)  WKP= 0.0027
                              EIGEN VALUE 
 -0.28216 -0.17045 -0.15128 -0.14435 -0.12012 -0.11442  0.38654  0.65701
  0.71081  0.77128  0.99039  1.05611  1.11676  1.20807  1.37079  1.47233
                               OCCUPATION 
  1.00000  1.00000  1.00000  1.00000  1.00000  1.00000  0.00000  0.00000
  0.00000  0.00000  0.00000  0.00000  0.00000  0.00000  0.00000  0.00000
 NKP=   96  NGP=       299  K=( -0.59725  0.80804  0.80804)  WKP= 0.0027
                              EIGEN VALUE 
 -0.32147 -0.16806 -0.14667 -0.14431 -0.13129 -0.11977  0.52656  0.68097
  0.73235  0.83479  0.91248  1.07888  1.17997  1.20215  1.28492  1.38372
                               OCCUPATION 
  1.00000  1.00000  1.00000  1.00000  1.00000  1.00000  0.00000  0.00000
  0.00000  0.00000  0.00000  0.00000  0.00000  0.00000  0.00000  0.00000
 NKP=   97  NGP=       301  K=(  0.10540  0.10540  0.24593)  WKP= 0.0027
                              EIGEN VALUE 
 -0.34076 -0.16360 -0.14803 -0.14764 -0.13087 -0.12259  0.56909  0.73074
  0.76400  0.90626  0.93921  1.04265  1.14590  1.14923  1.22266  1.32600
                               OCCUPATION 
  1.00000  1.00000  1.00000  1.00000  1.00000  1.00000  0.00000  0.00000
  0.00000  0.00000  0.00000  0.00000  0.00000  0.00000  0.00000  0.00000
 NKP=   98  NGP=       300  K=(  0.03513  0.17566  0.31619)  WKP= 0.0055
                              EIGEN VALUE 
 -0.31674 -0.16830 -0.14800 -0.14268 -0.13296 -0.11747  0.52986  0.59344
  0.81538  0.84376  0.92056  1.05704  1.09350  1.24337  1.30788  1.42756
                               OCCUPATION 
  1.00000  1.00000  1.00000  1.00000  1.00000  1.00000  0.00000  0.00000
  0.00000  0.00000  0.00000  0.00000  0.00000  0.00000  0.00000  0.00000
 NKP=   99  NGP=       299  K=( -0.03513  0.24593  0.38646)  WKP= 0.0055
                              EIGEN VALUE 
 -0.28130 -0.17245 -0.15232 -0.13797 -0.13190 -0.10659  0.44483  0.50988
  0.75384  0.86565  0.93275  1.02686  1.11924  1.26938  1.37749  1.52049
                               OCCUPATION 
  1.00000  1.00000  1.00000  1.00000  1.00000  1.00000  0.00000  0.00000
  0.00000  0.00000  0.00000  0.00000  0.00000  0.00000  0.00000  0.00000
 NKP=  100  NGP=       297  K=( -0.10540  0.31619  0.45672)  WKP= 0.0055
                              EIGEN VALUE 
 -0.24238 -0.17195 -0.15833 -0.14055 -0.12195 -0.08867  0.31387  0.49740
  0.68393  0.84390  0.95084  1.06064  1.14815  1.30642  1.38790  1.67738
                               OCCUPATION 
  1.00000  1.00000  1.00000  1.00000  1.00000  1.00000  0.00000  0.00000
  0.00000  0.00000  0.00000  0.00000  0.00000  0.00000  0.00000  0.00000
 NKP=  101  NGP=       296  K=( -0.17566  0.38646  0.52698)  WKP= 0.0055
                              EIGEN VALUE 
 -0.21721 -0.16565 -0.15924 -0.14333 -0.11263 -0.05557  0.19678  0.50095
  0.62553  0.81588  0.94366  1.11491  1.20613  1.30487  1.47208  1.57264
                               OCCUPATION 
  1.00000  1.00000  1.00000  1.00000  1.00000  1.00000  0.00000  0.00000
  0.00000  0.00000  0.00000  0.00000  0.00000  0.00000  0.00000  0.00000
 NKP=  102  NGP=       296  K=( -0.24593  0.45672  0.59725)  WKP= 0.0055
                              EIGEN VALUE 
 -0.21031 -0.16798 -0.14909 -0.14505 -0.10741 -0.00718  0.10903  0.51979
  0.58094  0.79432  0.94695  1.13170  1.25313  1.35408  1.42511  1.59344
                               OCCUPATION 
  1.00000  1.00000  1.00000  1.00000  1.00000  0.00000  0.00000  0.00000
  0.00000  0.00000  0.00000  0.00000  0.00000  0.00000  0.00000  0.00000
 NKP=  103  NGP=       297  K=( -0.31619  0.52698  0.66751)  WKP= 0.0055
                              EIGEN VALUE 
 -0.21168 -0.16812 -0.15187 -0.14416 -0.10658 -0.02340  0.13204  0.54426
  0.56099  0.78335  0.96253  1.14163  1.21895  1.30684  1.50463  1.61589
                               OCCUPATION 
  1.00000  1.00000  1.00000  1.00000  1.00000  0.00000  0.00000  0.00000
  0.00000  0.00000  0.00000  0.00000  0.00000  0.00000  0.00000  0.00000
 NKP=  104  NGP=       301  K=( -0.38646  0.59725  0.73778)  WKP= 0.0055
                              EIGEN VALUE 
 -0.22372 -0.16970 -0.15973 -0.14180 -0.11071 -0.07191  0.23343  0.53437
  0.60557  0.78315  0.98719  1.10655  1.16196  1.29347  1.50259  1.65077
                               OCCUPATION 
  1.00000  1.00000  1.00000  1.00000  1.00000  1.00000  0.00000  0.00000
  0.00000  0.00000  0.00000  0.00000  0.00000  0.00000  0.00000  0.00000
 NKP=  105  NGP=       300  K=( -0.45672  0.66751  0.80804)  WKP= 0.0055
                              EIGEN VALUE 
 -0.25519 -0.17487 -0.15581 -0.13902 -0.12023 -0.09950  0.35606  0.53621
  0.66709  0.79170  0.97001  1.05627  1.16797  1.30594  1.40310  1.61806
                               OCCUPATION 
  1.00000  1.00000  1.00000  1.00000  1.00000  1.00000  0.00000  0.00000
  0.00000  0.00000  0.00000  0.00000  0.00000  0.00000  0.00000  0.00000
 NKP=  106  NGP=       300  K=( -0.52698  0.73778  0.87831)  WKP= 0.0055
                              EIGEN VALUE 
 -0.29412 -0.17309 -0.14961 -0.13801 -0.13072 -0.11307  0.49100  0.55370
  0.73831  0.80054  0.88969  1.10056  1.16102  1.30098  1.35495  1.48770
                               OCCUPATION 
  1.00000  1.00000  1.00000  1.00000  1.00000  1.00000  0.00000  0.00000
  0.00000  0.00000  0.00000  0.00000  0.00000  0.00000  0.00000  0.00000
 NKP=  107  NGP=       298  K=(  0.10540  0.10540  0.38646)  WKP= 0.0027
                              EIGEN VALUE 
 -0.29861 -0.17319 -0.14775 -0.14022 -0.12762 -0.11662  0.48753  0.63479
  0.69866  0.75322  0.88219  1.14229  1.20968  1.25756  1.35938  1.44870
                               OCCUPATION 
  1.00000  1.00000  1.00000  1.00000  1.00000  1.00000  0.00000  0.00000
  0.00000  0.00000  0.00000  0.00000  0.00000  0.00000  0.00000  0.00000
 NKP=  108  NGP=       301  K=(  0.03513  0.17566  0.45672)  WKP= 0.0055
                              EIGEN VALUE 
 -0.26950 -0.17823 -0.15200 -0.13275 -0.12561 -0.10742  0.45574  0.51755
  0.65066  0.77121  0.86259  1.13972  1.23847  1.36354  1.40771  1.53670
                               OCCUPATION 
  1.00000  1.00000  1.00000  1.00000  1.00000  1.00000  0.00000  0.00000
  0.00000  0.00000  0.00000  0.00000  0.00000  0.00000  0.00000  0.00000
 NKP=  109  NGP=       300  K=( -0.03513  0.24593  0.52698)  WKP= 0.0055
                              EIGEN VALUE 
 -0.23565 -0.18101 -0.15855 -0.12837 -0.12128 -0.08660  0.37877  0.44453
  0.57686  0.81462  0.89933  1.08953  1.28162  1.40947  1.46973  1.59928
                               OCCUPATION 
  1.00000  1.00000  1.00000  1.00000  1.00000  1.00000  0.00000  0.00000
  0.00000  0.00000  0.00000  0.00000  0.00000  0.00000  0.00000  0.00000
 NKP=  110  NGP=       295  K=( -0.10540  0.31619  0.59725)  WKP= 0.0055
                              EIGEN VALUE 
 -0.20956 -0.17911 -0.16360 -0.13195 -0.11169 -0.04794  0.25722  0.44217
  0.51421  0.81542  0.97705  1.07709  1.28987  1.41694  1.53360  1.58519
                               OCCUPATION 
  1.00000  1.00000  1.00000  1.00000  1.00000  1.01123  0.00000  0.00000
  0.00000  0.00000  0.00000  0.00000  0.00000  0.00000  0.00000  0.00000
 NKP=  111  NGP=       296  K=( -0.17566  0.38646  0.66751)  WKP= 0.0055
                              EIGEN VALUE 
 -0.19910 -0.17792 -0.16079 -0.13538 -0.10729  0.01246  0.15174  0.45454
  0.46725  0.81879  0.98103  1.17209  1.28488  1.38644  1.43849  1.65111
                               OCCUPATION 
  1.00000  1.00000  1.00000  1.00000  1.00000  0.00000  0.00000  0.00000
  0.00000  0.00000  0.00000  0.00000  0.00000  0.00000  0.00000  0.00000
 NKP=  112  NGP=       295  K=( -0.24593  0.45672  0.73778)  WKP= 0.0055
                              EIGEN VALUE 
 -0.19716 -0.17775 -0.15976 -0.13658 -0.10791  0.03392  0.12466  0.42817
  0.48918  0.83145  0.96623  1.24956  1.27421  1.32241  1.42436  1.62686
                               OCCUPATION 
  1.00000  1.00000  1.00000  1.00000  1.00000  0.00000  0.00000  0.00000
  0.00000  0.00000  0.00000  0.00000  0.00000  0.00000  0.00000  0.00000
 NKP=  113  NGP=       295  K=( -0.31619  0.52698  0.80804)  WKP= 0.0055
                              EIGEN VALUE 
 -0.20273 -0.17501 -0.16664 -0.13434 -0.11309 -0.02758  0.21979  0.40852
  0.53453  0.85343  0.95479  1.12816  1.26456  1.42537  1.47213  1.52873
                               OCCUPATION 
  1.00000  1.00000  1.00000  1.00000  1.00000  0.00000  0.00000  0.00000
  0.00000  0.00000  0.00000  0.00000  0.00000  0.00000  0.00000  0.00000
 NKP=  114  NGP=       298  K=( -0.38646  0.59725  0.87831)  WKP= 0.0055
                              EIGEN VALUE 
 -0.22394 -0.17798 -0.16318 -0.13097 -0.12239 -0.07238  0.33632  0.40613
  0.59336  0.87876  0.92621  1.05194  1.24439  1.38509  1.48356  1.61685
                               OCCUPATION 
  1.00000  1.00000  1.00000  1.00000  1.00000  1.00000  0.00000  0.00000
  0.00000  0.00000  0.00000  0.00000  0.00000  0.00000  0.00000  0.00000
 NKP=  115  NGP=       299  K=( -0.45672  0.66751  0.94857)  WKP= 0.0055
                              EIGEN VALUE 
 -0.25793 -0.17665 -0.15587 -0.13353 -0.12717 -0.09851  0.40984  0.47516
  0.66401  0.83834  0.91591  1.05772  1.19697  1.33727  1.41957  1.55952
                               OCCUPATION 
  1.00000  1.00000  1.00000  1.00000  1.00000  1.00000  0.00000  0.00000
  0.00000  0.00000  0.00000  0.00000  0.00000  0.00000  0.00000  0.00000
 NKP=  116  NGP=       300  K=(  0.10540  0.10540  0.52698)  WKP= 0.0027
                              EIGEN VALUE 
 -0.24950 -0.18406 -0.14908 -0.13033 -0.11023 -0.10902  0.42048  0.55505
  0.55755  0.67740  0.83128  1.27230  1.27479  1.38987  1.52131  1.60176
                               OCCUPATION 
  1.00000  1.00000  1.00000  1.00000  1.00000  1.00000  0.00000  0.00000
  0.00000  0.00000  0.00000  0.00000  0.00000  0.00000  0.00000  0.00000
 NKP=  117  NGP=       305  K=(  0.03513  0.17566  0.59725)  WKP= 0.0055
                              EIGEN VALUE 
 -0.22725 -0.18822 -0.14932 -0.12114 -0.11371 -0.08395  0.39680  0.45617
  0.48224  0.72784  0.82213  1.21767  1.40010  1.48576  1.54075  1.64139
                               OCCUPATION 
  1.00000  1.00000  1.00000  1.00000  1.00000  1.00000  0.00000  0.00000
  0.00000  0.00000  0.00000  0.00000  0.00000  0.00000  0.00000  0.00000
 NKP=  118  NGP=       296  K=( -0.03513  0.24593  0.66751)  WKP= 0.0055
                              EIGEN VALUE 
 -0.20950 -0.18892 -0.15343 -0.11891 -0.11049 -0.03977  0.32932  0.39557
  0.41556  0.77916  0.87336  1.16244  1.45535  1.54216  1.58894  1.61569
                               OCCUPATION 
  1.00000  1.00000  1.00000  1.00000  1.00000 -0.00402  0.00000  0.00000
  0.00000  0.00000  0.00000  0.00000  0.00000  0.00000  0.00000  0.00000
 NKP=  119  NGP=       294  K=( -0.10540  0.31619  0.73778)  WKP= 0.0055
                              EIGEN VALUE 
 -0.19846 -0.18650 -0.15781 -0.12437 -0.10560  0.02591  0.21831  0.36058
  0.40648  0.79360  0.98578  1.12096  1.43335  1.43783  1.56130  1.72325
                               OCCUPATION 
  1.00000  1.00000  1.00000  1.00000  1.00000  0.00000  0.00000  0.00000
  0.00000  0.00000  0.00000  0.00000  0.00000  0.00000  0.00000  0.00000
 NKP=  120  NGP=       291  K=( -0.17566  0.38646  0.80804)  WKP= 0.0055
                              EIGEN VALUE 
 -0.18998 -0.18528 -0.16237 -0.12862 -0.10627  0.09666  0.13309  0.32222
  0.43313  0.81233  1.05394  1.14762  1.29172  1.40849  1.57341  1.65478
                               OCCUPATION 
  1.00000  1.00000  1.00000  1.00000  1.00000  0.00000  0.00000  0.00000
  0.00000  0.00000  0.00000  0.00000  0.00000  0.00000  0.00000  0.00000
 NKP=  121  NGP=       291  K=( -0.24593  0.45672  0.87831)  WKP= 0.0055
                              EIGEN VALUE 
 -0.18755 -0.18078 -0.17064 -0.12946 -0.11118  0.03314  0.21057  0.30269
  0.47501  0.84169  1.02202  1.15017  1.31382  1.37049  1.51597  1.62584
                               OCCUPATION 
  1.00000  1.00000  1.00000  1.00000  1.00000  0.00000  0.00000  0.00000
  0.00000  0.00000  0.00000  0.00000  0.00000  0.00000  0.00000  0.00000
 NKP=  122  NGP=       294  K=( -0.31619  0.52698  0.94857)  WKP= 0.0055
                              EIGEN VALUE 
 -0.19970 -0.17661 -0.17096 -0.13006 -0.11674 -0.02892  0.27011  0.34824
  0.53019  0.87431  0.95878  1.09262  1.30180  1.43570  1.48707  1.55487
                               OCCUPATION 
  1.00000  1.00000  1.00000  1.00000  1.00000  0.00000  0.00000  0.00000
  0.00000  0.00000  0.00000  0.00000  0.00000  0.00000  0.00000  0.00000
 NKP=  123  NGP=       298  K=( -0.38646  0.59725  1.01884)  WKP= 0.0055
                              EIGEN VALUE 
 -0.22382 -0.17509 -0.16208 -0.13653 -0.11644 -0.07235  0.28344  0.46764
  0.59738  0.82973  0.96388  1.07209  1.21016  1.36253  1.45546  1.65412
                               OCCUPATION 
  1.00000  1.00000  1.00000  1.00000  1.00000  1.00000  0.00000  0.00000
  0.00000  0.00000  0.00000  0.00000  0.00000  0.00000  0.00000  0.00000
 NKP=  124  NGP=       303  K=(  0.10540  0.10540  0.66751)  WKP= 0.0027
                              EIGEN VALUE 
 -0.22014 -0.19365 -0.13475 -0.11990 -0.10497 -0.06788  0.36958  0.39810
  0.49542  0.64936  0.79821  1.35209  1.38315  1.56666  1.66664  1.74285
                               OCCUPATION 
  1.00000  1.00000  1.00000  1.00000  1.00000  1.00000  0.00000  0.00000
  0.00000  0.00000  0.00000  0.00000  0.00000  0.00000  0.00000  0.00000
 NKP=  125  NGP=       297  K=(  0.03513  0.17566  0.73778)  WKP= 0.0055
                              EIGEN VALUE 
 -0.21369 -0.19587 -0.13352 -0.11274 -0.10554 -0.02520  0.32903  0.35648
  0.41658  0.70156  0.79868  1.30274  1.53003  1.62340  1.63765  1.68267
                               OCCUPATION 
  1.00000  1.00000  1.00000  1.00000  1.00000  0.00000  0.00000  0.00000
  0.00000  0.00000  0.00000  0.00000  0.00000  0.00000  0.00000  0.00000
 NKP=  126  NGP=       295  K=( -0.03513  0.24593  0.80804)  WKP= 0.0055
                              EIGEN VALUE 
 -0.20690 -0.19402 -0.14037 -0.11588 -0.10249  0.03759  0.27635  0.30019
  0.36915  0.75974  0.85928  1.24449  1.47043  1.58924  1.68527  1.75260
                               OCCUPATION 
  1.00000  1.00000  1.00000  1.00000  1.00000  0.00000  0.00000  0.00000
  0.00000  0.00000  0.00000  0.00000  0.00000  0.00000  0.00000  0.00000
 NKP=  127  NGP=       291  K=( -0.10540  0.31619  0.87831)  WKP= 0.0055
                              EIGEN VALUE 
 -0.19920 -0.18907 -0.15094 -0.12196 -0.10263  0.10954  0.19846  0.24739
  0.39007  0.78399  0.98376  1.18337  1.33510  1.53407  1.67676  1.77254
                               OCCUPATION 
  1.00000  1.00000  1.00000  1.00000  1.00000  0.00000  0.00000  0.00000
  0.00000  0.00000  0.00000  0.00000  0.00000  0.00000  0.00000  0.00000
 NKP=  128  NGP=       294  K=( -0.17566  0.38646  0.94857)  WKP= 0.0055
                              EIGEN VALUE 
 -0.19029 -0.18464 -0.16275 -0.12700 -0.10632  0.10952  0.15782  0.26943
  0.42809  0.81054  1.09212  1.12876  1.25866  1.44732  1.59234  1.70022
                               OCCUPATION 
  1.00000  1.00000  1.00000  1.00000  1.00000  0.00000  0.00000  0.00000
  0.00000  0.00000  0.00000  0.00000  0.00000  0.00000  0.00000  0.00000
 NKP=  129  NGP=       295  K=( -0.24593  0.45672  1.01884)  WKP= 0.0055
                              EIGEN VALUE 
 -0.19106 -0.18085 -0.16556 -0.13233 -0.10964  0.03467  0.16534  0.35991
  0.47968  0.83901  0.99410  1.19254  1.30963  1.34016  1.49722  1.58414
                               OCCUPATION 
  1.00000  1.00000  1.00000  1.00000  1.00000  0.00000  0.00000  0.00000
  0.00000  0.00000  0.00000  0.00000  0.00000  0.00000  0.00000  0.00000
 NKP=  130  NGP=       297  K=( -0.31619  0.52698  1.08910)  WKP= 0.0055
                              EIGEN VALUE 
 -0.20715 -0.17190 -0.15989 -0.13948 -0.10926 -0.02533  0.17193  0.47662
  0.54346  0.81998  0.95607  1.17589  1.21510  1.34702  1.49080  1.56561
                               OCCUPATION 
  1.00000  1.00000  1.00000  1.00000  1.00000  0.00000  0.00000  0.00000
  0.00000  0.00000  0.00000  0.00000  0.00000  0.00000  0.00000  0.00000
 NKP=  131  NGP=       301  K=(  0.10540  0.10540  0.80804)  WKP= 0.0027
                              EIGEN VALUE 
 -0.21544 -0.19973 -0.11931 -0.11197 -0.10207  0.00414  0.26352  0.33984
  0.46020  0.63540  0.78124  1.43567  1.48378  1.65474  1.70189  1.77994
                               OCCUPATION 
  1.00000  1.00000  1.00000  1.00000  1.00000  0.00000  0.00000  0.00000
  0.00000  0.00000  0.00000  0.00000  0.00000  0.00000  0.00000  0.00000
 NKP=  132  NGP=       298  K=(  0.03513  0.17566  0.87831)  WKP= 0.0055
                              EIGEN VALUE 
 -0.21329 -0.19946 -0.12305 -0.11149 -0.10055  0.04433  0.22435  0.33762
  0.39764  0.69064  0.78936  1.37882  1.53111  1.61434  1.73029  1.77655
                               OCCUPATION 
  1.00000  1.00000  1.00000  1.00000  1.00000  0.00000  0.00000  0.00000
  0.00000  0.00000  0.00000  0.00000  0.00000  0.00000  0.00000  0.00000
 NKP=  133  NGP=       293  K=( -0.03513  0.24593  0.94857)  WKP= 0.0055
                              EIGEN VALUE 
 -0.20736 -0.19509 -0.13672 -0.11604 -0.10055  0.07125  0.23163  0.29381
  0.36334  0.75589  0.85655  1.27675  1.42903  1.62631  1.73918  1.78515
                               OCCUPATION 
  1.00000  1.00000  1.00000  1.00000  1.00000  0.00000  0.00000  0.00000
  0.00000  0.00000  0.00000  0.00000  0.00000  0.00000  0.00000  0.00000
 NKP=  134  NGP=       294  K=( -0.10540  0.31619  1.01884)  WKP= 0.0055
                              EIGEN VALUE 
 -0.19856 -0.18832 -0.15356 -0.12257 -0.10371  0.07067  0.20614  0.29506
  0.39552  0.78720  0.98475  1.15496  1.37531  1.49440  1.65094  1.73006
                               OCCUPATION 
  1.00000  1.00000  1.00000  1.00000  1.00000  0.00000  0.00000  0.00000
  0.00000  0.00000  0.00000  0.00000  0.00000  0.00000  0.00000  0.00000
 NKP=  135  NGP=       293  K=( -0.17566  0.38646  1.08910)  WKP= 0.0055
                              EIGEN VALUE 
 -0.19308 -0.18283 -0.16168 -0.13158 -0.10645  0.05556  0.13708  0.38954
  0.44332  0.81547  1.01498  1.16069  1.34202  1.35508  1.48968  1.69062
                               OCCUPATION 
  1.00000  1.00000  1.00000  1.00000  1.00000  0.00000  0.00000  0.00000
  0.00000  0.00000  0.00000  0.00000  0.00000  0.00000  0.00000  0.00000
 NKP=  136  NGP=       298  K=( -0.24593  0.45672  1.15937)  WKP= 0.0027
                              EIGEN VALUE 
 -0.20377 -0.17310 -0.15415 -0.14108 -0.10701  0.02058  0.10477  0.49589
  0.50907  0.81629  0.95003  1.20881  1.29460  1.31300  1.39327  1.65353
                               OCCUPATION 
  1.00000  1.00000  1.00000  1.00000  1.00000  0.00000  0.00000  0.00000
  0.00000  0.00000  0.00000  0.00000  0.00000  0.00000  0.00000  0.00000
 NKP=  137  NGP=       298  K=(  0.10540  0.10540  0.94857)  WKP= 0.0027
                              EIGEN VALUE 
 -0.21548 -0.20100 -0.11610 -0.11007 -0.10158  0.03427  0.22198  0.33346
  0.45294  0.63271  0.77800  1.46733  1.52125  1.61933  1.66545  1.84607
                               OCCUPATION 
  1.00000  1.00000  1.00000  1.00000  1.00000  0.00000  0.00000  0.00000
  0.00000  0.00000  0.00000  0.00000  0.00000  0.00000  0.00000  0.00000
 NKP=  138  NGP=       298  K=(  0.03513  0.17566  1.01884)  WKP= 0.0055
                              EIGEN VALUE 
 -0.21313 -0.19824 -0.12689 -0.11151 -0.10237  0.01343  0.26673  0.34394
  0.40401  0.69426  0.79241  1.34561  1.57042  1.58208  1.68652  1.77697
                               OCCUPATION 
  1.00000  1.00000  1.00000  1.00000  1.00000  0.00000  0.00000  0.00000
  0.00000  0.00000  0.00000  0.00000  0.00000  0.00000  0.00000  0.00000
 NKP=  139  NGP=       296  K=( -0.03513  0.24593  1.08910)  WKP= 0.0055
                              EIGEN VALUE 
 -0.20687 -0.19193 -0.14654 -0.11655 -0.10601 -0.00324  0.31163  0.34078
  0.38082  0.76748  0.86485  1.20332  1.52689  1.53340  1.61400  1.67665
                               OCCUPATION 
  1.00000  1.00000  1.00000  1.00000  1.00000  0.00000  0.00000  0.00000
  0.00000  0.00000  0.00000  0.00000  0.00000  0.00000  0.00000  0.00000
 NKP=  140  NGP=       297  K=( -0.10540  0.31619  1.15937)  WKP= 0.0055
                              EIGEN VALUE 
 -0.20130 -0.18328 -0.16187 -0.12763 -0.10818 -0.01473  0.23541  0.42025
  0.43637  0.80310  0.98438  1.09303  1.36884  1.47495  1.50768  1.63341
                               OCCUPATION 
  1.00000  1.00000  1.00000  1.00000  1.00000  0.00000  0.00000  0.00000
  0.00000  0.00000  0.00000  0.00000  0.00000  0.00000  0.00000  0.00000
 NKP=  141  NGP=       301  K=(  0.10540  0.10540  1.08910)  WKP= 0.0027
                              EIGEN VALUE 
 -0.21626 -0.19724 -0.12570 -0.11540 -0.10318 -0.03403  0.32524  0.35254
  0.47449  0.64088  0.78789  1.39421  1.43487  1.66628  1.69050  1.75116
                               OCCUPATION 
  1.00000  1.00000  1.00000  1.00000  1.00000 -0.00000  0.00000  0.00000
  0.00000  0.00000  0.00000  0.00000  0.00000  0.00000  0.00000  0.00000
 NKP=  142  NGP=       301  K=(  0.03513  0.17566  1.15937)  WKP= 0.0055
                              EIGEN VALUE 
 -0.21719 -0.19247 -0.14185 -0.11603 -0.10932 -0.05931  0.37369  0.40141
  0.43535  0.71269  0.80846  1.25934  1.47069  1.55829  1.60591  1.69797
                               OCCUPATION 
  1.00000  1.00000  1.00000  1.00000  1.00000  1.00000  0.00000  0.00000
  0.00000  0.00000  0.00000  0.00000  0.00000  0.00000  0.00000  0.00000
 NKP=  143  NGP=       300  K=( -0.03513  0.24593  1.22963)  WKP= 0.0055
                              EIGEN VALUE 
 -0.21851 -0.18519 -0.15812 -0.12312 -0.11557 -0.06779  0.35181  0.41814
  0.49350  0.79487  0.88491  1.12431  1.36943  1.47729  1.53244  1.64334
                               OCCUPATION 
  1.00000  1.00000  1.00000  1.00000  1.00000  1.00000  0.00000  0.00000
  0.00000  0.00000  0.00000  0.00000  0.00000  0.00000  0.00000  0.00000
 NKP=  144  NGP=       303  K=(  0.10540  0.10540  1.22963)  WKP= 0.0027
                              EIGEN VALUE 
 -0.23061 -0.18917 -0.14394 -0.12501 -0.10737 -0.09263  0.39289  0.47578
  0.52246  0.66125  0.81257  1.31198  1.32955  1.47330  1.60050  1.68143
                               OCCUPATION 
  1.00000  1.00000  1.00000  1.00000  1.00000  1.00000  0.00000  0.00000
  0.00000  0.00000  0.00000  0.00000  0.00000  0.00000  0.00000  0.00000
 NKP=  145  NGP=       302  K=(  0.03513  0.17566  1.29989)  WKP= 0.0055
                              EIGEN VALUE 
 -0.24573 -0.18338 -0.15270 -0.12699 -0.11933 -0.09888  0.42424  0.48515
  0.56436  0.74724  0.84008  1.17805  1.32015  1.42356  1.47181  1.58526
                               OCCUPATION 
  1.00000  1.00000  1.00000  1.00000  1.00000  1.00000  0.00000  0.00000
  0.00000  0.00000  0.00000  0.00000  0.00000  0.00000  0.00000  0.00000
 NKP=  146  NGP=       298  K=(  0.10540  0.10540  1.37016)  WKP= 0.0027
                              EIGEN VALUE 
 -0.27366 -0.17863 -0.14954 -0.13550 -0.12012 -0.11338  0.45212  0.59266
  0.63892  0.70132  0.85455  1.20931  1.24078  1.31852  1.43932  1.52200
                               OCCUPATION 
  1.00000  1.00000  1.00000  1.00000  1.00000  1.00000  0.00000  0.00000
  0.00000  0.00000  0.00000  0.00000  0.00000  0.00000  0.00000  0.00000
 NKP=  147  NGP=       298  K=(  0.17566  0.17566  0.17566)  WKP= 0.0009
                              EIGEN VALUE 
 -0.33602 -0.16212 -0.14913 -0.14913 -0.12587 -0.12587  0.51472  0.80510
  0.80510  0.81265  1.04810  1.05719  1.05719  1.13847  1.13847  1.32482
                               OCCUPATION 
  1.00000  1.00000  1.00000  1.00000  1.00000  1.00000  0.00000  0.00000
  0.00000  0.00000  0.00000  0.00000  0.00000  0.00000  0.00000  0.00000
 NKP=  148  NGP=       303  K=(  0.10540  0.24593  0.24593)  WKP= 0.0027
                              EIGEN VALUE 
 -0.31698 -0.16532 -0.14886 -0.14657 -0.13013 -0.11852  0.47223  0.65242
  0.85985  0.89072  0.96060  0.97112  1.08783  1.17106  1.24245  1.40435
                               OCCUPATION 
  1.00000  1.00000  1.00000  1.00000  1.00000  1.00000  0.00000  0.00000
  0.00000  0.00000  0.00000  0.00000  0.00000  0.00000  0.00000  0.00000
 NKP=  149  NGP=       301  K=(  0.03513  0.31619  0.31619)  WKP= 0.0027
                              EIGEN VALUE 
 -0.28551 -0.16999 -0.15153 -0.14023 -0.13466 -0.10633  0.44102  0.50686
  0.85785  0.86249  0.95912  0.99460  1.05749  1.21347  1.37017  1.51555
                               OCCUPATION 
  1.00000  1.00000  1.00000  1.00000  1.00000  1.00000  0.00000  0.00000
  0.00000  0.00000  0.00000  0.00000  0.00000  0.00000  0.00000  0.00000
 NKP=  150  NGP=       300  K=( -0.03513  0.38646  0.38646)  WKP= 0.0027
                              EIGEN VALUE 
 -0.24719 -0.17227 -0.15726 -0.13894 -0.13081 -0.08795  0.36341  0.43222
  0.77877  0.80308  1.01126  1.04282  1.10586  1.24730  1.43318  1.57727
                               OCCUPATION 
  1.00000  1.00000  1.00000  1.00000  1.00000  1.00000  0.00000  0.00000
  0.00000  0.00000  0.00000  0.00000  0.00000  0.00000  0.00000  0.00000
 NKP=  151  NGP=       295  K=( -0.10540  0.45672  0.45672)  WKP= 0.0027
                              EIGEN VALUE 
 -0.21670 -0.16638 -0.16383 -0.14168 -0.12059 -0.05790  0.24189  0.42936
  0.70661  0.75528  1.04251  1.05609  1.22968  1.30266  1.41268  1.56247
                               OCCUPATION 
  1.00000  1.00000  1.00000  1.00000  1.00000  1.00000  0.00000  0.00000
  0.00000  0.00000  0.00000  0.00000  0.00000  0.00000  0.00000  0.00000
 NKP=  152  NGP=       297  K=( -0.17566  0.52698  0.52698)  WKP= 0.0027
                              EIGEN VALUE 
 -0.20646 -0.16955 -0.15454 -0.14270 -0.11146 -0.00858  0.13853  0.44336
  0.64869  0.72082  1.05604  1.08576  1.33096  1.36548  1.38094  1.47658
                               OCCUPATION 
  1.00000  1.00000  1.00000  1.00000  1.00000  0.00000  0.00000  0.00000
  0.00000  0.00000  0.00000  0.00000  0.00000  0.00000  0.00000  0.00000
 NKP=  153  NGP=       298  K=( -0.24593  0.59725  0.59725)  WKP= 0.0027
                              EIGEN VALUE 
 -0.20663 -0.17251 -0.15238 -0.14189 -0.10556  0.00654  0.11349  0.47286
  0.60719  0.69960  1.08324  1.10637  1.23071  1.33541  1.51245  1.57930
                               OCCUPATION 
  1.00000  1.00000  1.00000  1.00000  1.00000  0.00000  0.00000  0.00000
  0.00000  0.00000  0.00000  0.00000  0.00000  0.00000  0.00000  0.00000
 NKP=  154  NGP=       297  K=( -0.31619  0.66751  0.66751)  WKP= 0.0027
                              EIGEN VALUE 
 -0.21423 -0.17527 -0.15688 -0.13966 -0.10429 -0.05091  0.20348  0.51690
  0.58376  0.69025  1.07325  1.12396  1.15355  1.32475  1.64569  1.68422
                               OCCUPATION 
  1.00000  1.00000  1.00000  1.00000  1.00000  1.00001  0.00000  0.00000
  0.00000  0.00000  0.00000  0.00000  0.00000  0.00000  0.00000  0.00000
 NKP=  155  NGP=       294  K=( -0.38646  0.73778  0.73778)  WKP= 0.0027
                              EIGEN VALUE 
 -0.23757 -0.17950 -0.15563 -0.13695 -0.10758 -0.09464  0.32089  0.57373
  0.57906  0.69123  0.95799  1.17569  1.17760  1.32105  1.54525  1.62590
                               OCCUPATION 
  1.00000  1.00000  1.00000  1.00000  1.00000  1.00000  0.00000  0.00000
  0.00000  0.00000  0.00000  0.00000  0.00000  0.00000  0.00000  0.00000
 NKP=  156  NGP=       298  K=(  0.17566  0.17566  0.31619)  WKP= 0.0027
                              EIGEN VALUE 
 -0.30352 -0.16672 -0.14912 -0.14680 -0.12554 -0.11837  0.42533  0.70262
  0.74409  0.85251  0.95600  1.05045  1.09276  1.16556  1.28904  1.40899
                               OCCUPATION 
  1.00000  1.00000  1.00000  1.00000  1.00000  1.00000  0.00000  0.00000
  0.00000  0.00000  0.00000  0.00000  0.00000  0.00000  0.00000  0.00000
 NKP=  157  NGP=       299  K=(  0.10540  0.24593  0.38646)  WKP= 0.0055
                              EIGEN VALUE 
 -0.27776 -0.17096 -0.15239 -0.14252 -0.12601 -0.10772  0.39083  0.57143
  0.75385  0.82139  0.98063  1.01411  1.11646  1.25487  1.33586  1.53892
                               OCCUPATION 
  1.00000  1.00000  1.00000  1.00000  1.00000  1.00000  0.00000  0.00000
  0.00000  0.00000  0.00000  0.00000  0.00000  0.00000  0.00000  0.00000
 NKP=  158  NGP=       301  K=(  0.03513  0.31619  0.45672)  WKP= 0.0055
                              EIGEN VALUE 
 -0.24389 -0.17485 -0.15886 -0.13534 -0.12803 -0.08766  0.36731  0.43545
  0.68060  0.88288  0.93204  1.04715  1.15988  1.30925  1.44069  1.58225
                               OCCUPATION 
  1.00000  1.00000  1.00000  1.00000  1.00000  1.00000  0.00000  0.00000
  0.00000  0.00000  0.00000  0.00000  0.00000  0.00000  0.00000  0.00000
 NKP=  159  NGP=       298  K=( -0.03513  0.38646  0.52698)  WKP= 0.0055
                              EIGEN VALUE 
 -0.21233 -0.17452 -0.16673 -0.13400 -0.12219 -0.05543  0.29722  0.37166
  0.61340  0.84475  0.97746  1.10109  1.21090  1.35898  1.50548  1.56411
                               OCCUPATION 
  1.00000  1.00000  1.00000  1.00000  1.00000  1.00000  0.00000  0.00000
  0.00000  0.00000  0.00000  0.00000  0.00000  0.00000  0.00000  0.00000
 NKP=  160  NGP=       293  K=( -0.10540  0.45672  0.59725)  WKP= 0.0055
                              EIGEN VALUE 
 -0.19795 -0.17499 -0.16475 -0.13584 -0.11332 -0.00339  0.18648  0.37846
  0.55795  0.80161  1.00857  1.20010  1.24542  1.38730  1.43456  1.51217
                               OCCUPATION 
  1.00000  1.00000  1.00000  1.00000  1.00000  0.00000  0.00000  0.00000
  0.00000  0.00000  0.00000  0.00000  0.00000  0.00000  0.00000  0.00000
 NKP=  161  NGP=       293  K=( -0.17566  0.52698  0.66751)  WKP= 0.0055
                              EIGEN VALUE 
 -0.19702 -0.17902 -0.15830 -0.13583 -0.10741  0.04836  0.11323  0.40301
  0.51600  0.77198  1.03214  1.22258  1.26113  1.35300  1.44202  1.60608
                               OCCUPATION 
  1.00000  1.00000  1.00000  1.00000  1.00000  0.00000  0.00000  0.00000
  0.00000  0.00000  0.00000  0.00000  0.00000  0.00000  0.00000  0.00000
 NKP=  162  NGP=       295  K=( -0.24593  0.59725  0.73778)  WKP= 0.0055
                              EIGEN VALUE 
 -0.20251 -0.18068 -0.15905 -0.13317 -0.10582 -0.00820  0.18640  0.44244
  0.48961  0.75558  1.03711  1.11408  1.28527  1.41703  1.51446  1.67680
                               OCCUPATION 
  1.00000  1.00000  1.00000  1.00000  1.00000  0.00000  0.00000  0.00000
  0.00000  0.00000  0.00000  0.00000  0.00000  0.00000  0.00000  0.00000
 NKP=  163  NGP=       298  K=( -0.31619  0.66751  0.80804)  WKP= 0.0055
                              EIGEN VALUE 
 -0.21745 -0.18358 -0.15790 -0.12969 -0.10963 -0.06538  0.29874  0.47665
  0.49900  0.75000  0.94061  1.12714  1.31013  1.41954  1.56828  1.67359
                               OCCUPATION 
  1.00000  1.00000  1.00000  1.00000  1.00000  1.00000  0.00000  0.00000
  0.00000  0.00000  0.00000  0.00000  0.00000  0.00000  0.00000  0.00000
 NKP=  164  NGP=       294  K=(  0.17566  0.17566  0.45672)  WKP= 0.0027
                              EIGEN VALUE 
 -0.25927 -0.17479 -0.15410 -0.14103 -0.11073 -0.11007  0.35171  0.61569
  0.65405  0.71611  0.97788  1.11286  1.14508  1.25870  1.45629  1.54576
                               OCCUPATION 
  1.00000  1.00000  1.00000  1.00000  1.00000  1.00000  0.00000  0.00000
  0.00000  0.00000  0.00000  0.00000  0.00000  0.00000  0.00000  0.00000
 NKP=  165  NGP=       299  K=(  0.10540  0.24593  0.52698)  WKP= 0.0055
                              EIGEN VALUE 
 -0.23386 -0.17916 -0.15831 -0.13462 -0.11422 -0.08641  0.32531  0.50482
  0.58092  0.76846  0.95513  1.09134  1.23804  1.35830  1.48240  1.69615
                               OCCUPATION 
  1.00000  1.00000  1.00000  1.00000  1.00000  1.00000  0.00000  0.00000
  0.00000  0.00000  0.00000  0.00000  0.00000  0.00000  0.00000  0.00000
 NKP=  166  NGP=       298  K=(  0.03513  0.31619  0.59725)  WKP= 0.0055
                              EIGEN VALUE 
 -0.20872 -0.18122 -0.16543 -0.12644 -0.11658 -0.04972  0.30945  0.38127
  0.50982  0.86503  0.92904  1.06342  1.33498  1.46349  1.53241  1.58007
                               OCCUPATION 
  1.00000  1.00000  1.00000  1.00000  1.00000  1.00031  0.00000  0.00000
  0.00000  0.00000  0.00000  0.00000  0.00000  0.00000  0.00000  0.00000
 NKP=  167  NGP=       293  K=( -0.03513  0.38646  0.66751)  WKP= 0.0055
                              EIGEN VALUE 
 -0.19295 -0.17908 -0.17170 -0.12702 -0.11131  0.00581  0.24738  0.32946
  0.45101  0.90155  0.94877  1.08433  1.39452  1.40632  1.53118  1.60787
                               OCCUPATION 
  1.00000  1.00000  1.00000  1.00000  1.00000  0.00000  0.00000  0.00000
  0.00000  0.00000  0.00000  0.00000  0.00000  0.00000  0.00000  0.00000
 NKP=  168  NGP=       292  K=( -0.10540  0.45672  0.73778)  WKP= 0.0055
                              EIGEN VALUE 
 -0.18695 -0.18416 -0.16701 -0.12956 -0.10648  0.07831  0.14954  0.34594
  0.40555  0.87848  0.98529  1.16825  1.26362  1.42547  1.55465  1.67395
                               OCCUPATION 
  1.00000  1.00000  1.00000  1.00000  1.00000  0.00000  0.00000  0.00000
  0.00000  0.00000  0.00000  0.00000  0.00000  0.00000  0.00000  0.00000
 NKP=  169  NGP=       294  K=( -0.17566  0.52698  0.80804)  WKP= 0.0055
                              EIGEN VALUE 
 -0.19182 -0.18296 -0.16547 -0.12778 -0.10626  0.05133  0.18142  0.37259
  0.38285  0.86304  0.99340  1.10838  1.34016  1.43692  1.54855  1.69760
                               OCCUPATION 
  1.00000  1.00000  1.00000  1.00000  1.00000  0.00000  0.00000  0.00000
  0.00000  0.00000  0.00000  0.00000  0.00000  0.00000  0.00000  0.00000
 NKP=  170  NGP=       295  K=( -0.24593  0.59725  0.87831)  WKP= 0.0055
                              EIGEN VALUE 
 -0.20091 -0.18426 -0.16357 -0.12297 -0.11111 -0.01824  0.28701  0.36098
  0.43074  0.85106  0.93098  1.08524  1.42826  1.49687  1.53898  1.60412
                               OCCUPATION 
  1.00000  1.00000  1.00000  1.00000  1.00000  0.00000  0.00000  0.00000
  0.00000  0.00000  0.00000  0.00000  0.00000  0.00000  0.00000  0.00000
 NKP=  171  NGP=       299  K=(  0.17566  0.17566  0.59725)  WKP= 0.0027
                              EIGEN VALUE 
 -0.22078 -0.18432 -0.15395 -0.13233 -0.10517 -0.07228  0.29424  0.49205
  0.54755  0.67524  0.94022  1.21412  1.23319  1.39741  1.63697  1.70534
                               OCCUPATION 
  1.00000  1.00000  1.00000  1.00000  1.00000  1.00000  0.00000  0.00000
  0.00000  0.00000  0.00000  0.00000  0.00000  0.00000  0.00000  0.00000
 NKP=  172  NGP=       300  K=(  0.10540  0.24593  0.66751)  WKP= 0.0055
                              EIGEN VALUE 
 -0.20842 -0.18769 -0.15369 -0.12486 -0.10656 -0.03521  0.27662  0.41751
  0.45706  0.73577  0.92836  1.16574  1.37495  1.49577  1.59992  1.66258
                               OCCUPATION 
  1.00000  1.00000  1.00000  1.00000  1.00000 -0.00000  0.00000  0.00000
  0.00000  0.00000  0.00000  0.00000  0.00000  0.00000  0.00000  0.00000
 NKP=  173  NGP=       295  K=(  0.03513  0.31619  0.73778)  WKP= 0.0055
                              EIGEN VALUE 
 -0.19933 -0.18670 -0.15844 -0.12119 -0.10627  0.02104  0.26945  0.34440
  0.35827  0.83988  0.93080  1.11578  1.43072  1.51993  1.60356  1.67847
                               OCCUPATION 
  1.00000  1.00000  1.00000  1.00000  1.00000  0.00000  0.00000  0.00000
  0.00000  0.00000  0.00000  0.00000  0.00000  0.00000  0.00000  0.00000
 NKP=  174  NGP=       295  K=( -0.03513  0.38646  0.80804)  WKP= 0.0055
                              EIGEN VALUE 
 -0.19448 -0.18135 -0.16462 -0.12511 -0.10263  0.09403  0.21702  0.30270
  0.31281  0.90889  0.98308  1.08177  1.28197  1.59250  1.66792  1.75561
                               OCCUPATION 
  1.00000  1.00000  1.00000  1.00000  1.00000  0.00000  0.00000  0.00000
  0.00000  0.00000  0.00000  0.00000  0.00000  0.00000  0.00000  0.00000
 NKP=  175  NGP=       293  K=( -0.10540  0.45672  0.87831)  WKP= 0.0055
                              EIGEN VALUE 
 -0.19195 -0.17573 -0.17150 -0.12708 -0.10266  0.12561  0.17928  0.28112
  0.33269  0.93270  1.00075  1.09325  1.21950  1.57509  1.67629  1.74976
                               OCCUPATION 
  1.00000  1.00000  1.00000  1.00000  1.00000  0.00000  0.00000  0.00000
  0.00000  0.00000  0.00000  0.00000  0.00000  0.00000  0.00000  0.00000
 NKP=  176  NGP=       295  K=( -0.17566  0.52698  0.94857)  WKP= 0.0055
                              EIGEN VALUE 
 -0.19257 -0.18051 -0.16864 -0.12546 -0.10641  0.04771  0.22951  0.31524
  0.37690  0.91180  0.95985  1.07992  1.33718  1.49730  1.60475  1.67623
                               OCCUPATION 
  1.00000  1.00000  1.00000  1.00000  1.00000  0.00000  0.00000  0.00000
  0.00000  0.00000  0.00000  0.00000  0.00000  0.00000  0.00000  0.00000
 NKP=  177  NGP=       301  K=(  0.17566  0.17566  0.73778)  WKP= 0.0027
                              EIGEN VALUE 
 -0.20778 -0.19238 -0.14194 -0.12269 -0.10314 -0.00380  0.25457  0.34125
  0.50164  0.65569  0.91526  1.29724  1.33519  1.58124  1.61870  1.67951
                               OCCUPATION 
  1.00000  1.00000  1.00000  1.00000  1.00000  0.00000  0.00000  0.00000
  0.00000  0.00000  0.00000  0.00000  0.00000  0.00000  0.00000  0.00000
 NKP=  178  NGP=       293  K=(  0.10540  0.24593  0.80804)  WKP= 0.0055
                              EIGEN VALUE 
 -0.20512 -0.19319 -0.14193 -0.11835 -0.10325  0.04488  0.24668  0.28124
  0.42752  0.71869  0.91285  1.24843  1.47263  1.48190  1.67831  1.72251
                               OCCUPATION 
  1.00000  1.00000  1.00000  1.00000  1.00000  0.00000  0.00000  0.00000
  0.00000  0.00000  0.00000  0.00000  0.00000  0.00000  0.00000  0.00000
 NKP=  179  NGP=       294  K=(  0.03513  0.31619  0.87831)  WKP= 0.0055
                              EIGEN VALUE 
 -0.20100 -0.18921 -0.14998 -0.12106 -0.10056  0.10199  0.24072  0.25289
  0.33060  0.82839  0.92907  1.17891  1.33206  1.64259  1.74226  1.79445
                               OCCUPATION 
  1.00000  1.00000  1.00000  1.00000  1.00000  0.00000  0.00000  0.00000
  0.00000  0.00000  0.00000  0.00000  0.00000  0.00000  0.00000  0.00000
 NKP=  180  NGP=       293  K=( -0.03513  0.38646  0.94857)  WKP= 0.0055
                              EIGEN VALUE 
 -0.19584 -0.18180 -0.16209 -0.12525 -0.10055  0.13564  0.21018  0.25715
  0.30216  0.90607  0.99790  1.08835  1.24672  1.66032  1.73201  1.80024
                               OCCUPATION 
  1.00000  1.00000  1.00000  1.00000  1.00000  0.00000  0.00000  0.00000
  0.00000  0.00000  0.00000  0.00000  0.00000  0.00000  0.00000  0.00000
 NKP=  181  NGP=       292  K=( -0.10540  0.45672  1.01884)  WKP= 0.0027
                              EIGEN VALUE 
 -0.19004 -0.17973 -0.16902 -0.12784 -0.10404  0.11932  0.14579  0.33317
  0.34070  0.91390  0.98607  1.13100  1.23190  1.51275  1.61706  1.75129
                               OCCUPATION 
  1.00000  1.00000  1.00000  1.00000  1.00000  0.00000  0.00000  0.00000
  0.00000  0.00000  0.00000  0.00000  0.00000  0.00000  0.00000  0.00000
 NKP=  182  NGP=       294  K=(  0.17566  0.17566  0.87831)  WKP= 0.0027
                              EIGEN VALUE 
 -0.20728 -0.19595 -0.13342 -0.11600 -0.10405  0.07201  0.22612  0.24240
  0.48122  0.64805  0.90480  1.37576  1.41471  1.51572  1.57718  1.80807
                               OCCUPATION 
  1.00000  1.00000  1.00000  1.00000  1.00000  0.00000  0.00000  0.00000
  0.00000  0.00000  0.00000  0.00000  0.00000  0.00000  0.00000  0.00000
 NKP=  183  NGP=       293  K=(  0.10540  0.24593  0.94857)  WKP= 0.0055
                              EIGEN VALUE 
 -0.20548 -0.19426 -0.13869 -0.11731 -0.10251  0.07982  0.23010  0.24582
  0.42154  0.71537  0.90976  1.28104  1.43160  1.51800  1.66577  1.80611
                               OCCUPATION 
  1.00000  1.00000  1.00000  1.00000  1.00000  0.00000  0.00000  0.00000
  0.00000  0.00000  0.00000  0.00000  0.00000  0.00000  0.00000  0.00000
 NKP=  184  NGP=       295  K=(  0.03513  0.31619  1.01884)  WKP= 0.0055
                              EIGEN VALUE 
 -0.20016 -0.18837 -0.15318 -0.12083 -0.10257  0.06462  0.25708  0.29078
  0.33600  0.83224  0.92980  1.15049  1.37224  1.59651  1.67337  1.75115
                               OCCUPATION 
  1.00000  1.00000  1.00000  1.00000  1.00000  0.00000  0.00000  0.00000
  0.00000  0.00000  0.00000  0.00000  0.00000  0.00000  0.00000  0.00000
 NKP=  185  NGP=       292  K=(  0.17566  0.17566  1.01884)  WKP= 0.0027
                              EIGEN VALUE 
 -0.20713 -0.19478 -0.13641 -0.11859 -0.10344  0.03782  0.24178  0.27802
  0.48808  0.65055  0.90827  1.34075  1.38098  1.55902  1.61230  1.70014
                               OCCUPATION 
  1.00000  1.00000  1.00000  1.00000  1.00000  0.00000  0.00000  0.00000
  0.00000  0.00000  0.00000  0.00000  0.00000  0.00000  0.00000  0.00000
 NKP=  186  NGP=       297  K=(  0.10540  0.24593  1.08910)  WKP= 0.0055
                              EIGEN VALUE 
 -0.20537 -0.19100 -0.14749 -0.12088 -0.10457  0.00285  0.25928  0.34499
  0.43935  0.72543  0.91905  1.20695  1.43146  1.53111  1.59007  1.74880
                               OCCUPATION 
  1.00000  1.00000  1.00000  1.00000  1.00000  0.00000  0.00000  0.00000
  0.00000  0.00000  0.00000  0.00000  0.00000  0.00000  0.00000  0.00000
 NKP=  187  NGP=       299  K=(  0.17566  0.17566  1.15937)  WKP= 0.0027
                              EIGEN VALUE 
 -0.21132 -0.18878 -0.14864 -0.12744 -0.10367 -0.04176  0.27203  0.41385
  0.52159  0.66375  0.92590  1.25427  1.28571  1.48592  1.68378  1.72771
                               OCCUPATION 
  1.00000  1.00000  1.00000  1.00000  1.00000 -0.03539  0.00000  0.00000
  0.00000  0.00000  0.00000  0.00000  0.00000  0.00000  0.00000  0.00000
 NKP=  188  NGP=       302  K=(  0.24593  0.24593  0.24593)  WKP= 0.0009
                              EIGEN VALUE 
 -0.29549 -0.16301 -0.14965 -0.14965 -0.12093 -0.12093  0.37437  0.78200
  0.78200  0.79192  0.98433  0.98433  1.04871  1.23399  1.23399  1.39875
                               OCCUPATION 
  1.00000  1.00000  1.00000  1.00000  1.00000  1.00000  0.00000  0.00000
  0.00000  0.00000  0.00000  0.00000  0.00000  0.00000  0.00000  0.00000
 NKP=  189  NGP=       299  K=(  0.17566  0.31619  0.31619)  WKP= 0.0027
                              EIGEN VALUE 
 -0.27521 -0.16454 -0.15142 -0.14832 -0.12371 -0.10958  0.33593  0.63599
  0.82033  0.85052  0.90716  0.97243  1.14426  1.19463  1.30468  1.49889
                               OCCUPATION 
  1.00000  1.00000  1.00000  1.00000  1.00000  1.00000  0.00000  0.00000
  0.00000  0.00000  0.00000  0.00000  0.00000  0.00000  0.00000  0.00000
 NKP=  190  NGP=       300  K=(  0.10540  0.38646  0.38646)  WKP= 0.0027
                              EIGEN VALUE 
 -0.24574 -0.16881 -0.15673 -0.14351 -0.12565 -0.08924  0.31004  0.49439
  0.78207  0.79944  0.98714  1.00183  1.17124  1.24940  1.35978  1.67178
                               OCCUPATION 
  1.00000  1.00000  1.00000  1.00000  1.00000  1.00000  0.00000  0.00000
  0.00000  0.00000  0.00000  0.00000  0.00000  0.00000  0.00000  0.00000
 NKP=  191  NGP=       297  K=(  0.03513  0.45672  0.45672)  WKP= 0.0027
                              EIGEN VALUE 
 -0.21457 -0.17171 -0.16506 -0.13779 -0.12462 -0.05728  0.29309  0.36840
  0.70224  0.75540  1.07386  1.09478  1.16828  1.28949  1.49828  1.55897
                               OCCUPATION 
  1.00000  1.00000  1.00000  1.00000  1.00000  1.00000  0.00000  0.00000
  0.00000  0.00000  0.00000  0.00000  0.00000  0.00000  0.00000  0.00000
 NKP=  192  NGP=       291  K=( -0.03513  0.52698  0.52698)  WKP= 0.0027
                              EIGEN VALUE 
 -0.19567 -0.17425 -0.16775 -0.13467 -0.11836 -0.00788  0.22936  0.31679
  0.63338  0.71674  1.14552  1.15241  1.24244  1.32143  1.40622  1.57197
                               OCCUPATION 
  1.00000  1.00000  1.00000  1.00000  1.00000  0.00000  0.00000  0.00000
  0.00000  0.00000  0.00000  0.00000  0.00000  0.00000  0.00000  0.00000
 NKP=  193  NGP=       292  K=( -0.10540  0.59725  0.59725)  WKP= 0.0027
                              EIGEN VALUE 
 -0.19420 -0.18139 -0.15857 -0.13274 -0.11035  0.05784  0.13394  0.33166
  0.57863  0.68888  1.17544  1.17865  1.23018  1.37715  1.44437  1.54922
                               OCCUPATION 
  1.00000  1.00000  1.00000  1.00000  1.00000  0.00000  0.00000  0.00000
  0.00000  0.00000  0.00000  0.00000  0.00000  0.00000  0.00000  0.00000
 NKP=  194  NGP=       296  K=( -0.17566  0.66751  0.66751)  WKP= 0.0027
                              EIGEN VALUE 
 -0.20036 -0.18559 -0.15279 -0.13032 -0.10473  0.02850  0.16549  0.36535
  0.54065  0.67177  1.05722  1.20850  1.24701  1.49473  1.52703  1.60032
                               OCCUPATION 
  1.00000  1.00000  1.00000  1.00000  1.00000  0.00000  0.00000  0.00000
  0.00000  0.00000  0.00000  0.00000  0.00000  0.00000  0.00000  0.00000
 NKP=  195  NGP=       298  K=(  0.24593  0.24593  0.38646)  WKP= 0.0027
                              EIGEN VALUE 
 -0.26178 -0.16261 -0.15311 -0.14883 -0.11349 -0.11197  0.29334  0.68879
  0.72728  0.78491  0.95953  1.02681  1.07923  1.21857  1.39583  1.49892
                               OCCUPATION 
  1.00000  1.00000  1.00000  1.00000  1.00000  1.00000  0.00000  0.00000
  0.00000  0.00000  0.00000  0.00000  0.00000  0.00000  0.00000  0.00000
 NKP=  196  NGP=       297  K=(  0.17566  0.31619  0.45672)  WKP= 0.0055
                              EIGEN VALUE 
 -0.23976 -0.16588 -0.15740 -0.14522 -0.11564 -0.09057  0.26340  0.56449
  0.69039  0.80148  0.96108  1.05624  1.14963  1.25194  1.42028  1.63935
                               OCCUPATION 
  1.00000  1.00000  1.00000  1.00000  1.00000  1.00000  0.00000  0.00000
  0.00000  0.00000  0.00000  0.00000  0.00000  0.00000  0.00000  0.00000
 NKP=  197  NGP=       295  K=(  0.10540  0.38646  0.52698)  WKP= 0.0055
                              EIGEN VALUE 
 -0.21428 -0.17049 -0.16486 -0.13844 -0.11765 -0.05546  0.24571  0.43274
  0.61743  0.83549  0.95885  1.12614  1.19255  1.36618  1.43911  1.56770
                               OCCUPATION 
  1.00000  1.00000  1.00000  1.00000  1.00000  1.00000  0.00000  0.00000
  0.00000  0.00000  0.00000  0.00000  0.00000  0.00000  0.00000  0.00000
 NKP=  198  NGP=       293  K=(  0.03513  0.45672  0.59725)  WKP= 0.0055
                              EIGEN VALUE 
 -0.19350 -0.17606 -0.17047 -0.13231 -0.11618 -0.00434  0.23390  0.31993
  0.55344  0.80217  1.03911  1.16636  1.27183  1.37418  1.43832  1.57916
                               OCCUPATION 
  1.00000  1.00000  1.00000  1.00000  1.00000  0.00000  0.00000  0.00000
  0.00000  0.00000  0.00000  0.00000  0.00000  0.00000  0.00000  0.00000
 NKP=  199  NGP=       290  K=( -0.03513  0.52698  0.66751)  WKP= 0.0055
                              EIGEN VALUE 
 -0.18781 -0.18477 -0.16373 -0.12912 -0.11065  0.06448  0.17678  0.28088
  0.50102  0.76620  1.10942  1.19209  1.27094  1.34517  1.49886  1.65357
                               OCCUPATION 
  1.00000  1.00000  1.00000  1.00000  1.00000  0.00000  0.00000  0.00000
  0.00000  0.00000  0.00000  0.00000  0.00000  0.00000  0.00000  0.00000
 NKP=  200  NGP=       294  K=( -0.10540  0.59725  0.73778)  WKP= 0.0055
                              EIGEN VALUE 
 -0.19610 -0.18769 -0.15450 -0.12565 -0.10563  0.08089  0.15786  0.30301
  0.46219  0.74072  1.05138  1.16405  1.37590  1.39558  1.59354  1.64678
                               OCCUPATION 
  1.00000  1.00000  1.00000  1.00000  1.00000  0.00000  0.00000  0.00000
  0.00000  0.00000  0.00000  0.00000  0.00000  0.00000  0.00000  0.00000
 NKP=  201  NGP=       296  K=(  0.24593  0.24593  0.52698)  WKP= 0.0027
                              EIGEN VALUE 
 -0.22721 -0.16948 -0.15714 -0.14363 -0.10580 -0.07981  0.22920  0.59795
  0.61371  0.70562  1.07571  1.08730  1.10191  1.26357  1.57140  1.64246
                               OCCUPATION 
  1.00000  1.00000  1.00000  1.00000  1.00000  1.00000  0.00000  0.00000
  0.00000  0.00000  0.00000  0.00000  0.00000  0.00000  0.00000  0.00000
 NKP=  202  NGP=       295  K=(  0.17566  0.31619  0.59725)  WKP= 0.0055
                              EIGEN VALUE 
 -0.21107 -0.17517 -0.16016 -0.13762 -0.10746 -0.04424  0.20771  0.50664
  0.52511  0.76776  1.01402  1.11106  1.22214  1.34752  1.57803  1.59831
                               OCCUPATION 
  1.00000  1.00000  1.00000  1.00000  1.00000  0.53200  0.00000  0.00000
  0.00000  0.00000  0.00000  0.00000  0.00000  0.00000  0.00000  0.00000
 NKP=  203  NGP=       296  K=(  0.10540  0.38646  0.66751)  WKP= 0.0055
                              EIGEN VALUE 
 -0.19499 -0.18000 -0.16666 -0.13054 -0.10930  0.00846  0.19825  0.38888
  0.45556  0.86233  0.96699  1.11795  1.35124  1.40634  1.48496  1.60606
                               OCCUPATION 
  1.00000  1.00000  1.00000  1.00000  1.00000  0.00000  0.00000  0.00000
  0.00000  0.00000  0.00000  0.00000  0.00000  0.00000  0.00000  0.00000
 NKP=  204  NGP=       290  K=(  0.03513  0.45672  0.73778)  WKP= 0.0055
                              EIGEN VALUE 
 -0.18871 -0.17924 -0.17102 -0.12776 -0.10643  0.07714  0.19212  0.28988
  0.40076  0.88572  1.00914  1.12710  1.25767  1.47151  1.60310  1.68057
                               OCCUPATION 
  1.00000  1.00000  1.00000  1.00000  1.00000  0.00000  0.00000  0.00000
  0.00000  0.00000  0.00000  0.00000  0.00000  0.00000  0.00000  0.00000
 NKP=  205  NGP=       292  K=( -0.03513  0.52698  0.80804)  WKP= 0.0055
                              EIGEN VALUE 
 -0.19390 -0.18282 -0.16227 -0.12577 -0.10267  0.14135  0.16239  0.26185
  0.35961  0.85928  1.05090  1.09535  1.25067  1.55380  1.68273  1.75133
                               OCCUPATION 
  1.00000  1.00000  1.00000  1.00000  1.00000  0.00000  0.00000  0.00000
  0.00000  0.00000  0.00000  0.00000  0.00000  0.00000  0.00000  0.00000
 NKP=  206  NGP=       294  K=(  0.24593  0.24593  0.66751)  WKP= 0.0027
                              EIGEN VALUE 
 -0.20540 -0.18094 -0.15526 -0.13509 -0.10395 -0.01433  0.18218  0.43872
  0.55930  0.67935  1.06483  1.16458  1.20221  1.40551  1.59563  1.65133
                               OCCUPATION 
  1.00000  1.00000  1.00000  1.00000  1.00000  0.00000  0.00000  0.00000
  0.00000  0.00000  0.00000  0.00000  0.00000  0.00000  0.00000  0.00000
 NKP=  207  NGP=       294  K=(  0.17566  0.31619  0.73778)  WKP= 0.0055
                              EIGEN VALUE 
 -0.19778 -0.18510 -0.15688 -0.12898 -0.10538  0.03447  0.16974  0.36918
  0.47312  0.74660  1.04894  1.13279  1.34054  1.43751  1.51463  1.67931
                               OCCUPATION 
  1.00000  1.00000  1.00000  1.00000  1.00000  0.00000  0.00000  0.00000
  0.00000  0.00000  0.00000  0.00000  0.00000  0.00000  0.00000  0.00000
 NKP=  208  NGP=       292  K=(  0.10540  0.38646  0.80804)  WKP= 0.0055
                              EIGEN VALUE 
 -0.19267 -0.18313 -0.16363 -0.12630 -0.10396  0.09838  0.16963  0.31349
  0.36471  0.86092  1.02538  1.10086  1.28546  1.50697  1.62688  1.74380
                               OCCUPATION 
  1.00000  1.00000  1.00000  1.00000  1.00000  0.00000  0.00000  0.00000
  0.00000  0.00000  0.00000  0.00000  0.00000  0.00000  0.00000  0.00000
 NKP=  209  NGP=       288  K=(  0.03513  0.45672  0.87831)  WKP= 0.0027
                              EIGEN VALUE 
 -0.19378 -0.17337 -0.17213 -0.12693 -0.10055  0.16924  0.17453  0.27046
  0.28379  0.97594  0.99848  1.05244  1.20246  1.67030  1.72261  1.80208
                               OCCUPATION 
  1.00000  1.00000  1.00000  1.00000  1.00000  0.00000  0.00000  0.00000
  0.00000  0.00000  0.00000  0.00000  0.00000  0.00000  0.00000  0.00000
 NKP=  210  NGP=       296  K=(  0.24593  0.24593  0.80804)  WKP= 0.0027
                              EIGEN VALUE 
 -0.19815 -0.18863 -0.15035 -0.12592 -0.10630  0.07481  0.15349  0.29956
  0.52806  0.66697  1.05178  1.25385  1.28776  1.46444  1.52407  1.62198
                               OCCUPATION 
  1.00000  1.00000  1.00000  1.00000  1.00000  0.00000  0.00000  0.00000
  0.00000  0.00000  0.00000  0.00000  0.00000  0.00000  0.00000  0.00000
 NKP=  211  NGP=       294  K=(  0.17566  0.31619  0.87831)  WKP= 0.0055
                              EIGEN VALUE 
 -0.19603 -0.18856 -0.15297 -0.12378 -0.10599  0.12270  0.14955  0.25369
  0.45669  0.73781  1.05120  1.19226  1.34012  1.42666  1.57852  1.73065
                               OCCUPATION 
  1.00000  1.00000  1.00000  1.00000  1.00000  0.00000  0.00000  0.00000
  0.00000  0.00000  0.00000  0.00000  0.00000  0.00000  0.00000  0.00000
 NKP=  212  NGP=       290  K=(  0.24593  0.24593  0.94857)  WKP= 0.0027
                              EIGEN VALUE 
 -0.19760 -0.18993 -0.14887 -0.12295 -0.10779  0.11628  0.14474  0.25107
  0.52171  0.66464  1.04899  1.29216  1.31671  1.41740  1.49466  1.72625
                               OCCUPATION 
  1.00000  1.00000  1.00000  1.00000  1.00000  0.00000  0.00000  0.00000
  0.00000  0.00000  0.00000  0.00000  0.00000  0.00000  0.00000  0.00000
 NKP=  213  NGP=       299  K=(  0.31619  0.31619  0.31619)  WKP= 0.0009
                              EIGEN VALUE 
 -0.25510 -0.15244 -0.15244 -0.15035 -0.11358 -0.11358  0.24750  0.76899
  0.76899  0.77037  0.92340  0.92340  1.05243  1.34843  1.34843  1.48519
                               OCCUPATION 
  1.00000  1.00000  1.00000  1.00000  1.00000  1.00000  0.00000  0.00000
  0.00000  0.00000  0.00000  0.00000  0.00000  0.00000  0.00000  0.00000
 NKP=  214  NGP=       293  K=(  0.24593  0.38646  0.38646)  WKP= 0.0027
                              EIGEN VALUE 
 -0.24006 -0.15510 -0.15143 -0.14936 -0.11504 -0.09588  0.21429  0.63304
  0.78223  0.79221  0.89765  0.96679  1.12377  1.31569  1.39794  1.59790
                               OCCUPATION 
  1.00000  1.00000  1.00000  1.00000  1.00000  1.00000  0.00000  0.00000
  0.00000  0.00000  0.00000  0.00000  0.00000  0.00000  0.00000  0.00000
 NKP=  215  NGP=       295  K=(  0.17566  0.45672  0.45672)  WKP= 0.0027
                              EIGEN VALUE 
 -0.21988 -0.16211 -0.15635 -0.14623 -0.11581 -0.05937  0.19322  0.49782
  0.71518  0.75507  0.99212  1.02890  1.26225  1.29846  1.40080  1.56742
                               OCCUPATION 
  1.00000  1.00000  1.00000  1.00000  1.00000  1.00000  0.00000  0.00000
  0.00000  0.00000  0.00000  0.00000  0.00000  0.00000  0.00000  0.00000
 NKP=  216  NGP=       293  K=(  0.10540  0.52698  0.52698)  WKP= 0.0027
                              EIGEN VALUE 
 -0.20018 -0.17264 -0.16239 -0.13815 -0.11526 -0.00758  0.18261  0.37491
  0.63850  0.71806  1.10518  1.12098  1.29858  1.34710  1.39738  1.48704
                               OCCUPATION 
  1.00000  1.00000  1.00000  1.00000  1.00000  0.00000  0.00000  0.00000
  0.00000  0.00000  0.00000  0.00000  0.00000  0.00000  0.00000  0.00000
 NKP=  217  NGP=       286  K=(  0.03513  0.59725  0.59725)  WKP= 0.0027
                              EIGEN VALUE 
 -0.19100 -0.18338 -0.16043 -0.12952 -0.11264  0.05990  0.17160  0.27796
  0.57287  0.68688  1.19888  1.21781  1.23042  1.32597  1.42364  1.64720
                               OCCUPATION 
  1.00000  1.00000  1.00000  1.00000  1.00000  0.00000  0.00000  0.00000
  0.00000  0.00000  0.00000  0.00000  0.00000  0.00000  0.00000  0.00000
 NKP=  218  NGP=       294  K=(  0.31619  0.31619  0.45672)  WKP= 0.0027
                              EIGEN VALUE 
 -0.23318 -0.15697 -0.15161 -0.14284 -0.10667 -0.09221  0.17819  0.69028
  0.70414  0.74479  0.95209  0.97304  1.09590  1.31887  1.51621  1.59510
                               OCCUPATION 
  1.00000  1.00000  1.00000  1.00000  1.00000  1.00000  0.00000  0.00000
  0.00000  0.00000  0.00000  0.00000  0.00000  0.00000  0.00000  0.00000
 NKP=  219  NGP=       295  K=(  0.24593  0.38646  0.52698)  WKP= 0.0055
                              EIGEN VALUE 
 -0.22021 -0.16253 -0.14981 -0.14681 -0.10843 -0.05585  0.15438  0.57234
  0.63796  0.78853  0.93797  1.07006  1.18566  1.30678  1.53198  1.57902
                               OCCUPATION 
  1.00000  1.00000  1.00000  1.00000  1.00000  1.00000  0.00000  0.00000
  0.00000  0.00000  0.00000  0.00000  0.00000  0.00000  0.00000  0.00000
 NKP=  220  NGP=       295  K=(  0.17566  0.45672  0.59725)  WKP= 0.0055
                              EIGEN VALUE 
 -0.20407 -0.17199 -0.15723 -0.14051 -0.10998 -0.00299  0.14173  0.44694
  0.56702  0.79960  0.97433  1.18159  1.27175  1.35271  1.41228  1.54018
                               OCCUPATION 
  1.00000  1.00000  1.00000  1.00000  1.00000  0.00000  0.00000  0.00000
  0.00000  0.00000  0.00000  0.00000  0.00000  0.00000  0.00000  0.00000
 NKP=  221  NGP=       292  K=(  0.10540  0.52698  0.66751)  WKP= 0.0055
                              EIGEN VALUE 
 -0.19132 -0.18279 -0.16150 -0.13179 -0.10916  0.06329  0.13781  0.33523
  0.50601  0.76816  1.07311  1.21197  1.28743  1.32408  1.51052  1.57498
                               OCCUPATION 
  1.00000  1.00000  1.00000  1.00000  1.00000  0.00000  0.00000  0.00000
  0.00000  0.00000  0.00000  0.00000  0.00000  0.00000  0.00000  0.00000
 NKP=  222  NGP=       293  K=(  0.31619  0.31619  0.59725)  WKP= 0.0027
                              EIGEN VALUE 
 -0.21456 -0.16676 -0.14897 -0.14604 -0.10461 -0.03136  0.12885  0.55050
  0.62973  0.70911  1.04213  1.06316  1.19798  1.29753  1.58345  1.63126
                               OCCUPATION 
  1.00000  1.00000  1.00000  1.00000  1.00000  0.00000  0.00000  0.00000
  0.00000  0.00000  0.00000  0.00000  0.00000  0.00000  0.00000  0.00000
 NKP=  223  NGP=       297  K=(  0.24593  0.38646  0.66751)  WKP= 0.0055
                              EIGEN VALUE 
 -0.20393 -0.17391 -0.15496 -0.14020 -0.10637  0.01387  0.11627  0.47645
  0.53121  0.77730  0.99443  1.20145  1.23596  1.34207  1.43891  1.64996
                               OCCUPATION 
  1.00000  1.00000  1.00000  1.00000  1.00000  0.00000  0.00000  0.00000
  0.00000  0.00000  0.00000  0.00000  0.00000  0.00000  0.00000  0.00000
 NKP=  224  NGP=       294  K=(  0.17566  0.45672  0.73778)  WKP= 0.0027
                              EIGEN VALUE 
 -0.19068 -0.18279 -0.16307 -0.13272 -0.10685  0.06780  0.12098  0.41028
  0.41901  0.86002  0.96840  1.21829  1.27989  1.35686  1.48032  1.69601
                               OCCUPATION 
  1.00000  1.00000  1.00000  1.00000  1.00000  0.00000  0.00000  0.00000
  0.00000  0.00000  0.00000  0.00000  0.00000  0.00000  0.00000  0.00000
 NKP=  225  NGP=       296  K=(  0.31619  0.31619  0.73778)  WKP= 0.0027
                              EIGEN VALUE 
 -0.19970 -0.17762 -0.15566 -0.13726 -0.10762  0.04146  0.11061  0.39922
  0.59011  0.69302  1.12815  1.14525  1.23269  1.41190  1.44194  1.53008
                               OCCUPATION 
  1.00000  1.00000  1.00000  1.00000  1.00000  0.00000  0.00000  0.00000
  0.00000  0.00000  0.00000  0.00000  0.00000  0.00000  0.00000  0.00000
 NKP=  226  NGP=       290  K=(  0.38646  0.38646  0.38646)  WKP= 0.0009
                              EIGEN VALUE 
 -0.23301 -0.15501 -0.15501 -0.11153 -0.10751 -0.10751  0.14158  0.75466
  0.76429  0.76429  0.88255  0.88255  1.05600  1.47511  1.47511  1.58049
                               OCCUPATION 
  1.00000  1.00000  1.00000  1.00000  1.00000  1.00000  0.00000  0.00000
  0.00000  0.00000  0.00000  0.00000  0.00000  0.00000  0.00000  0.00000
 NKP=  227  NGP=       295  K=(  0.31619  0.45672  0.45672)  WKP= 0.0027
                              EIGEN VALUE 
 -0.22571 -0.15785 -0.15339 -0.12815 -0.10809 -0.06706  0.11818  0.64433
  0.74246  0.75467  0.90808  0.95685  1.11209  1.44880  1.51172  1.58217
                               OCCUPATION 
  1.00000  1.00000  1.00000  1.00000  1.00000  1.00000  0.00000  0.00000
  0.00000  0.00000  0.00000  0.00000  0.00000  0.00000  0.00000  0.00000
 NKP=  228  NGP=       296  K=(  0.24593  0.52698  0.52698)  WKP= 0.0027
                              EIGEN VALUE 
 -0.21291 -0.16569 -0.14709 -0.14557 -0.10818 -0.01500  0.10679  0.51663
  0.66385  0.72524  1.01040  1.04669  1.24375  1.40509  1.43755  1.51712
                               OCCUPATION 
  1.00000  1.00000  1.00000  1.00000  1.00000  0.00000  0.00000  0.00000
  0.00000  0.00000  0.00000  0.00000  0.00000  0.00000  0.00000  0.00000
 NKP=  229  NGP=       292  K=(  0.38646  0.38646  0.52698)  WKP= 0.0027
                              EIGEN VALUE 
 -0.22428 -0.15858 -0.15341 -0.12629 -0.10506 -0.05708  0.09847  0.66978
  0.70807  0.74060  0.93338  0.95055  1.10444  1.44618  1.57963  1.61946
                               OCCUPATION 
  1.00000  1.00000  1.00000  1.00000  1.00000  1.00000  0.00000  0.00000
  0.00000  0.00000  0.00000  0.00000  0.00000  0.00000  0.00000  0.00000
 NKP=  230  NGP=       296  K=(  0.31619  0.45672  0.59725)  WKP= 0.0027
                              EIGEN VALUE 
 -0.21611 -0.16386 -0.14899 -0.14066 -0.10618 -0.02143  0.09536  0.58877
  0.60635  0.78395  0.93023  1.07077  1.18965  1.41449  1.44920  1.62357
                               OCCUPATION 
  1.00000  1.00000  1.00000  1.00000  1.00000  0.00000  0.00000  0.00000
  0.00000  0.00000  0.00000  0.00000  0.00000  0.00000  0.00000  0.00000
 NKP=  231  NGP=       302  K=(  0.45672  0.45672  0.45672)  WKP= 0.0005
                              EIGEN VALUE 
 -0.22798 -0.15601 -0.15601 -0.10522 -0.10522 -0.07927  0.08917  0.74898
  0.76376  0.76376  0.86769  0.86769  1.05739  1.57950  1.57950  1.63757
                               OCCUPATION 
  1.00000  1.00000  1.00000  1.00000  1.00000  1.00000  0.00000  0.00000
  0.00000  0.00000  0.00000  0.00000  0.00000  0.00000  0.00000  0.00000
 
 QMDQMDQMDQMDQMDQMDQMDQMDQMDQMDQMDQMDQMDQMDQMDQMDQMDQMDQMDQMDQMDQMDQMDQM

 MD ITERATION NR.      1:014          TOTAL CPU TIME =     26.56 SECONDS

                       CONVERGED ENERGY AND FORCES 
   NIT     TotalEnergy     f_max     f_rms      edel      vdel      fdel
     1    -59.76558997  0.000000  0.000000  0.63D-11  0.59D-08  0.63D-11

    ATOM              COORDINATES                        FORCES
MD:    1
MD:    1 Cu   0.000000   0.000000   0.000000   0.00000 -0.00000  0.00000
 
CHGPRO:     0.0000      0.2966533419     -0.4892572074      0.1562081969
CHGPRO:     0.1520      0.2913589640     -0.4898026311      0.1511785063
CHGPRO:     0.3040      0.2760646313     -0.4914132942      0.1363273022
CHGPRO:     0.4560      0.2524270791     -0.4941985091      0.1123977249
CHGPRO:     0.6080      0.2229046112     -0.4981085254      0.0808433886
CHGPRO:     0.7600      0.1904186129     -0.5027472585      0.0440545678
CHGPRO:     0.9120      0.1579481619     -0.5074296686      0.0054836408
CHGPRO:     1.0640      0.1280783634     -0.5108939687     -0.0306549737
CHGPRO:     1.2160      0.1026069190     -0.5115783259     -0.0604935632
CHGPRO:     1.3680      0.0823255406     -0.5075536981     -0.0812305734
CHGPRO:     1.5200      0.0670703448     -0.4970800329     -0.0910831848
CHGPRO:     1.6720      0.0560563270     -0.4797820396     -0.0898039264
CHGPRO:     1.8240      0.0483276189     -0.4572645063     -0.0795300774
CHGPRO:     1.9760      0.0430694326     -0.4341969053     -0.0647345855
CHGPRO:     2.1280      0.0396918627     -0.4153202056     -0.0506833570
CHGPRO:     2.2800      0.0378054593     -0.4021995892     -0.0412067400
CHGPRO:     2.4320      0.0371979164     -0.3971028741     -0.0379364954
CHGPRO:     2.5839      0.0378054593     -0.4021995892     -0.0412067400
CHGPRO:     2.7359      0.0396918627     -0.4153202056     -0.0506833570
CHGPRO:     2.8879      0.0430694326     -0.4341969053     -0.0647345855
CHGPRO:     3.0399      0.0483276189     -0.4572645063     -0.0795300774
CHGPRO:     3.1919      0.0560563270     -0.4797820396     -0.0898039264
CHGPRO:     3.3439      0.0670703448     -0.4970800329     -0.0910831848
CHGPRO:     3.4959      0.0823255406     -0.5075536981     -0.0812305734
CHGPRO:     3.6479      0.1026069190     -0.5115783259     -0.0604935632
CHGPRO:     3.7999      0.1280783634     -0.5108939687     -0.0306549737
CHGPRO:     3.9519      0.1579481619     -0.5074296686      0.0054836408
CHGPRO:     4.1039      0.1904186129     -0.5027472585      0.0440545678
CHGPRO:     4.2559      0.2229046112     -0.4981085254      0.0808433886
CHGPRO:     4.4079      0.2524270791     -0.4941985091      0.1123977249
CHGPRO:     4.5599      0.2760646313     -0.4914132942      0.1363273022
CHGPRO:     4.7119      0.2913589640     -0.4898026311      0.1511785063

 *I* wavefunction data written in zaj.data

 *I* writing eko_l

 *I* writing fsr_l, fsi_l

 *I* potential data written in potential.data

           <<<  Atomic Charge >>>
  ia is   rd d_rd  Charge(1)  Charge(2)  Charge(3)
   1  1 2.30 0.10   9.836069  10.065158  10.301746

 ***********************************************************************
 *                                                                     *
 *                               TIMING                                *
 *                                                                     *
 ***********************************************************************
      SUBROUTINE        CALLS        TOTAL CPU TIME           <CPU TIME>
             SCF            1               25.1457              25.1457
          WF_Dav           15               24.3831               1.6255
     diagonalize        10395               17.7976               0.0017
        dav_hphi        10395                2.6402               0.0003
         fftw3c3        24024                2.1774               0.0001
           kbint            1                1.4052               1.4052
         swffftx        10395                1.0744               0.0001
         dav_mgs         6930                1.0130               0.0001
        swffftx2        10395                0.9663               0.0001
       dav_mgs_2         6930                0.7997               0.0001
         dav_hij        10395                0.4839               0.0000
 dav_band2g_hphi        10395                0.4729               0.0000
      dav_nonloc        10395                0.4315               0.0000
          Chgfft           14                0.3602               0.0257
  dav_residual_1         6930                0.3152               0.0000
          swffft         3234                0.3088               0.0001
         Writing            1                0.2569               0.2569
             Dos            2                0.2345               0.1173
    dav_residual         6930                0.2148               0.0000
    dav_nonloc_2        64305                0.2080               0.0000
      dav_sumset         6930                0.2025               0.0000
  dav_band2g_phi         3696                0.1826               0.0000
    dav_copy_fsr         3465                0.1650               0.0000
      dav_precon         6930                0.1418               0.0000
    dav_nonloc_3        64305                0.1174               0.0000
       dav_mgs_3         6930                0.1169               0.0000
    dav_sumset_2         6930                0.1062               0.0000
    dav_sumset_1         6930                0.0872               0.0000
       dav_mgs_1         6930                0.0818               0.0000
 dav_refresh_phi         3465                0.0618               0.0000
      xc_gga_chg           28                0.0615               0.0022
     fdchgq0_fft           14                0.0584               0.0042
    dav_nonloc_1        10395                0.0549               0.0000
      dav_grmsmd            1                0.0507               0.0507
           Force            1                0.0471               0.0471
           fd_vq           14                0.0390               0.0028
   fdchgq0_fft_1           14                0.0390               0.0028
           pspot            1                0.0354               0.0354
           Fermi           14                0.0354               0.0025
       dav_mgs_t          231                0.0308               0.0001
        fdforce0            1                0.0305               0.0305
 ***********************************************************************

 =======================================================================
 TASK                   CALLS        TOTAL CPU TIME           <CPU TIME>
 FFT SingleProc         24024                2.1909               0.0001
 FFT MPI                  344                0.0373               0.0001
 FFTW MPI1                 29                0.0030               0.0001
  
 ALLREDUCE               8651                0.0402               0.0000
 ALLREDUCE_G               48                0.0028               0.0001
 ALLREDUCE_K            52218                0.4815               0.0000
 ALLGATHERV                69                0.0033               0.0000
 ALLGATHERV_KG          10626                0.1384               0.0000
 ALLGATHERV_K            6930                0.0952               0.0000
 GATHERV                    2                0.0001               0.0000
 ALLTOALLV                193                0.0087               0.0000
 ALLTOALLV_KG           28875                0.8708               0.0000
 TOTAL TIME FOR COMMUNICATION                1.6411
 =======================================================================

 TOTAL CPU TIME:  00 HOURS 00 MINUTES 27.13 SECONDS

 PROGRAM STATE ENDED AT: Jul  1 11:50:07 2025
  
 HHHHHHHHHHHHHHHHHHHHHHHHHHHHHHHHHHHHHHHHHHHHHHHHHHHHHHHHHHHHHHHHH
 HHHHHHHHHHHHHHHHHHHHHHHHHHHHHHHHHHHHHHHHHHHHHHHHHHHHHHHHHHHHHHHHH
                           _______________________
     __________   _______/______v______v______v___]
    D          | |                                 |
    D   A A    | | Congratulations!                |  C( > < )D
  --  =(^.^)=  | |  The calculation has converged. |    = o =
 |     @@@@@   | |                                 |    (    )~
 /--=O=-+-=O=---+--=O=--+--==O==--+--==O==--+--=O=-+--=O=---=O=-/
  
 HHHHHHHHHHHHHHHHHHHHHHHHHHHHHHHHHHHHHHHHHHHHHHHHHHHHHHHHHHHHHHHHH
 HHHHHHHHHHHHHHHHHHHHHHHHHHHHHHHHHHHHHHHHHHHHHHHHHHHHHHHHHHHHHHHHH
